SIT,CNPJ_CIA,DENOM_SOCIAL,MUN,CD_CVM,DT_REG,DT_INI_SIT,SETOR_ATIV,CONTROLE_ACIONARIO,TP_ENDER,UF,CATEG_REG
SUSPENSO(A) - DECISÃO ADM,08.773.135/0001-00,2W ECOBANK S.A. - EM RECUPERAÇÃO JUDICIAL,SÃO PAULO,25224,2020-10-29 00:00:00,2026-05-19 00:00:00,Energia Elétrica,PRIVADO,SEDE,SP,Categoria A
CANCELADA,11.396.633/0001-87,3A COMPANHIA SECURITIZADORA,RIO DE JANEIRO,21954,2010-03-08 00:00:00,2015-12-18 00:00:00,Securitização de Recebíveis,PRIVADO,SEDE,RJ,Categoria B
ATIVO,01.547.749/0001-16,521 PARTICIPAÇOES S.A. - EM LIQUIDAÇÃO EXTRAJUDICIAL,RIO DE JANEIRO,16330,1997-07-11 00:00:00,1997-07-11 00:00:00,Emp. Adm. Part. - Energia Elétrica,PRIVADO,SEDE,RJ,Categoria B
ATIVO,01.851.771/0001-55,524 PARTICIPAÇOES SA,RIO DE JANEIRO,16284,1997-05-30 00:00:00,1997-05-30 00:00:00,Emp. Adm. Part. - Sem Setor Principal,PRIVADO,SEDE,RJ,Categoria A
CANCELADA,34.033.779/0001-63,ABN AMRO ARRENDAMENTO MERCANTIL SA,BARUERI,15270,1995-12-20 00:00:00,2009-09-30 00:00:00,Arrendamento Mercantil,PRIVADO,SEDE,SP,Categoria A
CANCELADA,07.794.351/0001-60,ABYARA PLANEJAMENTO IMOBILIÁRIO S/A,SÃO PAULO,20206,2006-07-24 00:00:00,2010-05-28 00:00:00,"Emp. Adm. Part. - Const. Civil, Mat. Const. e Decoração",PRIVADO,SEDE,SP,Categoria A
ATIVO,07.636.657/0001-99,ACO VERDE DO BRASIL S.A,AÇAILÂNDIA,26425,2021-11-29 00:00:00,2021-11-29 00:00:00,Metalurgia e Siderurgia,PRIVADO,SEDE,MA,Categoria B
CANCELADA,60.664.810/0001-74,AÇOS VILLARES SA,SÃO PAULO,108,1969-05-16 00:00:00,2010-12-30 00:00:00,Metalurgia e Siderurgia,ESTRANGEIRO,SEDE,SP,Categoria A
CANCELADA,07.825.881/0001-29,ACRUX SECURITIZADORA S/A,RIO DE JANEIRO,20230,2006-08-09 00:00:00,2016-02-04 00:00:00,Securitização de Recebíveis,PRIVADO,SEDE,RJ,Categoria B
CANCELADA,47.080.619/0001-17,AÇUCAR GUARANI S/A,OLÍMPIA,20940,2007-07-20 00:00:00,2010-08-13 00:00:00,"Agricultura (Açúcar, Álcool e Cana)",PRIVADO HOLDING,SEDE,SP,Categoria A
CANCELADA,10.345.009/0001-98,ADVANCED DIGITAL HEALTH MEDICINA PREVENTIVA S.A.,SÃO PAULO,21725,2009-06-24 00:00:00,2022-07-12 00:00:00,Farmacêutico e Higiene,ESTRANGEIRO,SEDE,SP,Categoria A
ATIVO,08.827.501/0001-58,AEGEA SANEAMENTO E PARTICIPAÇÕES S.A.,SÃO PAULO,23396,2014-05-21 00:00:00,2014-05-21 00:00:00,"Saneamento, Serv. Água e Gás",PRIVADO HOLDING,SEDE,SP,Categoria A
ATIVO,12.528.708/0001-07,AERIS IND. E COM. DE EQUIP. PARA GER. DE ENG. S.A.,CAUCAIA,25283,2020-11-09 00:00:00,2020-11-09 00:00:00,"Máquinas, Equipamentos, Veículos e Peças",PRIVADO,SEDE,CE,Categoria A
ATIVO,12.528.708/0001-07,AERIS IND. E COM. DE EQUIP. PARA GER. DE ENG. S.A.,CAUCAIA,25283,2020-11-09 00:00:00,2020-11-09 00:00:00,"Máquinas, Equipamentos, Veículos e Peças",PRIVADO,SEDE,CE,Categoria A
CANCELADA,01.917.705/0001-30,AES ELPA SA,BARUERI,19313,2002-10-14 00:00:00,2018-09-05 00:00:00,Emp. Adm. Part. - Energia Elétrica,PRIVADO HOLDING,SEDE,SP,Categoria A
CANCELADA,04.128.563/0001-10,AES TIETÊ ENERGIA S.A,SÃO PAULO,18970,2001-06-29 00:00:00,2021-05-13 00:00:00,Emp. Adm. Part. - Energia Elétrica,PRIVADO,SEDE,SP,Categoria A
CANCELADA,04.128.563/0001-10,AES TIETÊ ENERGIA S.A,SÃO PAULO,18970,2001-06-29 00:00:00,2021-05-13 00:00:00,Emp. Adm. Part. - Energia Elétrica,PRIVADO,SEDE,SP,Categoria A
CANCELADA,02.998.609/0001-27,AES TIETE SA,BARUERI,18350,1999-07-14 00:00:00,2015-10-26 00:00:00,Energia Elétrica,PRIVADO,SEDE,SP,Categoria A
CANCELADA,02.998.609/0001-27,AES TIETE SA,BARUERI,18350,1999-07-14 00:00:00,2015-10-26 00:00:00,Energia Elétrica,PRIVADO,SEDE,SP,Categoria A
CANCELADA,02.808.481/0001-91,AETATIS SECURITIZADORA S.A.,SÃO PAULO,18104,1998-12-17 00:00:00,2016-06-24 00:00:00,Securitização de Recebíveis,PRIVADO HOLDING,SEDE,SP,Categoria B
CANCELADA,07.620.094/0001-40,AFLUENTE GERAÇÃO DE ENERGIA ELÉTRICA S.A.,SÃO PAULO,20150,2006-07-12 00:00:00,2017-11-24 00:00:00,Energia Elétrica,PRIVADO,SEDE,SP,Categoria A
ATIVO,10.338.320/0001-00,AFLUENTE TRANSMISSÃO DE ENERGIA ELETRICA S/A,RIO DE JANEIRO,22179,2010-09-24 00:00:00,2010-09-24 00:00:00,Energia Elétrica,PRIVADO HOLDING,SEDE,RJ,Categoria A
CANCELADA,07.698.047/0001-10,AGRA EMPREENDIMENTOS IMOBILIÁRIOS S/A,SÃO PAULO,20664,2007-04-19 00:00:00,2010-05-28 00:00:00,"Construção Civil, Mat. Constr. e Decoração",PRIVADO,SEDE,SP,Categoria A
CANCELADA,11.040.082/0001-14,AGRE EMPREENDIMENTOS IMOBILIÁRIOS SA,SÃO PAULO,21911,2009-12-22 00:00:00,2010-07-19 00:00:00,"Construção Civil, Mat. Constr. e Decoração",PRIVADO,SEDE,SP,Categoria A
ATIVO,21.240.146/0001-84,AGROGALAXY PARTICIPAÇÕES S.A. - EM RECUPERAÇÃO JUDICIAL,GOIÂNIA,25658,2021-03-19 00:00:00,2021-03-19 00:00:00,Comércio (Atacado e Varejo),PRIVADO,SEDE,GO,Categoria A
ATIVO,27.157.474/0001-06,ÁGUAS DE TERESINA SANEAMENTO SPE S.A.,TERESINA,25615,2021-02-25 00:00:00,2021-02-25 00:00:00,"Saneamento, Serv. Água e Gás",PRIVADO,SEDE,PI,Categoria B
ATIVO,61.067.901/0001-95,ÁGUAS DO PARÁ A SPE S.A,BELÉM,27979,2026-01-15 00:00:00,2026-01-15 00:00:00,"Saneamento, Serv. Água e Gás",PRIVADO,SEDE,PA,Categoria B
ATIVO,61.067.902/0001-30,ÁGUAS DO PARÁ B SPE S.A.,BRAGANÇA,27960,2026-01-15 00:00:00,2026-01-15 00:00:00,"Saneamento, Serv. Água e Gás",PRIVADO,SEDE,PA,Categoria B
ATIVO,61.067.904/0001-29,ÁGUAS DO PARÁ D SPE S.A.,PARAUAPEBAS,27987,2026-01-15 00:00:00,2026-01-15 00:00:00,"Saneamento, Serv. Água e Gás",PRIVADO,SEDE,PA,Categoria B
ATIVO,42.310.775/0001-03,ÁGUAS DO RIO 1 SPE S.A.,RIO DE JANEIRO,26735,2022-03-30 00:00:00,2022-03-30 00:00:00,"Saneamento, Serv. Água e Gás",PRIVADO,SEDE,RJ,Categoria B
ATIVO,42.644.220/0001-06,ÁGUAS DO RIO 4 SPE S.A.,RIO DE JANEIRO,26743,2022-03-30 00:00:00,2022-03-30 00:00:00,"Saneamento, Serv. Água e Gás",PRIVADO,SEDE,RJ,Categoria B
ATIVO,45.456.117/0001-12,ÁGUAS DO SERTAO S.A.,PENEDO,27359,2023-11-03 00:00:00,2023-11-03 00:00:00,"Saneamento, Serv. Água e Gás",PRIVADO HOLDING,SEDE,AL,Categoria B
ATIVO,04.089.570/0001-50,AGUAS GUARIROBA S.A.,CAMPO GRANDE,23442,2014-08-06 00:00:00,2014-08-06 00:00:00,"Saneamento, Serv. Água e Gás",PRIVADO,SEDE,MS,Categoria B
CANCELADA,09.594.796/0001-22,AGV HOLDING S/A,VINHEDO,21806,2009-11-05 00:00:00,2014-03-10 00:00:00,Emp. Adm. Part. - Serviços Transporte e Logística,PRIVADO,SEDE,SP,Categoria B
ATIVO,23.438.929/0001-00,ALARES INTERNET PARTICIPAÇÕES S/A,SÃO PAULO,25194,2020-10-14 00:00:00,2020-10-14 00:00:00,Emp. Adm. Part. - Telecomunicações,PRIVADO,SEDE,SP,Categoria A
CANCELADA,08.240.673/0001-20,ALCALIS RIO GRANDE DO NORTE SA,MACAU,15067,1995-07-28 00:00:00,2010-01-04 00:00:00,Petroquímicos e Borracha,PRIVADO,SEDE,RN,Categoria A
ATIVO,17.167.396/0001-69,ALFA HOLDINGS S.A.,SÃO PAULO,9954,1977-07-20 00:00:00,1977-07-20 00:00:00,Emp. Adm. Part. - Intermediação Financeira,PRIVADO HOLDING,SEDE,SP,Categoria A
ATIVO,71.208.516/0001-74,ALGAR TELECOM S/A,UBERLÂNDIA,21032,2007-07-27 00:00:00,2007-07-27 00:00:00,Telecomunicações,PRIVADO,SEDE,MG,Categoria B
CANCELADA,06.082.980/0001-03,ALIANSCE SHOPPING CENTERS S/A,RIO DE JANEIRO,21300,2008-01-18 00:00:00,2019-08-05 00:00:00,Emp. Adm. Part. - Comércio (Atacado e Varejo),PRIVADO,SEDE,RJ,Categoria A
ATIVO,61.156.931/0001-78,ALIPERTI S.A.,SÃO PAULO,12823,1986-06-06 00:00:00,1986-06-06 00:00:00,"Emp. Adm. Part. - Agricultura (Açúcar, Álcool e Cana)",PRIVADO,SEDE,SP,Categoria A
CANCELADA,02.783.425/0001-40,ALIUM PARTICIPAÇÕES SA,RIO DE JANEIRO,18082,1998-12-10 00:00:00,2011-08-31 00:00:00,Emp. Adm. Part. - Sem Setor Principal,PRIVADO,SEDE,RJ,Categoria A
ATIVO,42.771.949/0001-35,ALLIANÇA SAÚDE E PARTICIPAÇÕES S.A.,SÃO PAULO,24058,2016-10-26 00:00:00,2016-10-26 00:00:00,Serviços Médicos,PRIVADO,SEDE,SP,Categoria A
ATIVO,20.247.322/0001-47,ALLIED TECNOLOGIA S.A.,SÃO PAULO,25330,2020-11-25 00:00:00,2020-11-25 00:00:00,Comércio (Atacado e Varejo),PRIVADO,SEDE,SP,Categoria A
ATIVO,20.247.322/0001-47,ALLIED TECNOLOGIA S.A.,SÃO PAULO,25330,2020-11-25 00:00:00,2020-11-25 00:00:00,Comércio (Atacado e Varejo),PRIVADO,SEDE,SP,Categoria A
CANCELADA,08.648.295/0001-19,ALLIS PARTICIPAÇÕES S.A.,SÃO PAULO,20850,2007-07-02 00:00:00,2015-08-26 00:00:00,Emp. Adm. Part. - Sem Setor Principal,PRIVADO HOLDING,SEDE,SP,Categoria A
ATIVO,05.878.397/0001-32,ALLOS S.A.,RIO DE JANEIRO,22357,2011-02-01 00:00:00,2011-02-01 00:00:00,Emp. Adm. Part. - Comércio (Atacado e Varejo),PRIVADO HOLDING,SEDE,RJ,Categoria A
ATIVO,05.878.397/0001-32,ALLOS S.A.,RIO DE JANEIRO,22357,2011-02-01 00:00:00,2011-02-01 00:00:00,Emp. Adm. Part. - Comércio (Atacado e Varejo),PRIVADO HOLDING,SEDE,RJ,Categoria A
ATIVO,60.537.263/0001-66,"ALLPARK EMPREENDIMENTOS, PARTICIPAÇÕES E SERVIÇOS S.A.",SÃO PAULO,24953,2020-05-13 00:00:00,2020-05-13 00:00:00,Serviços Transporte e Logística,PRIVADO,SEDE,SP,Categoria A
ATIVO,60.537.263/0001-66,"ALLPARK EMPREENDIMENTOS, PARTICIPAÇÕES E SERVIÇOS S.A.",SÃO PAULO,24953,2020-05-13 00:00:00,2020-05-13 00:00:00,Serviços Transporte e Logística,PRIVADO,SEDE,SP,Categoria A
ATIVO,82.120.676/0001-83,ALMEIDA JUNIOR SHOPPING CENTERS S.A.,SÃO PAULO,26395,2021-11-22 00:00:00,2021-11-22 00:00:00,Emp. Adm. Part. - Comércio (Atacado e Varejo),PRIVADO,SEDE,SP,Categoria A
ATIVO,61.079.117/0001-05,ALPARGATAS SA,SÃO PAULO,10456,1977-07-20 00:00:00,1977-07-20 00:00:00,Têxtil e Vestuário,PRIVADO,SEDE,SP,Categoria A
ATIVO,61.079.117/0001-05,ALPARGATAS SA,SÃO PAULO,10456,1977-07-20 00:00:00,1977-07-20 00:00:00,Têxtil e Vestuário,PRIVADO,SEDE,SP,Categoria A
CANCELADA,11.721.921/0001-60,ALPER CONSULTORIA E CORRETORA DE SEGUROS S.A.,SÃO PAULO,22217,2010-10-28 00:00:00,2024-09-23 00:00:00,Emp. Adm. Part. - Seguradoras e Corretoras,PRIVADO,SEDE,SP,Categoria A
ATIVO,16.811.931/0001-00,ALPHAVILLE S.A.,SÃO PAULO,25275,2020-11-05 00:00:00,2020-11-05 00:00:00,"Construção Civil, Mat. Constr. e Decoração",PRIVADO,SEDE,SP,Categoria A
CANCELADA,02.783.423/0001-50,ALTERE SECURITIZADORA S.A.,SÃO PAULO,18066,1998-12-10 00:00:00,2024-08-09 00:00:00,Securitização de Recebíveis,PRIVADO HOLDING,SEDE,SP,Categoria B
ATIVO,48.344.725/0007-19,ALTHAIA S.A. INDÚSTRIA FARMACÊUTICA,ATIBAIA,27030,2022-11-30 00:00:00,2022-11-30 00:00:00,Farmacêutico e Higiene,PRIVADO,SEDE,SP,Categoria B
CANCELADA,92.859.974/0001-43,ALTUS SISTEMA DE AUTOMAÇÃO S.A.,SÃO LEOPOLDO,23183,2013-07-02 00:00:00,2017-12-08 00:00:00,"Máquinas, Equipamentos, Veículos e Peças",PRIVADO,SEDE,RS,Categoria A
ATIVO,08.262.121/0001-13,ALUBAR METAIS E CABOS S.A.,BARCARENA,27430,2024-01-29 00:00:00,2024-01-29 00:00:00,Metalurgia e Siderurgia,PRIVADO,SEDE,PA,Categoria B
ATIVO,08.364.948/0001-38,ALUPAR INVESTIMENTO S/A,SÃO PAULO,21490,2008-06-18 00:00:00,2008-06-18 00:00:00,Emp. Adm. Part. - Energia Elétrica,PRIVADO,SEDE,SP,Categoria A
ATIVO,42.233.757/0001-75,ALVAREZ & MARSAL INVESTIMENTOS I S.A.,SÃO PAULO,26433,2021-11-30 00:00:00,2021-11-30 00:00:00,Emp. Adm. Part. - Sem Setor Principal,PRIVADO,SEDE,SP,Categoria A
CANCELADA,24.170.211/0001-30,AMALFI EMPREENDIMENTOS E PARTICIPAÇÕES S.A.,RIO DE JANEIRO,24503,2018-08-14 00:00:00,2018-11-05 00:00:00,Emp. Adm. Part. - Energia Elétrica,PRIVADO,SEDE,RJ,Categoria A
CANCELADA,38.543.489/0001-10,AMAZONE FUN PARKS S/A,PENHA,26930,2022-08-26 00:00:00,2023-06-16 00:00:00,Hospedagem e Turismo,ESTRANGEIRO HOLDING,SEDE,SC,Categoria B
ATIVO,07.526.557/0001-00,AMBEV S.A.,SÃO PAULO,23264,2013-10-30 00:00:00,2013-10-30 00:00:00,Bebidas e Fumo,ESTRANGEIRO HOLDING,SEDE,SP,Categoria A
ATIVO,07.526.557/0001-00,AMBEV S.A.,SÃO PAULO,23264,2013-10-30 00:00:00,2013-10-30 00:00:00,Bebidas e Fumo,ESTRANGEIRO HOLDING,SEDE,SP,Categoria A
ATIVO,12.648.266/0001-24,AMBIPAR PARTICIPAÇÕES E EMPREENDIMENTOS S.A.,SÃO PAULO,24961,2020-05-15 00:00:00,2020-05-15 00:00:00,"Saneamento, Serv. Água e Gás",PRIVADO,SEDE,SP,Categoria A
ATIVO,12.648.266/0001-24,AMBIPAR PARTICIPAÇÕES E EMPREENDIMENTOS S.A.,SÃO PAULO,24961,2020-05-15 00:00:00,2020-05-15 00:00:00,"Saneamento, Serv. Água e Gás",PRIVADO,SEDE,SP,Categoria A
ATIVO,00.776.574/0001-56,AMERICANAS S.A. - EM RECUPERAÇÃO JUDICIAL,RIO DE JANEIRO,20990,2007-07-26 00:00:00,2007-07-26 00:00:00,Comércio (Atacado e Varejo),PRIVADO,SEDE,RJ,Categoria A
ATIVO,00.776.574/0001-56,AMERICANAS S.A. - EM RECUPERAÇÃO JUDICIAL,RIO DE JANEIRO,20990,2007-07-26 00:00:00,2007-07-26 00:00:00,Comércio (Atacado e Varejo),PRIVADO,SEDE,RJ,Categoria A
CANCELADA,01.685.903/0001-16,AMERICEL SA,BRASÍLIA,16195,1997-03-26 00:00:00,2012-09-04 00:00:00,Telecomunicações,PRIVADO,SEDE,DF,Categoria A
CANCELADA,36.461.242/0001-20,AMIL PARTICIPAÇÕES S/A,RIO DE JANEIRO,21172,2007-10-24 00:00:00,2013-05-09 00:00:00,Serviços Médicos,PRIVADO HOLDING,SEDE,RJ,Categoria A
CANCELADA,03.494.776/0001-01,AMMO VAREJO S.A.,SÃO PAULO,26476,2021-12-14 00:00:00,2025-05-23 00:00:00,Emp. Adm. Part. - Têxtil e Vestuário,PRIVADO,SEDE,SP,Categoria A
ATIVO,33.050.071/0001-58,AMPLA ENERGIA E SERVIÇOS S.A.,RIO DE JANEIRO,3050,1969-08-15 00:00:00,1969-08-15 00:00:00,Energia Elétrica,ESTRANGEIRO,SEDE,RJ,Categoria A
CANCELADA,07.809.905/0001-56,AMPLA INVESTIMENTOS E SERVIÇOS S/A,NITERÓI,20214,2006-07-27 00:00:00,2012-05-23 00:00:00,Emp. Adm. Part. - Energia Elétrica,PRIVADO HOLDING,SEDE,RJ,Categoria A
CANCELADA,03.601.314/0001-38,ANDRADE GUTIERREZ CONCESSOES SA,BELO HORIZONTE,19437,2003-09-01 00:00:00,2018-12-31 00:00:00,Emp. Adm. Part. - Sem Setor Principal,PRIVADO,SEDE,MG,Categoria A
CANCELADA,04.031.960/0001-70,ANDRADE GUTIERREZ PARTICIPAÇÕES SA,BELO HORIZONTE,19062,2001-10-29 00:00:00,2019-08-12 00:00:00,Emp. Adm. Part. - Sem Setor Principal,PRIVADO HOLDING,SEDE,MG,Categoria A
CANCELADA,38.482.780/0001-26,ANEMUS WIND HOLDING S.A.,SÃO PAULO,26832,2022-06-08 00:00:00,2025-12-19 00:00:00,Energia Elétrica,PRIVADO,SEDE,SP,Categoria B
CANCELADA,04.310.392/0001-46,ANHANGUERA EDUCACIONAL PARTICIPAÇÕES S.A.,VALINHOS,18961,2001-06-08 00:00:00,2014-10-08 00:00:00,Emp. Adm. Part. - Educação,PRIVADO,SEDE,SP,Categoria A
ATIVO,09.288.252/0001-32,ANIMA HOLDING S/A,SÃO PAULO,23248,2013-10-24 00:00:00,2013-10-24 00:00:00,Educação,PRIVADO HOLDING,SEDE,SP,Categoria A
CANCELADA,11.197.023/0001-54,AQUA-RIO S/A,RIO DE JANEIRO,22101,2010-07-26 00:00:00,2012-06-26 00:00:00,Brinquedos e Lazer,PRIVADO,SEDE,RJ,Categoria B
CANCELADA,09.439.783/0001-89,ÁQUILLA SECURITIZADORA SA,SÃO PAULO,21512,2008-06-24 00:00:00,2021-03-16 00:00:00,Securitização de Recebíveis,PRIVADO,SEDE,SP,Categoria B
CANCELADA,15.914.972/0001-69,AR CAPITAL SECURITIES COMPANHIA SECURITIZADORA S.A.,PAULÍNIA,22950,2012-09-05 00:00:00,2018-12-04 00:00:00,Securitização de Recebíveis,PRIVADO,SEDE,SP,Categoria B
CANCELADA,42.157.511/0001-61,ARACRUZ CELULOSE S/A,ARACRUZ,434,1980-02-05 00:00:00,2009-12-31 00:00:00,Papel e Celulose,PRIVADO,SEDE,ES,Categoria A
ATIVO,14.127.813/0001-51,ARANDU INVESTIMENTOS S.A.,SÃO PAULO,25887,2021-05-13 00:00:00,2021-05-13 00:00:00,Emp. Adm. Part. - Intermediação Financeira,PRIVADO,SEDE,SP,Categoria A
CANCELADA,03.616.277/0001-31,ARAUCÁRIA PARTICIPAÇÕES SA,RIO DE JANEIRO,18651,2000-04-18 00:00:00,2014-11-14 00:00:00,Emp. Adm. Part. - Sem Setor Principal,PRIVADO,SEDE,RJ,Categoria A
ATIVO,24.624.551/0001-94,ARGO ENERGIA EMPREENDIMENTOS E PARTICIPAÇÕES S.A.,SÃO PAULO,24120,2017-04-24 00:00:00,2017-04-24 00:00:00,Emp. Adm. Part. - Energia Elétrica,PRIVADO HOLDING,SEDE,SP,Categoria B
ATIVO,24.624.490/0001-65,ARGO TRANSMISSÃO DE ENERGIA S.A.,SÃO PAULO,24210,2017-09-22 00:00:00,2017-09-22 00:00:00,Energia Elétrica,PRIVADO,SEDE,SP,Categoria B
ATIVO,20.514.590/0001-88,ARGO V TRANSMISSAO DE ENERGIA S.A.,SÃO PAULO,26662,2022-03-21 00:00:00,2022-03-21 00:00:00,Energia Elétrica,PRIVADO HOLDING,SEDE,SP,Categoria B
ATIVO,20.514.555/0001-69,ARGO VI TRANSMISSAO DE ENERGIA S.A.,SÃO PAULO,26670,2022-03-21 00:00:00,2022-03-21 00:00:00,Energia Elétrica,PRIVADO HOLDING,SEDE,SP,Categoria B
ATIVO,00.242.184/0001-04,"ARMAC LOCAÇÃO, LOGÍSTICA E SERVIÇOS S.A.",BARUERI,26069,2021-07-26 00:00:00,2021-07-26 00:00:00,Serviços Transporte e Logística,PRIVADO,SEDE,SP,Categoria A
ATIVO,00.242.184/0001-04,"ARMAC LOCAÇÃO, LOGÍSTICA E SERVIÇOS S.A.",BARUERI,26069,2021-07-26 00:00:00,2021-07-26 00:00:00,Serviços Transporte e Logística,PRIVADO,SEDE,SP,Categoria A
ATIVO,02.919.555/0001-67,ARTERIS S.A.,SÃO PAULO,19771,2005-07-06 00:00:00,2005-07-06 00:00:00,Serviços Transporte e Logística,ESTRANGEIRO,SEDE,SP,Categoria B
CANCELADA,92.189.356/0001-33,ARTHUR LANGE SA IND E COM,TURUÇU,574,1977-07-20 00:00:00,2011-01-04 00:00:00,Têxtil e Vestuário,PRIVADO,SEDE,RS,Categoria A
ATIVO,09.359.927/0001-97,ASA BRANCA HOLDING S.A.,SÃO PAULO,26514,2021-12-20 00:00:00,2021-12-20 00:00:00,Emp. Adm. Part. - Energia Elétrica,PRIVADO HOLDING,SEDE,SP,Categoria B
ATIVO,38.286.323/0001-66,ASSURUÁ 4 E 5 HOLDING ENERGIA S.A.,SÃO PAULO,27545,2024-07-15 00:00:00,2024-07-15 00:00:00,Emp. Adm. Part. - Energia Elétrica,PRIVADO HOLDING,SEDE,SP,Categoria B
CANCELADA,75.315.333/0001-09,ATACADÃO S.A.,SÃO PAULO,24171,2017-07-18 00:00:00,2025-12-22 00:00:00,Emp. Adm. Part. - Comércio (Atacado e Varejo),ESTRANGEIRO,SEDE,SP,Categoria B
CANCELADA,75.315.333/0001-09,ATACADÃO S.A.,SÃO PAULO,24171,2017-07-18 00:00:00,2025-12-22 00:00:00,Emp. Adm. Part. - Comércio (Atacado e Varejo),ESTRANGEIRO,SEDE,SP,Categoria B
CANCELADA,31.701.408/0001-14,ATHENA SAÚDE BRASIL S.A.,SÃO PAULO,25810,2021-05-11 00:00:00,2022-11-24 00:00:00,Emp. Adm. Part. - Serviços médicos,PRIVADO HOLDING,SEDE,SP,Categoria A
CANCELADA,13.720.918/0001-57,ATIVOS BRASILEIROS S.A.,CURITIBA,22918,2012-08-10 00:00:00,2016-01-07 00:00:00,Emp. Adm. Part. - Sem Setor Principal,PRIVADO,SEDE,PR,Categoria A
CANCELADA,12.610.165/0001-64,ATLETAS BRASILEIROS S/A,CURITIBA,22934,2012-09-03 00:00:00,2017-09-20 00:00:00,Brinquedos e Lazer,PRIVADO,SEDE,PR,Categoria A
ATIVO,23.994.857/0001-70,ATOM EDUCAÇÃO E EDITORA S.A.,SOROCABA,27677,2024-10-18 00:00:00,2024-10-18 00:00:00,Educação,PRIVADO,SEDE,SP,Categoria A
ATIVO,08.213.823/0001-07,AURA ALMAS MINERAÇÃO S.A.,SÃO PAULO,26590,2022-01-06 00:00:00,2022-01-06 00:00:00,Emp. Adm. Part. - Extração Mineral,PRIVADO,SEDE,SP,Categoria B
ATIVO,28.594.234/0001-23,AUREN ENERGIA S.A,SÃO PAULO,26620,2022-02-25 00:00:00,2022-02-25 00:00:00,Energia Elétrica,PRIVADO,SEDE,SP,Categoria A
ATIVO,28.594.234/0001-23,AUREN ENERGIA S.A,SÃO PAULO,26620,2022-02-25 00:00:00,2022-02-25 00:00:00,Energia Elétrica,PRIVADO,SEDE,SP,Categoria A
ATIVO,00.194.724/0001-13,AUREN OPERAÇÕES S.A.,BAURU,26174,2021-08-17 00:00:00,2021-08-17 00:00:00,Emp. Adm. Part. - Energia Elétrica,PRIVADO HOLDING,SEDE,SP,Categoria A
ATIVO,37.663.076/0001-07,AUREN PARTICIPAÇÕES S.A.,SÃO PAULO,25640,2021-03-18 00:00:00,2021-03-18 00:00:00,Energia Elétrica,PRIVADO HOLDING,SEDE,SP,Categoria B
CANCELADA,59.104.513/0001-95,AUTOMETAL S/A,DIADEMA,22381,2011-02-03 00:00:00,2014-10-14 00:00:00,"Máquinas, Equipamentos, Veículos e Peças",PRIVADO,SEDE,SP,Categoria A
ATIVO,35.654.688/0001-08,AUTOMOB PARTICIPAÇÕES S.A.,CUIABÁ,27707,2024-11-27 00:00:00,2024-11-27 00:00:00,Serviços Transporte e Logística,PRIVADO,SEDE,MT,Categoria A
CANCELADA,43.513.237/0001-89,AUTOMOB S.A.,MOGI DAS CRUZES,27413,2024-01-23 00:00:00,2024-12-31 00:00:00,Emp. Adm. Part. - Comércio (Atacado e Varejo),PRIVADO HOLDING,SEDE,SP,Categoria A
ATIVO,09.326.342/0001-70,AUTOPISTA FERNÃO DIAS SA,POUSO ALEGRE,21989,2010-03-29 00:00:00,2010-03-29 00:00:00,Serviços Transporte e Logística,PRIVADO HOLDING,SEDE,MG,Categoria B
ATIVO,09.324.949/0001-11,AUTOPISTA FLUMINENSE SA,NITERÓI,22004,2010-03-29 00:00:00,2010-03-29 00:00:00,Serviços Transporte e Logística,PRIVADO HOLDING,SEDE,RJ,Categoria B
ATIVO,09.313.969/0001-97,AUTOPISTA LITORAL SUL,SÃO JOSÉ DOS PINHAIS,21997,2010-03-29 00:00:00,2010-03-29 00:00:00,Serviços Transporte e Logística,PRIVADO HOLDING,SEDE,PR,Categoria B
ATIVO,09.325.109/0001-73,AUTOPISTA PLANALTO SUL SA,RIO NEGRO,21970,2010-03-29 00:00:00,2010-03-29 00:00:00,Serviços Transporte e Logística,PRIVADO HOLDING,SEDE,PR,Categoria B
ATIVO,09.336.431/0001-06,AUTOPISTA REGIS BITTENCOURT SA,REGISTRO,21962,2010-03-29 00:00:00,2010-03-29 00:00:00,Serviços Transporte e Logística,PRIVADO HOLDING,SEDE,SP,Categoria B
CANCELADA,02.679.185/0001-38,AUTOVIAS S/A,RIBEIRÃO PRETO,21822,2009-11-27 00:00:00,2019-09-16 00:00:00,Serviços Transporte e Logística,PRIVADO HOLDING,SEDE,SP,Categoria B
CANCELADA,27.956.690/0001-03,AUZZA SECURITIZADORA S. A.,CURITIBA,24333,2018-01-19 00:00:00,2026-05-07 00:00:00,Securitização de Recebíveis,PRIVADO HOLDING,SEDE,PR,Categoria B
CANCELADA,15.011.696/0001-29,AVAL SECURITIZADORA DE CREDITOS S.A.,CUIABÁ,23973,2016-08-08 00:00:00,2017-11-30 00:00:00,Securitização de Recebíveis,PRIVADO,SEDE,MT,Categoria B
ATIVO,00.357.038/0001-16,AXIA ENERGIA NORTE S.A.,BRASÍLIA,27472,2024-05-24 00:00:00,2024-05-24 00:00:00,Energia Elétrica,PRIVADO,SEDE,DF,Categoria B
ATIVO,00.001.180/0001-26,AXIA ENERGIA S.A.,RIO DE JANEIRO,2437,1971-01-28 00:00:00,1971-01-28 00:00:00,Emp. Adm. Part. - Energia Elétrica,ESTATAL,SEDE,RJ,Categoria A
ATIVO,02.016.507/0001-69,AXIA ENERGIA SUL S.A.,FLORIANÓPOLIS,27480,2024-05-24 00:00:00,2024-05-24 00:00:00,Energia Elétrica,PRIVADO,SEDE,SC,Categoria B
ATIVO,52.017.473/0001-03,AZEVEDO & TRAVASSOS ENERGIA S.A.,SÃO PAULO,27626,2024-09-06 00:00:00,2024-09-06 00:00:00,Petróleo e Gás,PRIVADO,SEDE,SP,Categoria A
ATIVO,61.351.532/0001-68,AZEVEDO & TRAVASSOS SA,SÃO PAULO,11975,1984-08-20 00:00:00,1984-08-20 00:00:00,"Construção Civil, Mat. Constr. e Decoração",PRIVADO,SEDE,SP,Categoria A
ATIVO,09.305.994/0001-29,AZUL S.A.,BARUERI,24112,2017-04-07 00:00:00,2017-04-07 00:00:00,Emp. Adm. Part. - Serviços Transporte e Logística,PRIVADO,SEDE,SP,Categoria A
ATIVO,16.590.234/0001-76,AZZAS 2154 S.A.,BELO HORIZONTE,22349,2011-01-31 00:00:00,2011-01-31 00:00:00,Têxtil e Vestuário,PRIVADO,SEDE,MG,Categoria A
ATIVO,52.270.350/0001-71,B100 S.A.,SÃO PAULO,27634,2024-09-11 00:00:00,2024-09-11 00:00:00,Intermediação Financeira,PRIVADO,SEDE,SP,Categoria A
ATIVO,09.346.601/0001-25,"B3 S.A. - BRASIL, BOLSA, BALCÃO",SÃO PAULO,21610,2008-08-11 00:00:00,2008-08-11 00:00:00,Bolsas de Valores/Mercadorias e Futuros,PRIVADO,SEDE,SP,Categoria A
ATIVO,09.346.601/0001-25,"B3 S.A. - BRASIL, BOLSA, BALCÃO",SÃO PAULO,21610,2008-08-11 00:00:00,2008-08-11 00:00:00,Bolsas de Valores/Mercadorias e Futuros,PRIVADO,SEDE,SP,Categoria A
CANCELADA,04.781.143/0001-39,BAESA-ENERGETICA BARRA GRANDE SA,PINHAL DA SERRA,19607,2004-09-29 00:00:00,2016-04-29 00:00:00,Energia Elétrica,PRIVADO,SEDE,RS,Categoria B
CANCELADA,09.462.852/0001-75,BALADARE PARTICIPAÇÕES S/A,SÃO PAULO,21571,2008-07-31 00:00:00,2010-05-27 00:00:00,Emp. Adm. Part. - Sem Setor Principal,PRIVADO HOLDING,SEDE,SP,Categoria A
ATIVO,28.195.667/0001-06,BANCO ABC BRASIL S/A,SÃO PAULO,20958,2007-07-23 00:00:00,2007-07-23 00:00:00,Bancos,ESTRANGEIRO,SEDE,SP,Categoria A
CANCELADA,10.664.513/0001-50,BANCO AGIBANK S.A.,PORTO ALEGRE,24465,2018-06-21 00:00:00,2019-01-18 00:00:00,Intermediação Financeira,PRIVADO,SEDE,RS,Categoria A
CANCELADA,60.770.336/0001-65,BANCO ALFA DE INVESTIMENTO S.A.,SÃO PAULO,1384,1977-07-20 00:00:00,2024-03-28 00:00:00,Bancos,PRIVADO,SEDE,SP,Categoria A
CANCELADA,15.124.464/0001-87,BANCO BESA SA,SÃO PAULO,1244,1977-07-20 00:00:00,2023-04-10 00:00:00,Bancos,PRIVADO,SEDE,SP,Categoria A
ATIVO,61.186.680/0001-74,BANCO BMG S/A,SÃO PAULO,24600,2018-12-17 00:00:00,2018-12-17 00:00:00,Bancos,PRIVADO,SEDE,SP,Categoria A
CANCELADA,33.147.315/0001-15,BANCO BRADESCO BERJ S.A.,RIO DE JANEIRO,1201,1977-07-20 00:00:00,2012-06-11 00:00:00,Bancos,PRIVADO,SEDE,RJ,Categoria A
ATIVO,60.746.948/0001-12,BANCO BRADESCO S.A.,OSASCO,906,1977-07-20 00:00:00,1977-07-20 00:00:00,Bancos,PRIVADO,SEDE,SP,Categoria A
ATIVO,30.306.294/0001-45,BANCO BTG PACTUAL S/A,RIO DE JANEIRO,22616,2011-11-10 00:00:00,2011-11-10 00:00:00,Bancos,PRIVADO,SEDE,RJ,Categoria A
ATIVO,04.902.979/0001-44,BANCO DA AMAZÔNIA S.A.,BELÉM,922,1977-07-20 00:00:00,1977-07-20 00:00:00,Bancos,ESTATAL,SEDE,PA,Categoria A
ATIVO,62.232.889/0001-90,BANCO DAYCOVAL S.A.,SÃO PAULO,20796,2007-06-27 00:00:00,2007-06-27 00:00:00,Bancos,PRIVADO,SEDE,SP,Categoria B
ATIVO,00.000.000/0001-91,BANCO DO BRASIL S.A.,BRASÍLIA,1023,1977-07-20 00:00:00,1977-07-20 00:00:00,Bancos,ESTATAL,SEDE,DF,Categoria A
ATIVO,13.009.717/0001-46,BANCO DO ESTADO DE SERGIPE SA,ARACAJU,1120,1977-07-20 00:00:00,1977-07-20 00:00:00,Bancos,ESTATAL,SEDE,SE,Categoria A
ATIVO,04.913.711/0001-08,BANCO DO ESTADO DO PARÁ S/A.,BELÉM,1171,1977-07-20 00:00:00,1977-07-20 00:00:00,Bancos,ESTATAL,SEDE,PA,Categoria A
ATIVO,92.702.067/0001-96,BANCO DO ESTADO DO RIO GRANDE DO SUL SA,PORTO ALEGRE,1210,1977-07-20 00:00:00,1977-07-20 00:00:00,Bancos,ESTATAL,SEDE,RS,Categoria A
ATIVO,07.237.373/0001-20,BANCO DO NORDESTE DO BRASIL SA,FORTALEZA,1228,1977-07-20 00:00:00,1977-07-20 00:00:00,Bancos,ESTATAL,SEDE,CE,Categoria A
CANCELADA,53.518.684/0001-84,Banco HSBC S.A.,SÃO PAULO,19755,2005-06-06 00:00:00,2015-09-14 00:00:00,Arrendamento Mercantil,PRIVADO,SEDE,SP,Categoria B
CANCELADA,31.895.683/0001-16,BANCO INDUSTRIAL DO BRASIL,SÃO PAULO,21377,2008-03-07 00:00:00,2018-11-14 00:00:00,Bancos,PRIVADO,SEDE,SP,Categoria B
CANCELADA,00.416.968/0001-01,BANCO INTER S.A.,BELO HORIZONTE,24406,2018-04-26 00:00:00,2022-12-02 00:00:00,Bancos,PRIVADO,SEDE,MG,Categoria A
ATIVO,17.184.037/0001-10,BANCO MERCANTIL BRASIL SA,BELO HORIZONTE,1325,1977-07-20 00:00:00,1977-07-20 00:00:00,Bancos,PRIVADO,SEDE,MG,Categoria A
ATIVO,34.169.557/0001-72,BANCO MERCANTIL DE INVESTIMENTOS S.A.,BELO HORIZONTE,1309,1977-07-20 00:00:00,1977-07-20 00:00:00,Bancos,PRIVADO,SEDE,MG,Categoria A
CANCELADA,30.723.886/0001-62,BANCO MODAL S.A.,SÃO PAULO,25755,2021-04-28 00:00:00,2023-07-31 00:00:00,Bancos,PRIVADO,SEDE,SP,Categoria A
CANCELADA,17.157.777/0001-67,BANCO NACIONAL S.A. - EM LIQUIDAÇÃO EXTRAJUDICIAL,RIO DE JANEIRO,1350,1977-07-20 00:00:00,2025-05-15 00:00:00,Bancos,PRIVADO,SEDE,RJ,Categoria A
CANCELADA,43.073.394/0001-10,BANCO NOSSA CAIXA S/A,SÃO PAULO,19828,2005-10-14 00:00:00,2009-11-30 00:00:00,Bancos,ESTATAL,SEDE,SP,Categoria A
CANCELADA,59.285.411/0001-13,BANCO PAN SA,SÃO PAULO,21199,2007-11-12 00:00:00,2026-03-30 00:00:00,Bancos,PRIVADO,SEDE,SP,Categoria A
ATIVO,62.144.175/0001-20,BANCO PINE S/A,SÃO PAULO,20567,2007-03-27 00:00:00,2007-03-27 00:00:00,Bancos,PRIVADO,SEDE,SP,Categoria A
ATIVO,62.307.848/0001-15,BANCO RCI BRASIL S.A.,CURITIBA,21466,2008-04-29 00:00:00,2008-04-29 00:00:00,Bancos,ESTRANGEIRO,SEDE,PR,Categoria B
ATIVO,90.400.888/0001-42,BANCO SANTANDER (BRASIL) S.A.,SÃO PAULO,20532,2007-03-02 00:00:00,2007-03-02 00:00:00,Bancos,ESTRANGEIRO HOLDING,SEDE,SP,Categoria A
CANCELADA,60.889.128/0001-80,BANCO SOFISA SA,SÃO PAULO,20680,2007-04-26 00:00:00,2016-11-24 00:00:00,Bancos,PRIVADO,SEDE,SP,Categoria A
CANCELADA,61.024.352/0001-71,BANCO VOITER S.A.,SÃO PAULO,20885,2007-07-10 00:00:00,2021-02-10 00:00:00,Bancos,PRIVADO,SEDE,SP,Categoria A
ATIVO,28.127.603/0001-78,BANESTES SA BANCO DO ESTADO DO ESPIRITO SANTO,VITÓRIA,1155,1977-07-20 00:00:00,1977-07-20 00:00:00,Bancos,ESTATAL,SEDE,ES,Categoria A
CANCELADA,07.450.604/0001-89,BANK OF CHINA (BRASIL) BANCO MÚLTIPLO S.A.,SÃO PAULO,21113,2007-09-17 00:00:00,2015-10-19 00:00:00,Bancos,PRIVADO,SEDE,SP,Categoria A
CANCELADA,92.721.232/0001-57,BANRISUL ARMAZENS GERAIS SA,CANOAS,15822,1996-10-18 00:00:00,2024-06-25 00:00:00,Serviços Transporte e Logística,PRIVADO,SEDE,RS,Categoria A
CANCELADA,92.692.979/0001-24,BANRISUL S.A.  ADMINISTRADORA DE CONSÓRCIOS,PORTO ALEGRE,15130,1995-11-29 00:00:00,2010-12-17 00:00:00,Bancos,ESTATAL,SEDE,RS,Categoria A
CANCELADA,92.934.215/0001-06,BANRISUL SOLUÇÕES EM PAGAMENTOS S.A. - INSTITUIÇÃO DE PAGAMENTO,CANOAS,24554,2018-09-27 00:00:00,2022-11-07 00:00:00,Bancos,ESTATAL,SEDE,RS,Categoria A
CANCELADA,10.809.341/0001-66,BAPTISTA DA SILVA PARTICIPAÇÕES E PROJETOS SA,RECIFE,12033,1984-10-30 00:00:00,2010-01-04 00:00:00,Emp. Adm. Part. - Sem Setor Principal,PRIVADO,SEDE,PE,Categoria A
ATIVO,60.851.615/0001-53,BARDELLA S.A. INDUSTRIAS MECANICAS - EM RECUPERAÇÃO JUDICIAL,SOROCABA,1520,1969-11-26 00:00:00,1969-11-26 00:00:00,"Máquinas, Equipamentos, Veículos e Peças",PRIVADO,SEDE,SP,Categoria A
CANCELADA,10.608.405/0001-60,BARI SECURITIZADORA S.A.,SÃO PAULO,21920,2009-12-29 00:00:00,2022-06-01 00:00:00,Securitização de Recebíveis,PRIVADO,SEDE,SP,Categoria B
CANCELADA,15.125.339/0001-91,BARRETTO ARAUJO PROD CACAU SA,SALVADOR,11894,1984-05-16 00:00:00,2010-01-04 00:00:00,Alimentos,PRIVADO,SEDE,BA,Categoria A
CANCELADA,35.082.277/0001-95,BASE SECURITIZADORA DE CRÉDITOS IMOBILIÁRIOS S.A.,SÃO PAULO,24970,2020-05-21 00:00:00,2022-06-30 00:00:00,Securitização de Recebíveis,PRIVADO,SEDE,SP,Categoria B
CANCELADA,09.462.140/0001-56,BASEL PARTICIPAÇÕES S/A,SÃO PAULO,21601,2008-08-07 00:00:00,2017-09-22 00:00:00,Emp. Adm. Part. - Sem Setor Principal,PRIVADO HOLDING,SEDE,SP,Categoria A
ATIVO,61.374.161/0001-30,BAUMER SA,MOGI MIRIM,1562,1970-05-20 00:00:00,1970-05-20 00:00:00,Metalurgia e Siderurgia,PRIVADO,SEDE,SP,Categoria A
ATIVO,17.344.597/0001-94,BB SEGURIDADE PARTICIPAÇÕES S.A.,BRASÍLIA,23159,2013-04-25 00:00:00,2013-04-25 00:00:00,Emp. Adm. Part. - Seguradoras e Corretoras,ESTATAL,SEDE,DF,Categoria A
ATIVO,01.107.327/0001-20,BBM LOGÍSTICA S.A.,SÃO JOSÉ DOS PINHAIS,24660,2019-02-27 00:00:00,2019-02-27 00:00:00,Serviços Transporte e Logística,PRIVADO,SEDE,PR,Categoria A
ATIVO,01.107.327/0001-20,BBM LOGÍSTICA S.A.,SÃO JOSÉ DOS PINHAIS,24660,2019-02-27 00:00:00,2019-02-27 00:00:00,Serviços Transporte e Logística,PRIVADO,SEDE,PR,Categoria A
CANCELADA,19.276.528/0001-16,BCBF PARTICIPAÇÕES S.A.,SÃO PAULO,24775,2019-09-16 00:00:00,2023-05-25 00:00:00,Emp. Adm. Part. - Serviços médicos,PRIVADO,SEDE,SP,Categoria B
CANCELADA,01.608.571/0001-76,BELAPART SA,RIO DE JANEIRO,16233,1997-04-23 00:00:00,2017-05-26 00:00:00,Emp. Adm. Part. - Crédito Imobiliário,PRIVADO HOLDING,SEDE,RJ,Categoria A
ATIVO,26.845.702/0001-60,BELÉM TRANSMISSORA DE ENERGIA S.A.,RIO DE JANEIRO,24457,2018-06-14 00:00:00,2018-06-14 00:00:00,Energia Elétrica,PRIVADO,SEDE,RJ,Categoria B
CANCELADA,14.200.618/0001-00,BELEZA PARTICIPAÇÕES SA,SÃO PAULO,22632,2011-12-12 00:00:00,2018-09-25 00:00:00,Emp. Adm. Part. - Sem Setor Principal,PRIVADO HOLDING,SEDE,SP,Categoria A
ATIVO,52.805.925/0001-03,BELORA RDVC CITY DESENVOLVIMENTO IMOBILIÁRIO S.A.,SÃO PAULO,27570,2024-07-25 00:00:00,2024-07-25 00:00:00,"Construção Civil, Mat. Constr. e Decoração",PRIVADO HOLDING,SEDE,SP,Categoria A
CANCELADA,82.373.077/0001-71,BEMATECH  S/A,SÃO JOSÉ DOS PINHAIS,20656,2007-04-17 00:00:00,2016-02-16 00:00:00,Comunicação e Informática,PRIVADO,SEDE,PR,Categoria A
ATIVO,09.042.817/0001-05,BEMOBI MOBILE TECH S.A.,RIO DE JANEIRO,25500,2021-02-08 00:00:00,2021-02-08 00:00:00,Comunicação e Informática,PRIVADO,SEDE,RJ,Categoria A
CANCELADA,09.400.937/0001-29,BERNA PARTICIPAÇÕES SA,SÃO PAULO,21563,2008-07-31 00:00:00,2014-08-11 00:00:00,Emp. Adm. Part. - Sem Setor Principal,PRIVADO HOLDING,SEDE,SP,Categoria A
CANCELADA,00.510.570/0001-21,BESC SA ARRENDAMENTO MERCANTIL,SÃO JOSÉ,15040,1995-09-19 00:00:00,2010-04-13 00:00:00,Arrendamento Mercantil,ESTATAL,SEDE,SC,Categoria A
CANCELADA,07.021.459/0001-10,BETA SECURITIZADORA S/A,SÃO PAULO,19747,2005-05-11 00:00:00,2019-10-30 00:00:00,Securitização de Recebíveis,ESTRANGEIRO,SEDE,SP,Categoria B
ATIVO,02.762.124/0001-30,BETAPART PARTICIPAÇÕES SA,RIO DE JANEIRO,17884,1998-11-06 00:00:00,1998-11-12 00:00:00,Emp. Adm. Part. - Crédito Imobiliário,PRIVADO HOLDING,SEDE,RJ,Categoria A
CANCELADA,43.425.008/0001-02,BFB LEASING S.A. ARRENDAMENTO MERCANTIL,SÃO PAULO,14052,1992-12-01 00:00:00,2012-05-24 00:00:00,Arrendamento Mercantil,PRIVADO,SEDE,SP,Categoria B
CANCELADA,04.987.555/0001-20,BGPAR SA,SÃO PAULO,19500,2004-01-06 00:00:00,2011-10-26 00:00:00,Emp. Adm. Part. - Sem Setor Principal,PRIVADO,SEDE,SP,Categoria B
CANCELADA,08.723.106/0001-25,BHG S.A. - BRAZIL HOSPITALITY GROUP,RIO DE JANEIRO,20907,2007-07-12 00:00:00,2015-07-13 00:00:00,Emp. Adm. Part. - Hospedagem e Turismo,PRIVADO,SEDE,RJ,Categoria A
CANCELADA,07.112.325/0001-05,BI CIA SECURITIZADORA DE CREDITOS IMOBILIARIOS,SÃO PAULO,19704,2005-04-18 00:00:00,2018-05-30 00:00:00,Securitização de Recebíveis,PRIVADO,SEDE,SP,Categoria B
ATIVO,56.992.423/0001-90,BICICLETAS MONARK SA,INDAIATUBA,1694,1971-12-01 00:00:00,1971-12-01 00:00:00,Brinquedos e Lazer,PRIVADO,SEDE,SP,Categoria A
ATIVO,45.987.245/0001-92,BIOMA EDUCAÇÃO S.A.,SÃO PAULO,701,1974-01-02 00:00:00,1974-01-02 00:00:00,Emp. Adm. Part. - Educação,PRIVADO,SEDE,SP,Categoria A
ATIVO,04.752.991/0001-10,BIOMM SA,NOVA LIMA,19305,2002-08-19 00:00:00,2002-08-19 00:00:00,Farmacêutico e Higiene,PRIVADO,SEDE,MG,Categoria A
ATIVO,04.069.709/0001-02,BIONEXO S.A.,SÃO PAULO,25925,2021-06-02 00:00:00,2021-06-02 00:00:00,Comunicação e Informática,PRIVADO,SEDE,SP,Categoria A
CANCELADA,15.527.906/0001-36,BIOSEV S.A.,SÃO PAULO,22845,2012-07-12 00:00:00,2021-06-25 00:00:00,"Agricultura (Açúcar, Álcool e Cana)",ESTRANGEIRO HOLDING,SEDE,SP,Categoria A
ATIVO,58.430.828/0001-60,BLAU FARMACÊUTICA S.A.,COTIA,24627,2019-01-11 00:00:00,2019-01-11 00:00:00,Farmacêutico e Higiene,PRIVADO,SEDE,SP,Categoria A
ATIVO,58.430.828/0001-60,BLAU FARMACÊUTICA S.A.,COTIA,24627,2019-01-11 00:00:00,2019-01-11 00:00:00,Farmacêutico e Higiene,PRIVADO,SEDE,SP,Categoria A
SUSPENSO(A) - DECISÃO ADM,60.637.238/0001-54,BLUE TECH SOLUTIONS EQI S.A.,SÃO PAULO,12319,1985-03-14 00:00:00,2025-06-05 00:00:00,Alimentos,PRIVADO,SEDE,SP,Categoria A
ATIVO,24.921.465/0001-43,BLUEFIT ACADEMIAS DE GINÁSTICA E PARTICIPAÇÕES S.A,SÃO PAULO,26204,2021-09-23 00:00:00,2021-09-23 00:00:00,Brinquedos e Lazer,PRIVADO,SEDE,SP,Categoria A
CANCELADA,20.451.953/0001-83,BLUM COMPANHIA DE SECURITIZAÇÃO DE CRÉDITOS S.A,BARUERI,23760,2015-11-11 00:00:00,2022-06-01 00:00:00,Securitização de Recebíveis,PRIVADO,SEDE,SP,Categoria B
CANCELADA,34.265.561/0001-34,BMG LEASING S.A. -  ARREND. MERCANTIL,SÃO PAULO,1724,1980-12-05 00:00:00,2019-08-12 00:00:00,Arrendamento Mercantil,PRIVADO,SEDE,SP,Categoria A
ATIVO,00.383.281/0001-09,BNDES PARTICIPAÇÕES S.A. - BNDESPAR,BRASÍLIA,16772,1998-01-13 00:00:00,1998-01-13 00:00:00,Emp. Adm. Part. - Sem Setor Principal,ESTATAL,SEDE,DF,Categoria B
ATIVO,10.807.374/0001-77,BOA SAFRA SEMENTES S.A,FORMOSA,25704,2021-04-19 00:00:00,2021-04-19 00:00:00,Alimentos,PRIVADO,SEDE,GO,Categoria A
CANCELADA,11.725.176/0001-27,BOA VISTA SERVIÇOS S.A.,BARUERI,25135,2020-09-28 00:00:00,2023-10-18 00:00:00,Comunicação e Informática,PRIVADO,SEDE,SP,Categoria A
CANCELADA,10.894.123/0001-77,BOLERO PARTICIPAÇÕES SA,RIO DE JANEIRO,22039,2010-05-27 00:00:00,2015-06-18 00:00:00,Emp. Adm. Part. - Sem Setor Principal,PRIVADO,SEDE,RJ,Categoria B
CANCELADA,00.257.846/0001-01,BOMBRIL HOLDING SA,SÃO BERNARDO DO CAMPO,15334,1996-01-12 00:00:00,2011-08-18 00:00:00,Emp. Adm. Part. - Sem Setor Principal,PRIVADO,SEDE,SP,Categoria A
ATIVO,50.564.053/0001-03,BOMBRIL S.A. - EM RECUPERAÇÃO JUDICIAL,SÃO BERNARDO DO CAMPO,12190,1984-09-26 00:00:00,1984-09-26 00:00:00,Farmacêutico e Higiene,PRIVADO,SEDE,SP,Categoria A
ATIVO,02.117.801/0001-67,BONAIRE PARTICIPAÇÕES S.A.- EM LIQUIDAÇÃO,RIO DE JANEIRO,16560,1997-11-03 00:00:00,1997-11-03 00:00:00,Emp. Adm. Part. - Energia Elétrica,PRIVADO,SEDE,RJ,Categoria A
ATIVO,87.870.952/0001-44,BORRACHAS VIPAL S.A.,NOVA PRATA,26980,2022-10-21 00:00:00,2022-10-21 00:00:00,Petroquímicos e Borracha,PRIVADO,SEDE,RS,Categoria A
CANCELADA,61.087.581/0001-35,BOTUCATU TÊXTIL S. A.,BOTUCATU,10987,1982-06-02 00:00:00,2012-07-09 00:00:00,Têxtil e Vestuário,PRIVADO,SEDE,SP,Categoria A
CANCELADA,15.483.430/0001-89,BPMB I PARTICIPAÇÕES S.A.,SÃO PAULO,23108,2013-03-22 00:00:00,2015-09-15 00:00:00,Emp. Adm. Part. - Sem Setor Principal,PRIVADO HOLDING,SEDE,SP,Categoria A
CANCELADA,11.102.250/0001-59,BR HOME CENTERS S.A.,GOIÂNIA,23710,2015-09-30 00:00:00,2019-11-08 00:00:00,"Construção Civil, Mat. Constr. e Decoração",PRIVADO,SEDE,GO,Categoria A
ATIVO,06.977.745/0001-91,BR MALLS PARTICIPAÇOES S.A.,RIO DE JANEIRO,19909,2006-01-04 00:00:00,2006-01-04 00:00:00,Emp. Adm. Part. - Comércio (Atacado e Varejo),PRIVADO HOLDING,SEDE,RJ,Categoria B
ATIVO,06.977.745/0001-91,BR MALLS PARTICIPAÇOES S.A.,RIO DE JANEIRO,19909,2006-01-04 00:00:00,2006-01-04 00:00:00,Emp. Adm. Part. - Comércio (Atacado e Varejo),PRIVADO HOLDING,SEDE,RJ,Categoria B
CANCELADA,06.977.751/0001-49,BR PROPERTIES S.A.,SÃO PAULO,19925,2006-01-04 00:00:00,2023-12-20 00:00:00,Emp. Adm. Part. - Sem Setor Principal,PRIVADO,SEDE,SP,Categoria A
CANCELADA,06.977.751/0001-49,BR PROPERTIES S.A.,SÃO PAULO,19925,2006-01-04 00:00:00,2023-12-20 00:00:00,Emp. Adm. Part. - Sem Setor Principal,PRIVADO,SEDE,SP,Categoria A
CANCELADA,14.206.371/0001-39,BR TOWERS SPE1 S.A.,SÃO PAULO,23205,2013-09-20 00:00:00,2018-12-05 00:00:00,"Máquinas, Equipamentos, Veículos e Peças",PRIVADO,SEDE,SP,Categoria B
ATIVO,47.509.120/0001-82,BRADESCO LEASING S.A. - ARRENDAMENTO MERCANTIL,OSASCO,19640,2004-11-24 00:00:00,2004-11-24 00:00:00,Arrendamento Mercantil,PRIVADO,SEDE,SP,Categoria B
ATIVO,03.847.461/0001-92,BRADESPAR S/A,SÃO PAULO,18724,2000-08-07 00:00:00,2000-08-07 00:00:00,Emp. Adm. Part. - Extração Mineral,PRIVADO HOLDING,SEDE,SP,Categoria A
ATIVO,58.119.199/0001-51,BRADSAÚDE S.A.,BARUERI,20125,2006-06-13 00:00:00,2006-06-13 00:00:00,Serviços Médicos,PRIVADO,SEDE,SP,Categoria A
CANCELADA,04.833.448/0001-47,BRASIL BELEM HOTEIS E TURISMO SA,BELÉM,1937,1974-08-08 00:00:00,2010-01-04 00:00:00,Hospedagem e Turismo,PRIVADO,SEDE,PA,Categoria A
ATIVO,09.478.309/0001-66,BRASIL BIOFUELS S.A.,SÃO JOÃO DA BALIZA,27375,2023-12-15 00:00:00,2023-12-15 00:00:00,Energia Elétrica,PRIVADO,SEDE,RR,Categoria B
CANCELADA,12.610.764/0001-88,BRASIL PLURAL SECURITIZADORA S.A.,SÃO PAULO,22233,2010-11-09 00:00:00,2018-04-30 00:00:00,Securitização de Recebíveis,PRIVADO HOLDING,SEDE,SP,Categoria B
CANCELADA,13.483.537/0001-00,BRASIL SECURITIZADORA S.A.,GUARAMIRIM,24287,2017-12-12 00:00:00,2021-07-09 00:00:00,Securitização de Recebíveis,PRIVADO,SEDE,SC,Categoria B
ATIVO,35.764.708/0001-01,BRASIL TECNOLOGIA E PARTICIPAÇÕES S.A.,SÃO PAULO,27499,2024-05-27 00:00:00,2024-05-27 00:00:00,Telecomunicações,PRIVADO,SEDE,SP,Categoria B
CANCELADA,13.776.362/0001-10,BRASIL TRAVEL TURISMO E PARTICIPAÇÕES S/A,SÃO PAULO,22705,2012-01-30 00:00:00,2012-09-03 00:00:00,Emp. Adm. Part. - Hospedagem e Turismo,PRIVADO HOLDING,SEDE,SP,Categoria A
ATIVO,07.628.528/0001-59,BRASILAGRO CIA BRAS DE PROP AGRICOLAS,SÃO PAULO,20036,2006-04-25 00:00:00,2006-04-25 00:00:00,"Agricultura (Açúcar, Álcool e Cana)",ESTRANGEIRO,SEDE,SP,Categoria A
CANCELADA,08.773.191/0001-36,BRASILIANA PARTICIPAÇÕES S.A.,SÃO PAULO,23930,2016-06-23 00:00:00,2025-01-08 00:00:00,Emp. Adm. Part. - Energia Elétrica,PRIVADO,SEDE,SP,Categoria A
ATIVO,42.150.391/0001-70,BRASKEM S.A.,CAMAÇARI,4820,1978-12-18 00:00:00,1978-12-18 00:00:00,Petroquímicos e Borracha,PRIVADO,SEDE,BA,Categoria A
CANCELADA,61.084.984/0001-20,BRASMOTOR SA,SÃO PAULO,1970,1969-08-08 00:00:00,2016-12-22 00:00:00,"Máquinas, Equipamentos, Veículos e Peças",ESTRANGEIRO,SEDE,SP,Categoria A
ATIVO,12.091.809/0001-55,BRAVA ENERGIA S.A.,RIO DE JANEIRO,25291,2020-11-09 00:00:00,2020-11-09 00:00:00,Petróleo e Gás,PRIVADO,SEDE,RJ,Categoria A
ATIVO,12.091.809/0001-55,BRAVA ENERGIA S.A.,RIO DE JANEIRO,25291,2020-11-09 00:00:00,2020-11-09 00:00:00,Petróleo e Gás,PRIVADO,SEDE,RJ,Categoria A
CANCELADA,10.826.798/0001-89,BRAZAL - BRASIL ALIMENTOS S.A.,SÃO PAULO,21865,2009-12-11 00:00:00,2016-08-30 00:00:00,Emp. Adm. Part. - Comércio (Atacado e Varejo),PRIVADO,SEDE,SP,Categoria A
ATIVO,14.292.540/0001-09,"BRAZIL TOWER, CESSÃO DE INFRA-ESTRUTURAS S.A",NOVA LIMA,27316,2023-09-04 00:00:00,2023-09-04 00:00:00,Telecomunicações,PRIVADO HOLDING,SEDE,MG,Categoria B
CANCELADA,02.762.113/0001-50,BRAZILIAN FINANCE & REAL ESTATE S.A.,SÃO PAULO,17922,1998-11-10 00:00:00,2024-08-16 00:00:00,Emp. Adm. Part. - Crédito Imobiliário,PRIVADO,SEDE,SP,Categoria B
CANCELADA,03.767.538/0001-14,BRAZILIAN SECURITIES CIA SECURITIZAÇÃO,SÃO PAULO,18759,2000-09-04 00:00:00,2026-03-11 00:00:00,Securitização de Recebíveis,PRIVADO,SEDE,SP,Categoria B
ATIVO,00.000.208/0001-00,BRB BANCO DE BRASILIA SA,BRASÍLIA,14206,1993-09-24 00:00:00,1993-09-24 00:00:00,Bancos,ESTATAL,SEDE,DF,Categoria A
ATIVO,10.739.356/0001-03,BRBI BR PARTNERS S.A,SÃO PAULO,25860,2021-05-13 00:00:00,2021-05-13 00:00:00,Emp. Adm. Part. - Bancos,PRIVADO,SEDE,SP,Categoria A
CANCELADA,08.653.753/0001-08,BRC SECURITIZADORA SA,SÃO PAULO,20672,2007-04-20 00:00:00,2020-06-29 00:00:00,Securitização de Recebíveis,PRIVADO,SEDE,SP,Categoria B
ATIVO,01.838.723/0001-27,BRF S.A.,ITAJAÍ,16292,1997-06-24 00:00:00,1997-06-24 00:00:00,Emp. Adm. Part. - Alimentos,PRIVADO,SEDE,SC,Categoria B
CANCELADA,19.796.586/0001-70,BRISANET PARTICIPAÇÕES S.A.,PEREIRO,26085,2021-07-27 00:00:00,2024-12-04 00:00:00,Emp. Adm. Part. - Telecomunicações,PRIVADO,SEDE,CE,Categoria A
ATIVO,04.601.397/0001-28,BRISANET SERVIÇOS DE TELECOMUNICAÇÕES S.A.,PEREIRO,27693,2024-11-05 00:00:00,2024-11-05 00:00:00,Telecomunicações,PRIVADO,SEDE,CE,Categoria A
ATIVO,39.580.673/0001-01,BRK AMBIENTAL - REGIÃO METROPOLITANA DE MACEIÓ S.A.,MACEIÓ,26999,2022-11-07 00:00:00,2022-11-07 00:00:00,"Emp. Adm. Part. - Saneamento, Serv. Água e Gás",PRIVADO,SEDE,AL,Categoria B
ATIVO,24.396.489/0001-20,BRK AMBIENTAL PARTICIPAÇÕES S.A.,SÃO PAULO,24830,2019-10-22 00:00:00,2019-10-22 00:00:00,"Emp. Adm. Part. - Saneamento, Serv. Água e Gás",PRIVADO,SEDE,SP,Categoria A
CANCELADA,07.700.557/0001-84,BROOKFIELD INCORPORAÇÕES S.A.,RIO DE JANEIRO,20265,2006-09-11 00:00:00,2016-08-24 00:00:00,"Emp. Adm. Part. - Const. Civil, Mat. Const. e Decoração",PRIVADO HOLDING,SEDE,RJ,Categoria B
CANCELADA,58.877.812/0001-08,BROOKFIELD SÃO PAULO EMPREENDIMENTOS IMOBILIÁRIOS S.A.,SÃO PAULO,19046,2001-09-03 00:00:00,2012-06-14 00:00:00,"Emp. Adm. Part. - Const. Civil, Mat. Const. e Decoração",PRIVADO,SEDE,SP,Categoria B
CANCELADA,07.088.416/0001-52,BRPR 45 SECURITZADORA CRED IMOB SA,SÃO PAULO,19895,2005-12-22 00:00:00,2017-11-14 00:00:00,Securitização de Recebíveis,PRIVADO,SEDE,SP,Categoria B
CANCELADA,04.800.265/0001-25,BRPR 51 SECURITZADORA CRED IMOB SA,SÃO PAULO,19372,2003-03-24 00:00:00,2015-10-05 00:00:00,Securitização de Recebíveis,PRIVADO,SEDE,SP,Categoria B
CANCELADA,07.033.882/0001-30,BRPR 52 SECURITZADORA CRED IMOB SA,SÃO PAULO,19976,2006-02-17 00:00:00,2015-11-03 00:00:00,Securitização de Recebíveis,PRIVADO,SEDE,SP,Categoria B
CANCELADA,04.370.082/0001-17,BRPR 53 SECURITZADORA CRED IMOB SA,SÃO PAULO,19380,2003-05-08 00:00:00,2016-09-13 00:00:00,Securitização de Recebíveis,PRIVADO,SEDE,SP,Categoria B
CANCELADA,07.710.591/0001-30,BRPR 55 SECURITZADORA CRED IMOB SA,SÃO PAULO,19941,2006-01-26 00:00:00,2019-04-08 00:00:00,Securitização de Recebíveis,PRIVADO,SEDE,SP,Categoria B
CANCELADA,06.137.677/0001-52,BRPR 56 SECURITZADORA CRED IMOB SA,SÃO PAULO,19984,2006-02-22 00:00:00,2021-04-13 00:00:00,Securitização de Recebíveis,PRIVADO HOLDING,SEDE,SP,Categoria B
ATIVO,36.542.025/0001-64,BRQ SOLUÇÕES EM INFORMÁTICA S.A.,BARUERI,23817,2016-01-11 00:00:00,2016-01-11 00:00:00,Comunicação e Informática,PRIVADO,SEDE,SP,Categoria A
ATIVO,36.542.025/0001-64,BRQ SOLUÇÕES EM INFORMÁTICA S.A.,BARUERI,23817,2016-01-11 00:00:00,2016-01-11 00:00:00,Comunicação e Informática,PRIVADO,SEDE,SP,Categoria A
CANCELADA,09.462.890/0001-28,BRT HOLDING 1 SA,SÃO PAULO,21580,2008-07-31 00:00:00,2014-12-17 00:00:00,Emp. Adm. Part. - Telecomunicações,PRIVADO HOLDING,SEDE,SP,Categoria A
ATIVO,04.065.053/0001-41,BRZ EMPREENDIMENTOS E CONSTRUÇÕES S.A.,CAMPINAS,27391,2023-12-27 00:00:00,2023-12-27 00:00:00,"Construção Civil, Mat. Constr. e Decoração",PRIVADO,SEDE,SP,Categoria A
CANCELADA,03.468.802/0001-19,BRZ INVESTIMENTOS S/A,SÃO PAULO,21415,2008-03-27 00:00:00,2011-07-20 00:00:00,Emp. Adm. Part.-Bolsas de Valores/Mercadorias e Futuros,ESTRANGEIRO HOLDING,SEDE,SP,Categoria A
CANCELADA,10.603.674/0001-34,BS&C EMPREENDIMENTOS E PARTICIPAÇÕES S.A.,SÃO PAULO,23779,2015-11-19 00:00:00,2016-06-14 00:00:00,Alimentos,PRIVADO HOLDING,SEDE,SP,Categoria A
CANCELADA,03.820.456/0001-96,BSB ENERGÉTICA S.A.,BELO HORIZONTE,26883,2022-07-13 00:00:00,2026-03-12 00:00:00,Emp. Adm. Part. - Energia Elétrica,PRIVADO HOLDING,SEDE,MG,Categoria B
CANCELADA,11.257.352/0001-43,BSI CAPITAL SECURITIZADORA S.A.,SÃO PAULO,23132,2013-04-17 00:00:00,2023-12-08 00:00:00,Securitização de Recebíveis,PRIVADO,SEDE,SP,Categoria B
ATIVO,04.626.426/0001-06,BTG PACTUAL COMMODITIES SERTRADING S.A.,VITÓRIA,27774,2025-01-31 00:00:00,2025-01-31 00:00:00,Comércio (Atacado e Varejo),PRIVADO,SEDE,ES,Categoria B
CANCELADA,07.110.438/0001-71,BTG PACTUAL HOLDING PARTICIPAÇÕES S.A.,RIO DE JANEIRO,19690,2005-04-14 00:00:00,2015-06-24 00:00:00,Securitização de Recebíveis,PRIVADO,SEDE,RJ,Categoria B
CANCELADA,21.948.105/0001-47,BTGI QUARTZO PARTICIPAÇÕES S.A.,SÃO PAULO,23850,2016-02-19 00:00:00,2024-11-04 00:00:00,Emp. Adm. Part. - Sem Setor Principal,PRIVADO HOLDING,SEDE,SP,Categoria A
CANCELADA,21.976.510/0001-79,BTGI SAFIRA PARTICIPAÇÕES S.A.,SÃO PAULO,23841,2016-02-19 00:00:00,2024-11-04 00:00:00,Emp. Adm. Part. - Sem Setor Principal,PRIVADO HOLDING,SEDE,SP,Categoria A
CANCELADA,86.047.198/0001-84,BUDDEMEYER S/A,SÃO BENTO DO SUL,19801,2005-10-05 00:00:00,2011-04-29 00:00:00,Têxtil e Vestuário,PRIVADO,SEDE,SC,Categoria B
CANCELADA,82.981.812/0001-20,BUETTNER SA IND E COMÉRCIO,BRUSQUE,2038,1969-02-27 00:00:00,2018-05-30 00:00:00,Têxtil e Vestuário,PRIVADO,SEDE,SC,Categoria A
CANCELADA,01.858.774/0001-10,BV LEASING - ARRENDAMENTO MERCANTIL S/A,SÃO PAULO,20133,2006-06-23 00:00:00,2020-06-04 00:00:00,Arrendamento Mercantil,PRIVADO,SEDE,SP,Categoria B
ATIVO,45.242.914/0001-05,C&A MODAS S.A.,BARUERI,24848,2019-10-24 00:00:00,2019-10-24 00:00:00,Têxtil e Vestuário,PRIVADO,SEDE,SP,Categoria A
ATIVO,04.030.182/0001-02,CABINDA PARTICIPAÇÕES SA,SÃO PAULO,19119,2001-10-29 00:00:00,2001-10-29 00:00:00,Emp. Adm. Part. - Sem Setor Principal,PRIVADO HOLDING,SEDE,SP,Categoria A
ATIVO,05.336.882/0001-84,CACHOEIRA PAULISTA TRANSMISSORA DE ENERGIA SA,RIO DE JANEIRO,22683,2011-12-19 00:00:00,2011-12-19 00:00:00,Energia Elétrica,PRIVADO HOLDING,SEDE,RJ,Categoria B
CANCELADA,20.933.354/0001-04,CACHOEIRA VELONORTE,CACHOEIRA DA PRATA,4111,1969-08-22 00:00:00,2016-07-08 00:00:00,Têxtil e Vestuário,PRIVADO,SEDE,MG,Categoria A
ATIVO,04.031.213/0001-31,CACONDE PARTICIPAÇÕES SA,SÃO PAULO,19135,2001-10-29 00:00:00,2001-10-29 00:00:00,Emp. Adm. Part. - Sem Setor Principal,PRIVADO HOLDING,SEDE,SP,Categoria A
CANCELADA,25.869.736/0001-21,CAFE SOLUVEL BRASILIA SA,RIO DE JANEIRO,2062,1977-07-20 00:00:00,2014-12-18 00:00:00,Alimentos,PRIVADO,SEDE,RJ,Categoria A
ATIVO,04.038.763/0001-82,CAIANDA PARTICIPAÇÕES SA,SÃO PAULO,19097,2001-10-29 00:00:00,2001-10-29 00:00:00,Emp. Adm. Part. - Sem Setor Principal,PRIVADO HOLDING,SEDE,SP,Categoria A
ATIVO,00.979.969/0001-56,CAIXA ADM DIV PUB ESTADUAL SA,PORTO ALEGRE,15717,1996-09-04 00:00:00,1996-09-04 00:00:00,Intermediação Financeira,ESTATAL,SEDE,RS,Categoria B
CANCELADA,34.020.354/0001-10,CAIXA SEGURADORA SA,BRASÍLIA,15687,1996-08-19 00:00:00,2011-04-11 00:00:00,Seguradoras e Corretoras,ESTRANGEIRO HOLDING,SEDE,DF,Categoria A
ATIVO,22.543.331/0001-00,CAIXA SEGURIDADE PARTICIPAÇÕES S.A.,BRASÍLIA,23795,2015-12-17 00:00:00,2015-12-17 00:00:00,Emp. Adm. Part. - Seguradoras e Corretoras,ESTATAL,SEDE,DF,Categoria A
CANCELADA,67.203.208/0001-89,CAMARGO CORREA DESENVOLVIMENTO  IMOBILIARIO SA,SÃO PAULO,20486,2007-01-29 00:00:00,2012-10-19 00:00:00,"Construção Civil, Mat. Constr. e Decoração",PRIVADO,SEDE,SP,Categoria A
ATIVO,61.088.894/0001-08,CAMBUCI SA,SÃO ROQUE,2100,1985-01-05 00:00:00,1985-01-05 00:00:00,Têxtil e Vestuário,PRIVADO,SEDE,SP,Categoria A
ATIVO,64.904.295/0001-03,CAMIL ALIMENTOS S/A,SÃO PAULO,24228,2017-09-26 00:00:00,2017-09-26 00:00:00,Alimentos,PRIVADO HOLDING,SEDE,SP,Categoria A
ATIVO,47.815.827/0001-17,CAMINHOS DA SERRA GAUCHA S/A,FARROUPILHA,27871,2025-08-04 00:00:00,2025-08-04 00:00:00,Serviços Transporte e Logística,PRIVADO,SEDE,RS,Categoria B
CANCELADA,41.811.375/0001-19,CANAL COMPANHIA DE SECURITIZAÇÃO,SÃO PAULO,26212,2021-09-28 00:00:00,2022-06-01 00:00:00,Securitização de Recebíveis,PRIVADO,SEDE,SP,Categoria B
ATIVO,41.096.674/0001-19,CANTU STORE S.A.,SÃO PAULO,26646,2022-03-17 00:00:00,2022-03-17 00:00:00,Emp. Adm. Part. - Comércio (Atacado e Varejo),PRIVADO,SEDE,SP,Categoria A
CANCELADA,15.229.110/0001-05,CAPITALE SECURITIZADORA DE CREDITO S.A.,CURITIBA,23353,2014-03-07 00:00:00,2022-06-30 00:00:00,Securitização de Recebíveis,PRIVADO,SEDE,PR,Categoria B
ATIVO,02.591.787/0001-39,CAPITALPART PARTICIPAÇÕES SA,SÃO PAULO,17493,1998-07-09 00:00:00,2021-11-11 00:00:00,Emp. Adm. Part. - Telecomunicações,PRIVADO HOLDING,SEDE,SP,Categoria A
CANCELADA,15.224.488/0001-08,CARAIBA METAIS SA,DIAS D'ÁVILA,13722,1990-12-12 00:00:00,2009-11-13 00:00:00,Metalurgia e Siderurgia,PRIVADO,SEDE,BA,Categoria A
ATIVO,00.080.671/0001-00,CARAMURU ALIMENTOS S.A.,ITUMBIARA,26190,2021-09-15 00:00:00,2025-10-09 00:00:00,Alimentos,PRIVADO,SEDE,GO,Categoria A
ATIVO,07.253.321/0001-47,CARBOMIL SA MINER. E INDUSTRIA,FORTALEZA,14168,1993-07-27 00:00:00,1993-07-27 00:00:00,Extração Mineral,PRIVADO,SEDE,CE,Categoria B
CANCELADA,25.633.934/0001-91,CARFEPE SA - ADMINISTRADORA E PARTICIPADORA,UBERLÂNDIA,2135,1977-07-20 00:00:00,2010-01-04 00:00:00,Emp. Adm. Part. - Sem Setor Principal,PRIVADO HOLDING,SEDE,MG,Categoria A
CANCELADA,07.573.058/0001-73,CARIRI INDUSTRIAL DE OLEOS SA,JUAZEIRO DO NORTE,2143,1977-07-20 00:00:00,2010-05-07 00:00:00,Alimentos,PRIVADO,SEDE,CE,Categoria A
CANCELADA,31.468.139/0001-98,CASA DE PEDRA SECURITIZADORA DE CRÉDITO S.A.,SÃO PAULO,24643,2019-02-13 00:00:00,2022-06-01 00:00:00,Securitização de Recebíveis,PRIVADO,SEDE,SP,Categoria B
CANCELADA,00.027.742/0001-00,CBCC PARTICIPAÇÕES SA,RIO DE JANEIRO,17728,1998-08-24 00:00:00,2010-11-16 00:00:00,Emp. Adm. Part. - Sem Setor Principal,PRIVADO,SEDE,RJ,Categoria A
ATIVO,14.882.295/0001-81,CBO HOLDING S.A.,NITERÓI,23620,2015-06-11 00:00:00,2015-06-11 00:00:00,Emp. Adm. Part. - Petróleo e Gás,PRIVADO,SEDE,RJ,Categoria A
CANCELADA,69.720.910/0001-45,CCB BRASIL ARRENDAMENTO MERCANTIL S/A,SÃO PAULO,15121,1995-11-16 00:00:00,2021-08-17 00:00:00,Arrendamento Mercantil,PRIVADO,SEDE,SP,Categoria B
CANCELADA,07.950.674/0001-04,CCX CARVÃO DA COLOMBIA S.A. - EM LIQUIDAÇÃO,RIO DE JANEIRO,20184,2006-07-19 00:00:00,2024-09-24 00:00:00,Emp. Adm. Part. - Extração Mineral,PRIVADO HOLDING,SEDE,RJ,Categoria A
CANCELADA,79.655.916/0001-30,CECRISA REVESTIMENTOS CERAMICOS SA,CRICIÚMA,15610,1996-06-21 00:00:00,2012-03-13 00:00:00,"Construção Civil, Mat. Constr. e Decoração",PRIVADO,SEDE,SC,Categoria B
ATIVO,02.201.787/0001-85,CEL PARTICIPAÇÕES S.A. - CELPAR,RIO DE JANEIRO,16675,1997-12-01 00:00:00,1997-12-01 00:00:00,Emp. Adm. Part. - Educação,PRIVADO,SEDE,RJ,Categoria B
ATIVO,31.001.230/0001-07,CELEO REDES TRANSMISSÃO DE ENERGIA S.A.,RIO DE JANEIRO,24597,2018-12-12 00:00:00,2018-12-12 00:00:00,Emp. Adm. Part. - Energia Elétrica,PRIVADO,SEDE,RJ,Categoria B
CANCELADA,61.086.823/0001-76,CELM CIA EQUIP LABS MODERNOS,BARUERI,2402,1972-04-05 00:00:00,2011-01-04 00:00:00,"Máquinas, Equipamentos, Veículos e Peças",PRIVADO,SEDE,SP,Categoria A
CANCELADA,07.844.087/0001-22,CEMAG SA,FORTALEZA,13013,1986-09-16 00:00:00,2010-01-04 00:00:00,"Máquinas, Equipamentos, Veículos e Peças",PRIVADO,SEDE,CE,Categoria A
ATIVO,93.828.986/0001-73,CEMEPE INVESTIMENTOS SA,RIO DE JANEIRO,13854,1991-06-28 00:00:00,1991-06-28 00:00:00,Emp. Adm. Part. - Sem Setor Principal,PRIVADO HOLDING,SEDE,RJ,Categoria A
ATIVO,06.981.180/0001-16,CEMIG DISTRIBUIÇÃO S/A,BELO HORIZONTE,20303,2006-09-25 00:00:00,2006-09-25 00:00:00,Energia Elétrica,ESTATAL,SEDE,MG,Categoria B
ATIVO,06.981.176/0001-58,CEMIG GERAÇÃO E TRANSMISSÃO S/A,BELO HORIZONTE,20320,2006-10-10 00:00:00,2006-10-10 00:00:00,Energia Elétrica,ESTATAL,SEDE,MG,Categoria B
CANCELADA,02.983.428/0001-27,CEMIG TELECOMUNICAÇÕES S/A,BELO HORIZONTE,18716,2000-07-31 00:00:00,2018-03-31 00:00:00,Telecomunicações,ESTATAL,SEDE,MG,Categoria B
CANCELADA,39.346.861/0350-38,CENCOSUD BRASIL COMERCIAL S.A.,SÃO PAULO,26530,2021-12-22 00:00:00,2025-01-16 00:00:00,Comércio (Atacado e Varejo),ESTRANGEIRO,SEDE,SP,Categoria A
CANCELADA,07.949.970/0001-87,CENTENNIAL ASSET PART. MINAS-RIO S/A,RIO DE JANEIRO,20176,2006-07-19 00:00:00,2013-11-11 00:00:00,Emp. Adm. Part. - Extração Mineral,PRIVADO HOLDING,SEDE,RJ,Categoria A
CANCELADA,08.835.366/0001-92,CENTENNIAL ASSET PARTICIPAÇÕES AÇU SA,RIO DE JANEIRO,21245,2007-12-11 00:00:00,2014-03-24 00:00:00,Emp. Adm. Part. - Serviços Transporte e Logística,PRIVADO,SEDE,RJ,Categoria A
ATIVO,83.878.892/0001-55,CENTRAIS ELETRICAS DE SANTA CATARINA S.A,FLORIANÓPOLIS,2461,1973-03-26 00:00:00,1973-03-26 00:00:00,Energia Elétrica,ESTATAL,SEDE,SC,Categoria A
CANCELADA,09.866.294/0001-03,CENTRO HOSPITALAR  ALBERT SABIN SA,RECIFE,15318,1996-01-08 00:00:00,2010-01-04 00:00:00,Serviços Médicos,PRIVADO,SEDE,PE,Categoria A
CANCELADA,02.555.926/0001-79,CENTROVIAS-SISTEMAS RODOVIARIOS S/A,ITIRAPINA,21857,2009-11-27 00:00:00,2019-12-23 00:00:00,Serviços Transporte e Logística,PRIVADO HOLDING,SEDE,SP,Categoria B
CANCELADA,52.736.840/0001-10,CERAMICA CHIARELLI SA - EM RECUPERAÇÃO JUDICIAL,MOGI GUAÇU,2488,1973-04-03 00:00:00,2016-11-30 00:00:00,"Construção Civil, Mat. Constr. e Decoração",PRIVADO,SEDE,SP,Categoria A
CANCELADA,41.534.746/0001-62,CERES SECURITIZADORA S.A.,UBERABA,26220,2021-09-29 00:00:00,2022-06-01 00:00:00,Securitização de Recebíveis,PRIVADO,SEDE,MG,Categoria B
ATIVO,08.322.396/0001-03,CERRADINHO BIOENERGIA S.A.,CHAPADÃO DO CÉU,26522,2021-12-21 00:00:00,2021-12-21 00:00:00,"Agricultura (Açúcar, Álcool e Cana)",PRIVADO,SEDE,GO,Categoria A
ATIVO,60.933.603/0001-78,CESP - COMPANHIA ENERGÉTICA DE SÃO PAULO,SÃO PAULO,2577,1971-09-27 00:00:00,1971-09-27 00:00:00,Energia Elétrica,PRIVADO,SEDE,SP,Categoria B
ATIVO,60.933.603/0001-78,CESP - COMPANHIA ENERGÉTICA DE SÃO PAULO,SÃO PAULO,2577,1971-09-27 00:00:00,1971-09-27 00:00:00,Energia Elétrica,PRIVADO,SEDE,SP,Categoria B
CANCELADA,09.358.105/0001-91,CETIP S.A. - MERCADOS ORGANIZADOS,RIO DE JANEIRO,21792,2009-10-26 00:00:00,2017-07-03 00:00:00,Intermediação Financeira,PRIVADO,SEDE,RJ,Categoria A
CANCELADA,09.358.105/0001-91,CETIP S.A. - MERCADOS ORGANIZADOS,RIO DE JANEIRO,21792,2009-10-26 00:00:00,2017-07-03 00:00:00,Intermediação Financeira,PRIVADO,SEDE,RJ,Categoria A
ATIVO,19.014.221/0001-47,CHINA THREE GORGES BRASIL ENERGIA S.A.,SÃO PAULO,27103,2023-02-23 00:00:00,2023-02-23 00:00:00,Energia Elétrica,PRIVADO,SEDE,SP,Categoria A
CANCELADA,58.128.174/0001-14,CIA BANDEIRANTES ARMS GERAIS,SÃO PAULO,2810,1977-07-20 00:00:00,2011-05-20 00:00:00,Serviços Transporte e Logística,PRIVADO,SEDE,SP,Categoria A
CANCELADA,78.588.415/0001-15,CIA CACIQUE CAFE SOLUVEL,LONDRINA,2909,1977-07-20 00:00:00,2015-03-23 00:00:00,Alimentos,PRIVADO,SEDE,PR,Categoria A
ATIVO,82.508.433/0001-17,CIA CAT. DE ÁGUAS E SANEAMENTO - CASAN,FLORIANÓPOLIS,16861,1998-02-06 00:00:00,1998-02-06 00:00:00,"Saneamento, Serv. Água e Gás",ESTATAL,SEDE,SC,Categoria A
CANCELADA,09.123.654/0001-87,CIA DE AGUA E ESGOTO DA PARAIBA,JOÃO PESSOA,19968,2006-02-17 00:00:00,2011-06-24 00:00:00,"Saneamento, Serv. Água e Gás",ESTATAL,SEDE,PB,Categoria B
ATIVO,15.139.629/0001-94,CIA DE ELETRICIDADE DO ESTADO DA BAHIA - COELBA,SALVADOR,14524,1994-07-28 00:00:00,1994-07-28 00:00:00,Energia Elétrica,PRIVADO HOLDING,SEDE,BA,Categoria A
ATIVO,01.938.783/0001-11,CIA DE PARTICIPAÇÕES ALIANÇA DA BAHIA,SALVADOR,18708,2000-07-26 00:00:00,2000-07-26 00:00:00,Emp. Adm. Part. - Sem Setor Principal,PRIVADO HOLDING,SEDE,BA,Categoria A
ATIVO,01.938.783/0001-11,CIA DE PARTICIPAÇÕES ALIANÇA DA BAHIA,SALVADOR,18708,2000-07-26 00:00:00,2000-07-26 00:00:00,Emp. Adm. Part. - Sem Setor Principal,PRIVADO HOLDING,SEDE,BA,Categoria A
CANCELADA,04.652.792/0001-30,CIA DE RECUPERAÇÃO SECUNDÁRIA,MACAÉ,19240,2002-02-07 00:00:00,2012-06-28 00:00:00,Petróleo e Gás,PRIVADO,SEDE,RJ,Categoria A
CANCELADA,84.208.123/0001-02,CIA DOCAS DE IMBITUBA,IMBITUBA,3174,1977-07-20 00:00:00,2017-11-28 00:00:00,Serviços Transporte e Logística,PRIVADO,SEDE,SC,Categoria A
ATIVO,07.047.251/0001-70,CIA ENERG CEARA - COELCE,FORTALEZA,14869,1995-06-13 00:00:00,1995-06-13 00:00:00,Energia Elétrica,PRIVADO,SEDE,CE,Categoria A
ATIVO,17.155.730/0001-64,CIA ENERG MINAS GERAIS - CEMIG,BELO HORIZONTE,2453,1971-06-30 00:00:00,1971-06-30 00:00:00,Energia Elétrica,ESTATAL,SEDE,MG,Categoria A
ATIVO,10.835.932/0001-08,CIA ENERGÉTICA DE PERNAMBUCO - CELPE,RECIFE,14362,1994-04-29 00:00:00,1994-04-29 00:00:00,Energia Elétrica,PRIVADO HOLDING,SEDE,PE,Categoria B
ATIVO,08.324.196/0001-81,CIA ENERGÉTICA DO RIO GRANDE DO NORTE,NATAL,18139,1999-01-04 00:00:00,1999-01-04 00:00:00,Energia Elétrica,PRIVADO,SEDE,RN,Categoria B
ATIVO,33.352.394/0001-04,CIA ESTADUAL DE ÁGUAS E ESGOTOS - CEDAE,RIO DE JANEIRO,16373,1997-07-28 00:00:00,2010-10-20 00:00:00,"Saneamento, Serv. Água e Gás",ESTATAL,SEDE,RJ,Categoria A
ATIVO,08.467.115/0001-00,CIA ESTADUAL DE DISTRIBUIÇÃO DE ENERGIA ELETRICA,PORTO ALEGRE,20648,2007-04-17 00:00:00,2007-04-17 00:00:00,Energia Elétrica,ESTATAL,SEDE,RS,Categoria A
ATIVO,15.141.799/0001-03,CIA FERRO LIGAS BAHIA FERBASA,POJUCA,3069,1961-02-28 00:00:00,1961-02-28 00:00:00,Metalurgia e Siderurgia,PRIVADO,SEDE,BA,Categoria A
CANCELADA,23.116.551/0001-10,CIA FIAÇÃO TECELAGEM PARA MINAS,PARÁ DE MINAS,3255,1969-12-04 00:00:00,2010-01-04 00:00:00,Têxtil e Vestuário,PRIVADO,SEDE,MG,Categoria A
CANCELADA,78.876.950/0001-71,CIA HERING,BLUMENAU,14761,1995-01-26 00:00:00,2022-02-23 00:00:00,Têxtil e Vestuário,PRIVADO,SEDE,SC,Categoria A
CANCELADA,19.711.282/0001-63,CIA INDUSTRIAL SANTA MATILDE,PETRÓPOLIS,3522,1980-06-28 00:00:00,2010-01-04 00:00:00,"Máquinas, Equipamentos, Veículos e Peças",PRIVADO,SEDE,RJ,Categoria A
SUSPENSO(A) - DECISÃO ADM,82.981.929/0001-03,CIA INDUSTRIAL SCHLOSSER S.A.,BRUSQUE,3549,1985-06-28 00:00:00,2026-04-07 00:00:00,Têxtil e Vestuário,PRIVADO,SEDE,SC,Categoria A
CANCELADA,06.272.199/0001-93,CIA MARANHENSE REFRIGERANTES,SÃO LUÍS,3638,1971-09-28 00:00:00,2010-05-19 00:00:00,Bebidas e Fumo,PRIVADO,SEDE,MA,Categoria A
CANCELADA,33.098.112/0001-86,CIA NACIONAL DE ALCALIS,MACAU,15555,1996-05-15 00:00:00,2010-01-04 00:00:00,Petroquímicos e Borracha,PRIVADO,SEDE,RN,Categoria A
CANCELADA,71.444.582/0001-43,CIA NACIONAL ESTAMPARIA CIANE,SOROCABA,3727,1982-08-11 00:00:00,2010-01-04 00:00:00,Têxtil e Vestuário,PRIVADO,SEDE,SP,Categoria A
ATIVO,04.172.213/0001-51,CIA PIRATININGA DE FORÇA E LUZ,CAMPINAS,19275,2002-04-18 00:00:00,2002-04-18 00:00:00,Energia Elétrica,PRIVADO,SEDE,SP,Categoria B
CANCELADA,33.000.035/0001-80,CIA PROGRESSO INDUSTRIAL BRASIL FABRICA BANGU,RIO DE JANEIRO,3875,1966-06-29 00:00:00,2010-01-04 00:00:00,Têxtil e Vestuário,PRIVADO,SEDE,RJ,Categoria A
CANCELADA,04.200.649/0001-07,CIA PROVINCIA DE SECURITIZAÇÃO,SÃO PAULO,19429,2003-08-21 00:00:00,2023-03-17 00:00:00,Securitização de Recebíveis,PRIVADO,SEDE,SP,Categoria B
ATIVO,92.802.784/0001-90,CIA RIOGRANDENSE DE SANEAMENTO,PORTO ALEGRE,16748,1997-12-19 00:00:00,1997-12-19 00:00:00,"Saneamento, Serv. Água e Gás",ESTATAL,SEDE,RS,Categoria B
ATIVO,43.776.517/0001-80,CIA SANEAMENTO BÁSICO ESTADO SÃO PAULO,SÃO PAULO,14443,1994-06-27 00:00:00,1994-06-27 00:00:00,"Saneamento, Serv. Água e Gás",ESTATAL,SEDE,SP,Categoria A
ATIVO,43.776.517/0001-80,CIA SANEAMENTO BÁSICO ESTADO SÃO PAULO,SÃO PAULO,14443,1994-06-27 00:00:00,1994-06-27 00:00:00,"Saneamento, Serv. Água e Gás",ESTATAL,SEDE,SP,Categoria A
ATIVO,35.522.178/0001-87,CIA SECURITIZADORA DE CRED. FIN. CARTÕES CONSIGNADOS II,SÃO PAULO,26107,2021-07-29 00:00:00,2021-07-29 00:00:00,Securitização de Recebíveis,PRIVADO,SEDE,SP,Categoria B
CANCELADA,15.144.017/0001-90,CIA SEGUROS ALIANCA DA BAHIA,SALVADOR,3115,1977-07-20 00:00:00,2024-03-08 00:00:00,Seguradoras e Corretoras,PRIVADO,SEDE,BA,Categoria A
ATIVO,33.042.730/0001-04,CIA SIDERURGICA NACIONAL,SÃO PAULO,4030,1943-02-26 00:00:00,1943-02-26 00:00:00,Metalurgia e Siderurgia,PRIVADO,SEDE,SP,Categoria A
ATIVO,33.042.730/0001-04,CIA SIDERURGICA NACIONAL,SÃO PAULO,4030,1943-02-26 00:00:00,1943-02-26 00:00:00,Metalurgia e Siderurgia,PRIVADO,SEDE,SP,Categoria A
CANCELADA,22.677.520/0001-76,CIA TECIDOS NORTE DE MINAS - COTEMINAS - EM RECUPERAÇÃO JUDICIAL,MONTES CLAROS,3158,1971-02-11 00:00:00,2026-01-09 00:00:00,Têxtil e Vestuário,PRIVADO,SEDE,MG,Categoria A
SUSPENSO(A) - DECISÃO ADM,21.255.567/0001-89,CIA TECIDOS SANTANENSE - EM RECUPERAÇÃO JUDICIAL,ITAÚNA,4081,1984-12-20 00:00:00,2026-05-19 00:00:00,Têxtil e Vestuário,PRIVADO,SEDE,MG,Categoria A
ATIVO,76.484.013/0001-45,CIA. DE SANEAMENTO DO PARANÁ - SANEPAR,CURITIBA,18627,2000-03-10 00:00:00,2000-03-10 00:00:00,"Saneamento, Serv. Água e Gás",ESTATAL,SEDE,PR,Categoria A
ATIVO,33.938.119/0001-69,CIA. DISTRIB. DE GÁS DO RIO DE JANEIRO,RIO DE JANEIRO,16616,1997-11-17 00:00:00,1997-11-17 00:00:00,"Saneamento, Serv. Água e Gás",PRIVADO,SEDE,RJ,Categoria A
CANCELADA,76.255.926/0001-90,CIA. IGUAÇU DE CAFÉ SOLÚVEL,CORNÉLIO PROCÓPIO,3336,1977-07-20 00:00:00,2014-10-09 00:00:00,Alimentos,ESTRANGEIRO,SEDE,PR,Categoria A
CANCELADA,36.729.398/0001-49,CIA. SEC. DE CRÉDITOS FINANCEIROS VERT-PROVI II,SÃO PAULO,26018,2021-07-19 00:00:00,2022-06-30 00:00:00,Securitização de Recebíveis,PRIVADO,SEDE,SP,Categoria B
CANCELADA,40.885.785/0001-41,CIA. SECURITIZADORA DE CRED. FIN. VERT-UME,SÃO PAULO,26310,2021-11-11 00:00:00,2022-06-30 00:00:00,Securitização de Recebíveis,PRIVADO,SEDE,SP,Categoria B
CANCELADA,30.545.324/0001-76,CIA. SECURITIZADORA DE CRÉDITOS FINANCEIROS VERT-RECARGAPAY,SÃO PAULO,25216,2020-10-26 00:00:00,2022-06-30 00:00:00,Securitização de Recebíveis,PRIVADO,SEDE,SP,Categoria B
ATIVO,01.027.058/0001-91,CIELO S.A. - INSTITUIÇÃO DE PAGAMENTO,BARUERI,21733,2009-06-25 00:00:00,2009-06-25 00:00:00,Intermediação Financeira,PRIVADO,SEDE,SP,Categoria B
CANCELADA,33.039.223/0001-11,CIMENTO TUPI SA,RIO DE JANEIRO,22829,2012-06-13 00:00:00,2017-08-22 00:00:00,"Construção Civil, Mat. Constr. e Decoração",PRIVADO,SEDE,RJ,Categoria B
CANCELADA,34.177.279/0001-03,CIMOB PARTICIPAÇÕES SA,SÃO PAULO,6513,1977-07-20 00:00:00,2012-07-09 00:00:00,"Emp. Adm. Part. - Const. Civil, Mat. Const. e Decoração",PRIVADO,SEDE,SP,Categoria A
CANCELADA,00.272.185/0001-93,CIMS SA,RIO DE JANEIRO,14818,1995-03-14 00:00:00,2025-01-22 00:00:00,Emp. Adm. Part. - Energia Elétrica,PRIVADO,SEDE,RJ,Categoria A
CANCELADA,07.437.016/0001-05,CINESYSTEM S.A.,MARINGÁ,23965,2016-07-20 00:00:00,2023-09-05 00:00:00,Brinquedos e Lazer,PRIVADO,SEDE,PR,Categoria A
CANCELADA,82.166.711/0001-03,CIPLA SA,JOINVILLE,13900,1991-10-14 00:00:00,2010-01-04 00:00:00,Comércio (Atacado e Varejo),PRIVADO,SEDE,SC,Categoria B
CANCELADA,34.112.128/0001-69,CITIBANK LEASING S.A. - ARREND.MERCANTIL,SÃO PAULO,21270,2008-01-03 00:00:00,2010-03-30 00:00:00,Arrendamento Mercantil,PRIVADO,SEDE,SP,Categoria B
CANCELADA,68.400.225/0001-79,CLARANET TECHNOLOGY S.A.,BARUERI,26549,2021-12-22 00:00:00,2024-08-23 00:00:00,Comunicação e Informática,ESTRANGEIRO,SEDE,SP,Categoria A
CANCELADA,24.956.666/0001-86,CLARION S/A AGROINDUSTRIAL,CUIABÁ,18490,1999-11-26 00:00:00,2014-12-18 00:00:00,"Agricultura (Açúcar, Álcool e Cana)",PRIVADO,SEDE,MT,Categoria A
ATIVO,07.043.628/0001-13,CLARO TELECOM PARTICIPAÇÕES S.A.,SÃO PAULO,23531,2014-12-05 00:00:00,2014-12-05 00:00:00,Emp. Adm. Part. - Telecomunicações,PRIVADO,SEDE,SP,Categoria A
CANCELADA,03.802.115/0001-98,CLEAR SALE S.A,BARUERI,26093,2021-07-28 00:00:00,2025-06-09 00:00:00,Comunicação e Informática,PRIVADO,SEDE,SP,Categoria A
ATIVO,43.514.079/0001-81,CLI SUL S.A.,SÃO PAULO,27243,2023-07-19 00:00:00,2023-07-19 00:00:00,Serviços Transporte e Logística,PRIVADO,SEDE,SP,Categoria B
ATIVO,12.420.164/0001-57,CM HOSPITALAR S.A,RIBEIRÃO PRETO,25682,2021-04-14 00:00:00,2021-04-14 00:00:00,Comércio (Atacado e Varejo),PRIVADO,SEDE,SP,Categoria A
CANCELADA,04.030.087/0001-09,COARI PARTICIPAÇÕES SA,RIO DE JANEIRO,19089,2001-10-29 00:00:00,2012-02-27 00:00:00,Telecomunicações,PRIVADO HOLDING,SEDE,RJ,Categoria A
ATIVO,61.080.313/0001-91,COBRASMA SA,OSASCO,4448,1979-12-12 00:00:00,1979-12-12 00:00:00,"Máquinas, Equipamentos, Veículos e Peças",PRIVADO,SEDE,SP,Categoria A
CANCELADA,32.372.085/0001-25,COBUCCIO SECURITIZADORA DE CRÉDITOS S.A.,MONTE BELO,24724,2019-05-23 00:00:00,2022-06-30 00:00:00,Securitização de Recebíveis,PRIVADO,SEDE,MG,Categoria B
CANCELADA,61.104.717/0001-78,COEST CONSTRUTORA SA,TABOÃO DA SERRA,4472,1977-07-20 00:00:00,2010-01-04 00:00:00,"Construção Civil, Mat. Constr. e Decoração",PRIVADO,SEDE,SP,Categoria A
ATIVO,02.800.026/0001-40,COGNA EDUCAÇÃO S.A.,BELO HORIZONTE,17973,1998-12-01 00:00:00,1998-12-01 00:00:00,Emp. Adm. Part. - Educação,PRIVADO,SEDE,MG,Categoria A
ATIVO,25.369.840/0001-57,COMERC ENERGIA S.A.,SÃO PAULO,26280,2021-10-08 00:00:00,2021-10-08 00:00:00,Energia Elétrica,PRIVADO,SEDE,SP,Categoria A
CANCELADA,00.994.533/0001-36,COMERCIAL QUINTELLA COM EXP SA EM LIQUIDAÇÃO,SÃO PAULO,15652,1996-07-18 00:00:00,2019-12-06 00:00:00,Serviços Transporte e Logística,PRIVADO,SEDE,SP,Categoria A
ATIVO,60.730.348/0001-66,COMPANHIA  MELHORAMENTOS DE SÃO PAULO,SÃO PAULO,3654,1977-07-20 00:00:00,1977-07-20 00:00:00,Papel e Celulose,PRIVADO,SEDE,SP,Categoria A
CANCELADA,12.078.880/0001-06,COMPANHIA AURIFERA BRASILEIRA SA,CAMPO LARGO,22870,2012-08-03 00:00:00,2018-08-27 00:00:00,Emp. Adm. Part. - Extração Mineral,PRIVADO,SEDE,PR,Categoria A
ATIVO,61.409.892/0001-73,COMPANHIA BRASILEIRA DE ALUMINIO,SÃO PAULO,25984,2021-07-13 00:00:00,2021-07-13 00:00:00,Extração Mineral,PRIVADO,SEDE,SP,Categoria A
ATIVO,47.508.411/0001-56,COMPANHIA BRASILEIRA DE DISTRIBUIÇÃO,SÃO PAULO,14826,1995-04-04 00:00:00,1995-04-04 00:00:00,Comércio (Atacado e Varejo),PRIVADO,SEDE,SP,Categoria A
ATIVO,47.508.411/0001-56,COMPANHIA BRASILEIRA DE DISTRIBUIÇÃO,SÃO PAULO,14826,1995-04-04 00:00:00,1995-04-04 00:00:00,Comércio (Atacado e Varejo),PRIVADO,SEDE,SP,Categoria A
ATIVO,06.267.630/0001-03,COMPANHIA BRASILEIRA DE EDUCAÇÃO E SISTEMA DE ENSINO S.A.,FORTALEZA,28002,2026-02-20 00:00:00,2026-02-20 00:00:00,Educação,PRIVADO,SEDE,CE,Categoria B
CANCELADA,22.983.283/0001-71,COMPANHIA CARIOCA DE SECURITIZAÇÃO,RIO DE JANEIRO,23949,2016-06-27 00:00:00,2020-11-10 00:00:00,Securitização de Recebíveis,ESTATAL,SEDE,RJ,Categoria B
ATIVO,08.560.444/0001-93,COMPANHIA CELG DE PARTICIPAÇÕES - CELGPAR,GOIÂNIA,21393,2008-03-14 00:00:00,2008-03-14 00:00:00,Emp. Adm. Part. - Energia Elétrica,ESTATAL HOLDING,SEDE,GO,Categoria A
ATIVO,07.040.108/0001-57,COMPANHIA DE ÁGUA E ESGOTO DO CEARÁ  - CAGECE,FORTALEZA,18546,2000-01-19 00:00:00,2000-01-19 00:00:00,"Saneamento, Serv. Água e Gás",ESTATAL,SEDE,CE,Categoria A
CANCELADA,02.808.708/0001-07,COMPANHIA DE BEBIDAS DAS AMÉRICAS-AMBEV,SÃO PAULO,18112,1998-12-17 00:00:00,2013-12-12 00:00:00,Bebidas e Fumo,PRIVADO,SEDE,SP,Categoria A
CANCELADA,61.784.278/0001-91,COMPANHIA DE CRÉDITO FINANCIAMENTO E INVESTIMENTO RCI BRASIL,CURITIBA,22993,2012-11-27 00:00:00,2016-01-29 00:00:00,Bancos,ESTRANGEIRO,SEDE,PR,Categoria B
ATIVO,17.245.234/0001-00,COMPANHIA DE FIACAO E TECIDOS CEDRO E CACHOEIRA,BELO HORIZONTE,3077,1969-08-11 00:00:00,1969-08-11 00:00:00,Têxtil e Vestuário,PRIVADO,SEDE,MG,Categoria A
ATIVO,22.261.473/0001-85,COMPANHIA DE GÁS DE MINAS GERAIS - GASMIG,BELO HORIZONTE,25178,2020-10-06 00:00:00,2020-10-06 00:00:00,"Saneamento, Serv. Água e Gás",ESTATAL,SEDE,MG,Categoria B
ATIVO,61.856.571/0001-17,COMPANHIA DE GÁS DE SÃO PAULO - COMGÁS,SÃO PAULO,15636,1996-07-03 00:00:00,1996-07-03 00:00:00,"Emp. Adm. Part. - Saneamento, Serv. Água e Gás",PRIVADO,SEDE,SP,Categoria A
ATIVO,61.856.571/0001-17,COMPANHIA DE GÁS DE SÃO PAULO - COMGÁS,SÃO PAULO,15636,1996-07-03 00:00:00,1996-07-03 00:00:00,"Emp. Adm. Part. - Saneamento, Serv. Água e Gás",PRIVADO,SEDE,SP,Categoria A
CANCELADA,10.215.988/0001-60,COMPANHIA DE LOCAÇÃO DAS AMERICAS,BELO HORIZONTE,22691,2011-12-30 00:00:00,2025-08-01 00:00:00,Serviços Transporte e Logística,PRIVADO,SEDE,MG,Categoria B
ATIVO,17.281.106/0001-03,COMPANHIA DE SANEAMENTO DE MINAS GERAIS,BELO HORIZONTE,19445,2003-09-17 00:00:00,2003-09-17 00:00:00,"Saneamento, Serv. Água e Gás",ESTATAL,SEDE,MG,Categoria A
ATIVO,17.281.106/0001-03,COMPANHIA DE SANEAMENTO DE MINAS GERAIS,BELO HORIZONTE,19445,2003-09-17 00:00:00,2003-09-17 00:00:00,"Saneamento, Serv. Água e Gás",ESTATAL,SEDE,MG,Categoria A
CANCELADA,25.089.509/0001-83,COMPANHIA DE SANEAMENTO DO TOCANTINS - SANEATINS,PALMAS,23809,2015-12-21 00:00:00,2024-05-08 00:00:00,"Saneamento, Serv. Água e Gás",PRIVADO,SEDE,TO,Categoria B
ATIVO,62.070.362/0001-06,COMPANHIA DO METROPOLITANO DE SÃO PAULO - METRÔ,SÃO PAULO,27065,2023-01-06 00:00:00,2023-01-06 00:00:00,Serviços Transporte e Logística,ESTATAL,SEDE,SP,Categoria B
ATIVO,00.070.698/0001-11,COMPANHIA ENERGÉTICA DE BRASÍLIA - CEB,BRASÍLIA,14451,1994-07-04 00:00:00,1994-07-04 00:00:00,Energia Elétrica,ESTATAL,SEDE,DF,Categoria A
ATIVO,28.925.264/0001-75,COMPANHIA ENERGÉTICA JAGUARA,FLORIANÓPOLIS,24422,2018-04-27 00:00:00,2018-04-27 00:00:00,Energia Elétrica,PRIVADO,SEDE,SC,Categoria B
ATIVO,28.942.127/0001-49,COMPANHIA ENERGÉTICA MIRANDA,FLORIANÓPOLIS,24430,2018-04-27 00:00:00,2018-04-27 00:00:00,Energia Elétrica,PRIVADO,SEDE,SC,Categoria B
ATIVO,19.527.586/0001-75,COMPANHIA ENERGÉTICA SINOP S.A.,SINOP,24155,2017-06-22 00:00:00,2017-06-22 00:00:00,Energia Elétrica,PRIVADO,SEDE,MT,Categoria B
ATIVO,39.881.421/0001-04,COMPANHIA ESTADUAL DE GERAÇÃO DE ENERGIA ELÉTRICA - CEEE-G,PORTO ALEGRE,27154,2023-03-30 00:00:00,2023-03-30 00:00:00,Energia Elétrica,PRIVADO,SEDE,RS,Categoria B
CANCELADA,12.646.054/0001-08,COMPANHIA FERRÍFERA BRASILEIRA S.A.,CURITIBA,23124,2013-03-26 00:00:00,2016-01-07 00:00:00,Emp. Adm. Part. - Extração Mineral,PRIVADO,SEDE,PR,Categoria A
ATIVO,19.526.748/0001-50,COMPANHIA INDUSTRIAL CATAGUASES,CATAGUASES,3395,1973-12-19 00:00:00,1973-12-19 00:00:00,Têxtil e Vestuário,PRIVADO,SEDE,MG,Categoria A
ATIVO,21.254.073/0001-80,COMPANHIA ITAUNENSE ENERGIA E PARTICIPAÇÕES,ITAÚNA,3450,1969-04-02 00:00:00,2017-11-23 00:00:00,Emp. Adm. Part. - Energia Elétrica,PRIVADO,SEDE,MG,Categoria A
CANCELADA,08.493.364/0001-62,COMPANHIA MINEIRA DE AÇUCAR E ALCOOL PARTICIPAÇÕES,UBERABA,21709,2009-03-04 00:00:00,2023-06-12 00:00:00,"Emp. Adm. Part. - Agricultura (Açúcar, Álcool e Cana)",PRIVADO,SEDE,MG,Categoria B
ATIVO,76.483.817/0001-20,COMPANHIA PARANAENSE DE ENERGIA COPEL,CURITIBA,14311,1994-04-04 00:00:00,1994-04-04 00:00:00,Energia Elétrica,ESTATAL HOLDING,SEDE,PR,Categoria A
ATIVO,76.483.817/0001-20,COMPANHIA PARANAENSE DE ENERGIA COPEL,CURITIBA,14311,1994-04-04 00:00:00,1994-04-04 00:00:00,Energia Elétrica,ESTATAL HOLDING,SEDE,PR,Categoria A
CANCELADA,23.043.212/0001-51,COMPANHIA PARANAENSE DE SECURITIZAÇÃO - PRSEC,CURITIBA,23914,2016-04-29 00:00:00,2018-08-13 00:00:00,Securitização de Recebíveis,ESTATAL,SEDE,PR,Categoria B
ATIVO,33.050.196/0001-88,COMPANHIA PAULISTA DE FORCA LUZ - CPFL,CAMPINAS,3824,1969-08-19 00:00:00,1969-08-19 00:00:00,Energia Elétrica,PRIVADO,SEDE,SP,Categoria B
CANCELADA,11.274.829/0001-07,COMPANHIA PAULISTA DE SECURITIZAÇÃO,SÃO PAULO,22080,2010-07-20 00:00:00,2024-09-03 00:00:00,Emp. Adm. Part. - Securitização de Recebíveis,ESTATAL,SEDE,SP,Categoria B
CANCELADA,76.500.180/0001-32,COMPANHIA PROVIDENCIA IND E COMERCIO,SÃO JOSÉ DOS PINHAIS,20974,2007-07-25 00:00:00,2015-12-28 00:00:00,Petroquímicos e Borracha,PRIVADO,SEDE,PR,Categoria A
CANCELADA,30.418.658/0001-89,COMPANHIA SECURITIZADORA DE CRÉD. FINANCEIROS VERT-NEXOOS,SÃO PAULO,24520,2018-08-28 00:00:00,2022-06-30 00:00:00,Securitização de Recebíveis,PRIVADO,SEDE,SP,Categoria B
CANCELADA,37.368.315/0001-04,COMPANHIA SECURITIZADORA DE CRÉDITOS FINANCEIROS - VERT 5,SÃO PAULO,25593,2021-02-18 00:00:00,2022-06-30 00:00:00,Securitização de Recebíveis,PRIVADO,SEDE,SP,Categoria B
ATIVO,27.137.879/0001-74,COMPANHIA SECURITIZADORA DE CRÉDITOS FINANCEIROS CARTÕES CONSIGNADOS I,SÃO PAULO,24147,2017-06-14 00:00:00,2017-06-14 00:00:00,Securitização de Recebíveis,PRIVADO,SEDE,SP,Categoria B
CANCELADA,32.770.457/0001-71,COMPANHIA SECURITIZADORA DE CREDITOS FINANCEIROS VERT-GYRA,SÃO PAULO,25020,2020-07-30 00:00:00,2022-06-30 00:00:00,Securitização de Recebíveis,PRIVADO,SEDE,SP,Categoria B
CANCELADA,34.469.625/0001-19,COMPANHIA SECURITIZADORA DE CRÉDITOS FINANCEIROS VERT-PROVI,SÃO PAULO,25267,2020-11-05 00:00:00,2022-06-30 00:00:00,Securitização de Recebíveis,PRIVADO,SEDE,SP,Categoria B
CANCELADA,30.219.233/0001-40,COMPANHIA SECURITIZADORA DE CRÉDITOS FINANCEIROS VERT-REBEL,SÃO PAULO,24511,2018-08-28 00:00:00,2022-06-30 00:00:00,Securitização de Recebíveis,PRIVADO,SEDE,SP,Categoria B
CANCELADA,35.522.281/0001-27,COMPANHIA SECURITIZADORA DE CRÉDITOS FINANCEIROS VERT-VIRTUS,SÃO PAULO,26263,2021-10-01 00:00:00,2022-06-30 00:00:00,Securitização de Recebíveis,PRIVADO,SEDE,SP,Categoria B
ATIVO,87.762.563/0001-03,COMPANHIIA HABITASUL DE PARTICIPAÇÕES,PORTO ALEGRE,3298,1982-04-19 00:00:00,1982-04-19 00:00:00,Emp. Adm. Part. - Crédito Imobiliário,PRIVADO,SEDE,RS,Categoria A
ATIVO,21.389.501/0001-81,COMPASS GÁS E ENERGIA S.A.,SÃO PAULO,25127,2020-09-28 00:00:00,2020-09-28 00:00:00,"Emp. Adm. Part. - Saneamento, Serv. Água e Gás",PRIVADO,SEDE,SP,Categoria A
ATIVO,21.389.501/0001-81,COMPASS GÁS E ENERGIA S.A.,SÃO PAULO,25127,2020-09-28 00:00:00,2020-09-28 00:00:00,"Emp. Adm. Part. - Saneamento, Serv. Água e Gás",PRIVADO,SEDE,SP,Categoria A
CANCELADA,61.231.155/0001-23,COMPESCA CIA BRAS DE PESCA - EM LIQUIDAÇÃO,GUARUJÁ,4596,1977-07-20 00:00:00,2021-08-20 00:00:00,Pesca,PRIVADO,SEDE,SP,Categoria A
ATIVO,10.678.505/0001-63,CONC RODOVIAS DO TIETÊ S.A.- EM RECUPERAÇÃO JUDICIAL,SALTO,22721,2012-02-09 00:00:00,2012-02-09 00:00:00,Serviços Transporte e Logística,PRIVADO,SEDE,SP,Categoria B
ATIVO,15.578.569/0001-06,CONC. DO AEROPORTO INTERNACIONAL DE GUARULHOS S.A.,GUARULHOS,23515,2014-10-24 00:00:00,2014-10-24 00:00:00,Serviços Transporte e Logística,PRIVADO,SEDE,SP,Categoria B
ATIVO,18.572.225/0001-88,CONCEBRA - CONCESSIONARIA DAS RODOVIAS CENTRAIS DO BRASIL S.A.,GOIÂNIA,23868,2016-02-19 00:00:00,2016-02-19 00:00:00,Serviços Transporte e Logística,PRIVADO,SEDE,GO,Categoria B
CANCELADA,01.654.604/0001-14,CONCES DA ROD OSÓRIO-POA S/A - CONCEPA,PORTO ALEGRE,17590,1998-08-11 00:00:00,2017-12-05 00:00:00,Serviços Transporte e Logística,PRIVADO,SEDE,RS,Categoria B
CANCELADA,02.327.817/0001-02,CONCESSÃO METROVIÁRIA DO RIO DE JANEIRO S.A.,RIO DE JANEIRO,16810,1998-01-23 00:00:00,2009-11-30 00:00:00,Serviços Transporte e Logística,PRIVADO,SEDE,RJ,Categoria A
ATIVO,10.324.624/0001-18,CONCESSÃO METROVIÁRIA DO RIO DE JANEIRO SA,RIO DE JANEIRO,22144,2010-09-20 00:00:00,2010-09-20 00:00:00,Serviços Transporte e Logística,PRIVADO HOLDING,SEDE,RJ,Categoria B
ATIVO,10.531.501/0001-58,CONCESSIONARIA AUTO RAPOSO TAVARES SA-CART,BAURU,22268,2010-11-22 00:00:00,2010-11-22 00:00:00,Serviços Transporte e Logística,PRIVADO,SEDE,SP,Categoria B
ATIVO,10.531.501/0001-58,CONCESSIONARIA AUTO RAPOSO TAVARES SA-CART,BAURU,22268,2010-11-22 00:00:00,2010-11-22 00:00:00,Serviços Transporte e Logística,PRIVADO,SEDE,SP,Categoria B
ATIVO,10.531.501/0001-58,CONCESSIONARIA AUTO RAPOSO TAVARES SA-CART,BAURU,22268,2010-11-22 00:00:00,2010-11-22 00:00:00,Serviços Transporte e Logística,PRIVADO,SEDE,SP,Categoria B
CANCELADA,19.726.048/0001-00,CONCESSIONÁRIA BR-040 S.A.,NOVA LIMA,23892,2016-03-18 00:00:00,2024-12-18 00:00:00,Serviços Transporte e Logística,PRIVADO HOLDING,SEDE,MG,Categoria B
ATIVO,36.763.716/0001-98,CONCESSIONARIA CATARINENSE DE RODOVIAS S.A.,CAPIVARI DE BAIXO,26859,2022-06-21 00:00:00,2022-06-21 00:00:00,Emp. Adm. Part. - Serviços Transporte e Logística,PRIVADO,SEDE,SC,Categoria B
ATIVO,07.682.638/0001-07,CONCESSIONÁRIA DA LINHA 4 DO METRÔ DE SÃO PAULO S.A.,SÃO PAULO,27731,2024-12-16 00:00:00,2024-12-16 00:00:00,Emp. Adm. Part. - Serviços Transporte e Logística,PRIVADO,SEDE,SP,Categoria B
ATIVO,08.822.767/0001-08,CONCESSIONÁRIA DA RODOVIA MG-050 S.A.,DIVINÓPOLIS,24104,2017-03-06 00:00:00,2017-03-06 00:00:00,Serviços Transporte e Logística,PRIVADO,SEDE,MG,Categoria B
ATIVO,10.841.050/0001-55,CONCESSIONÁRIA DAS RODOVIAS AYRTON SENNA E CARVALHO PINTO S/A-ECOPISTAS,SÃO PAULO,22411,2011-02-22 00:00:00,2011-02-22 00:00:00,Serviços Transporte e Logística,PRIVADO,SEDE,SP,Categoria B
ATIVO,48.851.242/0001-15,CONCESSIONARIA DAS RODOVIAS DO LESTE MS S/A,CHAPADÃO DO SUL,27790,2025-03-13 00:00:00,2025-03-13 00:00:00,Serviços Transporte e Logística,PRIVADO,SEDE,MS,Categoria B
ATIVO,32.161.500/0001-00,CONCESSIONÁRIA DAS RODOVIAS INTEGRADAS DO SUL S.A.,PORTO ALEGRE,25356,2020-12-04 00:00:00,2020-12-04 00:00:00,Emp. Adm. Part. - Serviços Transporte e Logística,PRIVADO,SEDE,RS,Categoria B
ATIVO,19.642.306/0001-70,CONCESSIONÁRIA DE RODOVIA SUL-MATOGROSSENSE S.A.,CAMPO GRANDE,23833,2016-02-03 00:00:00,2016-02-03 00:00:00,Emp. Adm. Part. - Serviços Transporte e Logística,PRIVADO,SEDE,MS,Categoria B
ATIVO,03.207.703/0001-83,CONCESSIONARIA DE RODOVIAS DO INTERIOR PAULISTA S/A,ARARAS,21849,2009-11-27 00:00:00,2009-11-27 00:00:00,Serviços Transporte e Logística,PRIVADO HOLDING,SEDE,SP,Categoria B
CANCELADA,02.415.408/0001-50,CONCESSIONARIA DE RODOVIAS DO OESTE DE SP-VIA OESTE SA,BARUERI,21024,2007-07-27 00:00:00,2023-11-24 00:00:00,Serviços Transporte e Logística,PRIVADO,SEDE,SP,Categoria B
ATIVO,49.314.049/0001-08,CONCESSIONÁRIA DE RODOVIAS NOROESTE PAULISTA S.A,MATÃO,27464,2024-03-26 00:00:00,2024-03-26 00:00:00,Serviços Transporte e Logística,PRIVADO,SEDE,SP,Categoria B
ATIVO,59.196.897/0001-13,CONCESSIONÁRIA DE RODOVIAS PRVIAS S.A.,LONDRINA,27898,2025-08-19 00:00:00,2025-08-19 00:00:00,Emp. Adm. Part. - Serviços Transporte e Logística,PRIVADO,SEDE,PR,Categoria B
ATIVO,02.451.848/0001-62,CONCESSIONÁRIA DO SISTEMA ANHANGUERA-BANDEIRANTES S.A.,JUNDIAÍ,20192,2006-07-19 00:00:00,2006-07-19 00:00:00,Serviços Transporte e Logística,PRIVADO,SEDE,SP,Categoria B
ATIVO,02.451.848/0001-62,CONCESSIONÁRIA DO SISTEMA ANHANGUERA-BANDEIRANTES S.A.,JUNDIAÍ,20192,2006-07-19 00:00:00,2006-07-19 00:00:00,Serviços Transporte e Logística,PRIVADO,SEDE,SP,Categoria B
ATIVO,44.319.688/0001-42,CONCESSIONÁRIA DO SISTEMA RODOVIÁRIO RIO-SÃO PAULO S.A.,SANTA ISABEL,27421,2024-01-24 00:00:00,2024-01-24 00:00:00,Emp. Adm. Part. - Serviços Transporte e Logística,PRIVADO,SEDE,SP,Categoria B
ATIVO,15.090.690/0001-94,CONCESSIONARIA ECOVIAS DO ARAGUAIA S.A.,ANÁPOLIS,26638,2022-03-15 00:00:00,2022-03-15 00:00:00,Serviços Transporte e Logística,PRIVADO,SEDE,GO,Categoria B
ATIVO,35.593.905/0001-05,CONCESSIONÁRIA ECOVIAS DO CERRADO S.A.,UBERLÂNDIA,26581,2022-01-04 00:00:00,2022-01-04 00:00:00,Serviços Transporte e Logística,PRIVADO,SEDE,MG,Categoria B
ATIVO,02.509.491/0001-26,CONCESSIONARIA ECOVIAS DOS IMIGRANTES SA,SÃO BERNARDO DO CAMPO,20397,2006-12-18 00:00:00,2006-12-18 00:00:00,Serviços Transporte e Logística,PRIVADO,SEDE,SP,Categoria B
ATIVO,22.163.297/0001-49,CONCESSIONARIA PONTE RIO-NITERÓI S.A. - ECOPONTE,NITERÓI,24139,2017-05-25 00:00:00,2017-05-25 00:00:00,Serviços Transporte e Logística,PRIVADO,SEDE,RJ,Categoria B
ATIVO,00.938.574/0001-05,CONCESSIONARIA RIO-TERESOPOLIS SA,RIO DE JANEIRO,19208,2001-12-26 00:00:00,2001-12-26 00:00:00,Serviços Transporte e Logística,PRIVADO,SEDE,RJ,Categoria A
ATIVO,00.938.574/0001-05,CONCESSIONARIA RIO-TERESOPOLIS SA,RIO DE JANEIRO,19208,2001-12-26 00:00:00,2001-12-26 00:00:00,Serviços Transporte e Logística,PRIVADO,SEDE,RJ,Categoria A
ATIVO,50.399.553/0001-37,CONCESSIONÁRIA RODOANEL NORTE SPE S.A.,SÃO PAULO,27782,2025-02-11 00:00:00,2025-02-11 00:00:00,Emp. Adm. Part. - Serviços Transporte e Logística,PRIVADO,SEDE,SP,Categoria B
CANCELADA,00.861.626/0001-92,CONCESSIONÁRIA RODOVIA PRESIDENTE DUTRA S/A,SANTA ISABEL,19577,2004-08-16 00:00:00,2020-10-23 00:00:00,Emp. Adm. Part. - Serviços Transporte e Logística,PRIVADO,SEDE,SP,Categoria B
ATIVO,51.742.485/0001-20,CONCESSIONÁRIA RODOVIAS DO CAFÉ SPE S.A.,VARGINHA,27588,2024-08-09 00:00:00,2024-08-09 00:00:00,Serviços Transporte e Logística,PRIVADO,SEDE,MG,Categoria B
ATIVO,48.127.008/0001-40,CONCESSIONÁRIA RODOVIAS DO SUL DE MINAS SPE S.A.,POUSO ALEGRE,27596,2024-08-09 00:00:00,2024-08-09 00:00:00,Serviços Transporte e Logística,PRIVADO,SEDE,MG,Categoria B
ATIVO,48.127.012/0001-08,CONCESSIONÁRIA RODOVIAS DO TRIÂNGULO SPE S.A.,UBERLÂNDIA,27537,2024-07-12 00:00:00,2024-07-12 00:00:00,Serviços Transporte e Logística,PRIVADO,SEDE,MG,Categoria B
ATIVO,10.647.979/0001-48,CONCESSIONÁRIA ROTA DAS BANDEIRAS S/A,ITATIBA,22071,2010-06-30 00:00:00,2010-06-30 00:00:00,Serviços Transporte e Logística,PRIVADO,SEDE,SP,Categoria B
ATIVO,41.886.692/0001-02,CONCESSIONARIA ROTA DE SANTA MARIA S.A,SANTA CRUZ DO SUL,27294,2023-08-24 00:00:00,2023-08-24 00:00:00,Serviços Transporte e Logística,PRIVADO,SEDE,RS,Categoria B
ATIVO,41.886.692/0001-02,CONCESSIONARIA ROTA DE SANTA MARIA S.A,SANTA CRUZ DO SUL,27294,2023-08-24 00:00:00,2023-08-24 00:00:00,Serviços Transporte e Logística,PRIVADO,SEDE,RS,Categoria B
ATIVO,19.521.322/0001-04,CONCESSIONÁRIA ROTA DO OESTE S.A.,CUIABÁ,23922,2016-06-07 00:00:00,2016-06-07 00:00:00,Serviços Transporte e Logística,PRIVADO,SEDE,MT,Categoria B
ATIVO,15.440.708/0001-30,CONCESSIONÁRIA VIARIO S.A.,RIO DE JANEIRO,27405,2024-01-08 00:00:00,2024-01-08 00:00:00,Emp. Adm. Part. - Serviços Transporte e Logística,PRIVADO,SEDE,RJ,Categoria B
CANCELADA,60.882.628/0001-90,CONFAB INDUSTRIAL SA,SÃO CAETANO DO SUL,4650,1980-08-21 00:00:00,2012-05-11 00:00:00,Metalurgia e Siderurgia,ESTRANGEIRO,SEDE,SP,Categoria A
CANCELADA,02.736.470/0001-43,CONFIANZA SECURITIZADORA SA,SÃO PAULO,18236,1999-05-04 00:00:00,2023-05-03 00:00:00,Emp. Adm. Part. - Securitização de Recebíveis,PRIVADO,SEDE,SP,Categoria B
CANCELADA,09.116.278/0001-01,CONPEL CIA. NORDESTINA DE PAPEL - EM RECUPERAÇÃO JUDICIAL,CONDE,4685,1977-07-20 00:00:00,2025-08-20 00:00:00,Embalagens,PRIVADO,SEDE,PB,Categoria A
ATIVO,97.191.902/0001-94,CONSERVAS ODERICH SA,SÃO SEBASTIÃO DO CAÍ,4693,1977-07-20 00:00:00,1977-07-20 00:00:00,Alimentos,PRIVADO,SEDE,RS,Categoria A
CANCELADA,29.894.663/0001-89,CONSIGNADOS I COMPANHIA SECURITIZADORA DE CRÉDITOS FINANCEIROS,SÃO PAULO,24899,2020-01-21 00:00:00,2022-06-30 00:00:00,Securitização de Recebíveis,PRIVADO HOLDING,SEDE,SP,Categoria B
CANCELADA,17.193.806/0001-46,CONSORCIO ALFA DE ADMINISTRACAO S.A,SÃO PAULO,4707,1977-07-20 00:00:00,2024-03-28 00:00:00,Emp. Adm. Part. - Intermediação Financeira,PRIVADO HOLDING,SEDE,SP,Categoria A
CANCELADA,46.014.635/0001-49,CONST LIX DA CUNHA SA,CAMPINAS,4774,1977-07-20 00:00:00,2019-08-23 00:00:00,"Construção Civil, Mat. Constr. e Decoração",PRIVADO,SEDE,SP,Categoria A
ATIVO,61.022.042/0001-18,CONSTRUTORA ADOLPHO LINDENBERG S.A.,SÃO PAULO,4723,1977-07-20 00:00:00,1977-07-20 00:00:00,"Construção Civil, Mat. Constr. e Decoração",PRIVADO,SEDE,SP,Categoria A
CANCELADA,61.192.373/0001-04,CONSTRUTORA BETER SA,SÃO PAULO,4758,1977-07-20 00:00:00,2016-08-30 00:00:00,"Construção Civil, Mat. Constr. e Decoração",PRIVADO,SEDE,SP,Categoria A
ATIVO,27.743.642/0001-37,CONSTRUTORA METROCASA S.A.,SÃO PAULO,27340,2023-11-01 00:00:00,2023-11-01 00:00:00,"Construção Civil, Mat. Constr. e Decoração",PRIVADO,SEDE,SP,Categoria A
ATIVO,89.723.993/0001-33,CONSTRUTORA SULTEPA S.A. - EM RECUPERAÇÃO JUDICIAL,PORTO ALEGRE,13030,1986-09-29 00:00:00,1986-09-29 00:00:00,"Construção Civil, Mat. Constr. e Decoração",PRIVADO,SEDE,RS,Categoria A
ATIVO,71.476.527/0001-35,CONSTRUTORA TENDA S/A,SÃO PAULO,21148,2007-10-11 00:00:00,2007-10-11 00:00:00,"Construção Civil, Mat. Constr. e Decoração",PRIVADO,SEDE,SP,Categoria A
CANCELADA,17.632.564/0001-40,CONSULT SECURITIZADORA S/A,CURITIBA,23256,2013-10-25 00:00:00,2015-02-27 00:00:00,Securitização de Recebíveis,PRIVADO,SEDE,PR,Categoria B
CANCELADA,31.594.055/0001-09,CONTAGEM SECURITIZADORA DE CRÉDITOS FINANCEIROS S.A.,RIO DE JANEIRO,24651,2019-02-27 00:00:00,2020-09-04 00:00:00,Securitização de Recebíveis,PRIVADO,SEDE,RJ,Categoria B
ATIVO,04.032.433/0001-80,CONTAX PARTICIPAÇÕES S.A. - EM RECUPERAÇÃO JUDICIAL,RIO DE JANEIRO,19100,2001-10-29 00:00:00,2001-10-29 00:00:00,Emp. Adm. Part. - Comunicação e Informática,PRIVADO,SEDE,RJ,Categoria A
CANCELADA,61.535.241/0001-20,CONTEX CONFECÇÕES TEXTEIS SA,RIO DE JANEIRO,13820,1991-04-26 00:00:00,2010-01-04 00:00:00,Têxtil e Vestuário,PRIVADO,SEDE,RJ,Categoria A
CANCELADA,09.462.850/0001-86,COPACABANA PRINCE PARTICIPAÇÕES S.A.,SÃO PAULO,21598,2008-08-07 00:00:00,2011-12-31 00:00:00,Emp. Adm. Part. - Sem Setor Principal,PRIVADO HOLDING,SEDE,SP,Categoria A
CANCELADA,04.895.066/0001-48,COPALA INDUSTRIAS REUNIDAS SA,BELÉM,4812,1977-07-20 00:00:00,2010-01-04 00:00:00,Metalurgia e Siderurgia,PRIVADO,SEDE,PA,Categoria A
ATIVO,04.368.898/0001-06,COPEL DISTRIBUIÇÃO S.A.,CURITIBA,26808,2022-05-19 00:00:00,2022-05-19 00:00:00,Energia Elétrica,ESTATAL HOLDING,SEDE,PR,Categoria B
ATIVO,04.370.282/0001-70,COPEL GERAÇÃO E TRANSMISSÃO S/A,CURITIBA,24740,2019-06-27 00:00:00,2019-06-27 00:00:00,Energia Elétrica,ESTATAL HOLDING,SEDE,PR,Categoria B
CANCELADA,10.265.949/0001-77,COPERSUCAR SA,SÃO PAULO,22535,2011-07-19 00:00:00,2011-08-12 00:00:00,"Agricultura (Açúcar, Álcool e Cana)",PRIVADO,SEDE,SP,Categoria A
CANCELADA,29.845.329/0001-35,COPISEC SECURITIZADORA DE CRÉDITOS FINANCEIROS SA,RIO DE JANEIRO,24570,2018-10-26 00:00:00,2020-09-04 00:00:00,Securitização de Recebíveis,PRIVADO,SEDE,RJ,Categoria B
ATIVO,08.845.676/0001-98,CORPÓREOS - SERVIÇOS TERAPÊUTICOS S.A.,SÃO PAULO,27669,2024-10-03 00:00:00,2024-10-03 00:00:00,Serviços Médicos,PRIVADO,SEDE,SP,Categoria B
CANCELADA,15.101.405/0001-93,CORRÊA RIBEIRO S/A COMÉRCIO E INDÚSTRIA,SALVADOR,4863,1977-07-20 00:00:00,2024-01-29 00:00:00,"Construção Civil, Mat. Constr. e Decoração",PRIVADO HOLDING,SEDE,BA,Categoria A
ATIVO,15.114.494/0001-02,CORREDOR LOGÍSTICA E INFRAESTRUTURA S.A.,SÃO PAULO,27260,2023-08-09 00:00:00,2023-08-09 00:00:00,Serviços Transporte e Logística,PRIVADO,SEDE,SP,Categoria B
CANCELADA,62.092.739/0001-28,COSAN ALIMENTOS S.A.,TARUMÃ,20923,2007-07-16 00:00:00,2010-06-04 00:00:00,"Agricultura (Açúcar, Álcool e Cana)",PRIVADO,SEDE,SP,Categoria B
CANCELADA,17.346.997/0001-39,COSAN LOGÍSTICA S.A.,SÃO PAULO,23485,2014-09-11 00:00:00,2021-01-22 00:00:00,Serviços Transporte e Logística,PRIVADO HOLDING,SEDE,SP,Categoria A
ATIVO,50.746.577/0001-15,COSAN S.A.,SÃO PAULO,19836,2005-10-26 00:00:00,2005-10-26 00:00:00,"Agricultura (Açúcar, Álcool e Cana)",PRIVADO,SEDE,SP,Categoria A
ATIVO,50.746.577/0001-15,COSAN S.A.,SÃO PAULO,19836,2005-10-26 00:00:00,2005-10-26 00:00:00,"Agricultura (Açúcar, Álcool e Cana)",PRIVADO,SEDE,SP,Categoria A
CANCELADA,44.689.123/0001-57,COSTA PINTO S.A.,SÃO PAULO,12220,1985-01-16 00:00:00,2013-03-25 00:00:00,"Agricultura (Açúcar, Álcool e Cana)",PRIVADO,SEDE,SP,Categoria A
CANCELADA,03.410.855/0001-89,CP CIMENTO E PARTICIPAÇÕES  S/A,RIO DE JANEIRO,19216,2002-01-22 00:00:00,2011-03-21 00:00:00,Emp. Adm. Part. - Extração Mineral,PRIVADO,SEDE,RJ,Categoria B
ATIVO,02.429.144/0001-93,CPFL ENERGIA SA,CAMPINAS,18660,2000-05-18 00:00:00,2000-05-18 00:00:00,Emp. Adm. Part. - Energia Elétrica,PRIVADO HOLDING,SEDE,SP,Categoria A
ATIVO,02.429.144/0001-93,CPFL ENERGIA SA,CAMPINAS,18660,2000-05-18 00:00:00,2000-05-18 00:00:00,Emp. Adm. Part. - Energia Elétrica,PRIVADO HOLDING,SEDE,SP,Categoria A
ATIVO,08.439.659/0001-50,CPFL ENERGIAS RENOVÁVEIS S.A.,CAMPINAS,20540,2007-03-08 00:00:00,2007-03-08 00:00:00,Emp. Adm. Part. - Energia Elétrica,PRIVADO,SEDE,SP,Categoria B
ATIVO,08.439.659/0001-50,CPFL ENERGIAS RENOVÁVEIS S.A.,CAMPINAS,20540,2007-03-08 00:00:00,2007-03-08 00:00:00,Emp. Adm. Part. - Energia Elétrica,PRIVADO,SEDE,SP,Categoria B
CANCELADA,03.953.509/0001-47,CPFL GERAÇÃO DE ENERGIA S/A,CAMPINAS,18953,2001-06-07 00:00:00,2026-01-22 00:00:00,Energia Elétrica,PRIVADO,SEDE,SP,Categoria B
ATIVO,92.715.812/0001-31,CPFL TRANSMISSÃO S.A.,PORTO ALEGRE,3204,1970-01-07 00:00:00,1970-01-07 00:00:00,Energia Elétrica,ESTATAL,SEDE,RS,Categoria B
ATIVO,92.715.812/0001-31,CPFL TRANSMISSÃO S.A.,PORTO ALEGRE,3204,1970-01-07 00:00:00,1970-01-07 00:00:00,Energia Elétrica,ESTATAL,SEDE,RS,Categoria B
ATIVO,10.158.356/0001-01,CPX DISTRIBUIDORA S.A.,ITAJAÍ,27839,2025-06-30 00:00:00,2025-06-30 00:00:00,Comércio (Atacado e Varejo),PRIVADO,SEDE,SC,Categoria B
CANCELADA,21.331.849/0001-18,CREDGRID SERVIÇOS FINANCEIROS S.A.,SÃO PAULO,26972,2022-10-11 00:00:00,2023-04-28 00:00:00,Emp. Adm. Part. - Intermediação Financeira,PRIVADO,SEDE,SP,Categoria B
CANCELADA,82.641.325/0001-18,CREMER SA,BLUMENAU,20141,2006-06-30 00:00:00,2018-11-22 00:00:00,Têxtil e Vestuário,PRIVADO,SEDE,SC,Categoria A
ATIVO,62.984.091/0001-02,CRUZEIRO DO SUL EDUCACIONAL S.A.,SÃO PAULO,25526,2021-02-09 00:00:00,2021-02-09 00:00:00,Educação,PRIVADO,SEDE,SP,Categoria A
CANCELADA,35.502.310/0001-99,CS BRASIL PARTICIPAÇÕES E LOCAÇÕES S.A.,MOGI DAS CRUZES,25739,2021-04-26 00:00:00,2022-05-04 00:00:00,Serviços Transporte e Logística,PRIVADO,SEDE,SP,Categoria B
CANCELADA,05.889.284/0001-32,CSA-COMPANHIA SECURITIZADORA DE ATIVOS,SÃO PAULO,19470,2003-12-16 00:00:00,2022-06-01 00:00:00,Securitização de Recebíveis,PRIVADO,SEDE,SP,Categoria B
ATIVO,08.902.291/0001-15,CSN MINERAÇÃO S.A.,CONGONHAS,25585,2021-02-12 00:00:00,2021-02-12 00:00:00,Extração Mineral,PRIVADO,SEDE,MG,Categoria A
ATIVO,01.896.779/0001-38,CSU DIGITAL S.A.,BARUERI,20044,2006-04-25 00:00:00,2006-04-25 00:00:00,Emp. Adm. Part. - Sem Setor Principal,PRIVADO,SEDE,SP,Categoria A
ATIVO,06.981.381/0001-13,CTC - CENTRO DE TECNOLOGIA CANAVIEIRA S.A.,PIRACICABA,23981,2016-08-24 00:00:00,2016-08-24 00:00:00,"Agricultura (Açúcar, Álcool e Cana)",PRIVADO,SEDE,SP,Categoria A
CANCELADA,09.601.322/0001-60,CTX PARTICIPAÇÕES S/A - EM LIQUIDAÇÃO,RIO DE JANEIRO,21652,2008-10-09 00:00:00,2017-03-31 00:00:00,Emp. Adm. Part. - Telecomunicações,PRIVADO,SEDE,RJ,Categoria B
ATIVO,08.797.760/0001-83,CURY CONSTRUTORA E INCORPORADORA S.A.,SÃO PAULO,25100,2020-09-17 00:00:00,2020-09-17 00:00:00,"Construção Civil, Mat. Constr. e Decoração",PRIVADO,SEDE,SP,Categoria A
ATIVO,10.760.260/0001-19,CVC BRASIL OPERADORA E AGÊNCIA DE VIAGENS SA,SANTO ANDRÉ,23310,2013-12-05 00:00:00,2013-12-05 00:00:00,Hospedagem e Turismo,PRIVADO,SEDE,SP,Categoria A
ATIVO,10.760.260/0001-19,CVC BRASIL OPERADORA E AGÊNCIA DE VIAGENS SA,SANTO ANDRÉ,23310,2013-12-05 00:00:00,2013-12-05 00:00:00,Hospedagem e Turismo,PRIVADO,SEDE,SP,Categoria A
ATIVO,16.233.389/0001-55,CVLB BRASIL S.A.,RIO DE JANEIRO,25542,2021-02-10 00:00:00,2021-02-10 00:00:00,Comércio (Atacado e Varejo),PRIVADO,SEDE,RJ,Categoria A
ATIVO,73.178.600/0001-18,CYRELA BRAZIL REALTY S.A.EMPREEND E PART,SÃO PAULO,14460,1994-07-07 00:00:00,1994-07-07 00:00:00,"Construção Civil, Mat. Constr. e Decoração",PRIVADO,SEDE,SP,Categoria A
ATIVO,12.108.897/0001-50,D1000 VAREJO FARMA PARTICIPAÇÕES S.A.,RIO DE JANEIRO,25046,2020-08-06 00:00:00,2020-08-06 00:00:00,Comércio (Atacado e Varejo),PRIVADO HOLDING,SEDE,RJ,Categoria A
CANCELADA,02.312.604/0001-07,DALETH PARTICIPAÇÕES SA - EM LIQUIDAÇÃO,RIO DE JANEIRO,16950,1998-03-06 00:00:00,2017-05-30 00:00:00,"Emp. Adm. Part. - Saneamento, Serv. Água e Gás",PRIVADO HOLDING,SEDE,RJ,Categoria A
CANCELADA,01.287.588/0001-79,DASS NORDESTE CALÇADOS E ARTIGOS ESPORTIVOS S.A.,ITAPIPOCA,24414,2018-04-26 00:00:00,2018-11-09 00:00:00,Têxtil e Vestuário,PRIVADO,SEDE,CE,Categoria A
CANCELADA,07.704.246/0001-93,DATORA PARTICIPAÇÕES E SERVIÇOS S/A,NOVA LIMA,26557,2021-12-22 00:00:00,2024-07-16 00:00:00,Comunicação e Informática,PRIVADO,SEDE,MG,Categoria A
CANCELADA,12.395.010/0001-52,DELUXE MOTORS S.A.,CURITIBA,23191,2013-09-09 00:00:00,2016-01-07 00:00:00,Emp. Adm. Part. - Serviços Transporte e Logística,PRIVADO,SEDE,PR,Categoria A
CANCELADA,62.464.904/0001-25,DERSA DESENVOLVIMENTO RODOVIARIO SA,SÃO PAULO,14699,1994-12-23 00:00:00,2009-11-25 00:00:00,Serviços Transporte e Logística,ESTATAL,SEDE,SP,Categoria B
CANCELADA,81.106.957/0001-19,DESCARBONIZE SOLUÇÕES S.A.,MARINGÁ,27278,2023-08-16 00:00:00,2024-10-07 00:00:00,"Máquinas, Equipamentos, Veículos e Peças",PRIVADO,SEDE,PR,Categoria B
ATIVO,08.170.849/0001-15,DESKTOP S.A,NOVA ODESSA,26026,2021-07-19 00:00:00,2021-07-19 00:00:00,Telecomunicações,PRIVADO,SEDE,SP,Categoria A
ATIVO,08.170.849/0001-15,DESKTOP S.A,NOVA ODESSA,26026,2021-07-19 00:00:00,2021-07-19 00:00:00,Telecomunicações,PRIVADO,SEDE,SP,Categoria A
ATIVO,97.837.181/0001-47,DEXCO S.A.,SÃO PAULO,21091,2007-09-10 00:00:00,2007-09-10 00:00:00,"Construção Civil, Mat. Constr. e Decoração",PRIVADO,SEDE,SP,Categoria A
ATIVO,97.837.181/0001-47,DEXCO S.A.,SÃO PAULO,21091,2007-09-10 00:00:00,2007-09-10 00:00:00,"Construção Civil, Mat. Constr. e Decoração",PRIVADO,SEDE,SP,Categoria A
ATIVO,02.193.750/0001-52,DEXXOS PARTICIPAÇÕES S.A.,RIO DE JANEIRO,16632,1997-11-20 00:00:00,1997-11-20 00:00:00,Emp. Adm. Part. - Sem Setor Principal,PRIVADO,SEDE,RJ,Categoria A
CANCELADA,92.825.900/0001-96,DHB IND E COMERCIO SA,PORTO ALEGRE,5150,1978-03-21 00:00:00,2017-04-12 00:00:00,"Emp. Adm. Part. - Máqs., Equip., Veíc. e Peças",PRIVADO,SEDE,RS,Categoria A
ATIVO,61.486.650/0001-83,DIAGNOSTICOS DA AMERICA SA,BARUERI,19623,2004-11-05 00:00:00,2004-11-05 00:00:00,Serviços Médicos,PRIVADO,SEDE,SP,Categoria A
ATIVO,61.486.650/0001-83,DIAGNOSTICOS DA AMERICA SA,BARUERI,19623,2004-11-05 00:00:00,2004-11-05 00:00:00,Serviços Médicos,PRIVADO,SEDE,SP,Categoria A
ATIVO,65.654.303/0001-73,DIBENS LEASING S.A.- ARREND. MERCANTIL,SÃO PAULO,14214,1993-09-28 00:00:00,1993-09-28 00:00:00,Arrendamento Mercantil,PRIVADO,SEDE,SP,Categoria B
CANCELADA,89.547.269/0001-04,DIGITEL S.A. INDUSTRIA ELETRONICA - EM RECUPERAÇÃO JUDICIAL,ALVORADA,12858,1986-06-20 00:00:00,2020-06-15 00:00:00,Comunicação e Informática,PRIVADO,SEDE,RS,Categoria A
CANCELADA,40.173.064/0001-09,DIJON SA,RIO DE JANEIRO,13838,1991-04-30 00:00:00,2010-09-23 00:00:00,Comércio (Atacado e Varejo),PRIVADO,SEDE,RJ,Categoria A
ATIVO,92.665.611/0001-77,DIMED SA DISTRIBUIDORA DE MEDICAMENTOS,ELDORADO DO SUL,9342,1977-07-20 00:00:00,1977-07-20 00:00:00,Comércio (Atacado e Varejo),PRIVADO,SEDE,RS,Categoria A
ATIVO,92.665.611/0001-77,DIMED SA DISTRIBUIDORA DE MEDICAMENTOS,ELDORADO DO SUL,9342,1977-07-20 00:00:00,1977-07-20 00:00:00,Comércio (Atacado e Varejo),PRIVADO,SEDE,RS,Categoria A
ATIVO,07.659.538/0001-51,DINAMICA ENERGIA S/A,RIO DE JANEIRO,20052,2006-05-03 00:00:00,2006-05-03 00:00:00,Emp. Adm. Part. - Energia Elétrica,PRIVADO,SEDE,RJ,Categoria B
ATIVO,16.614.075/0001-00,DIRECIONAL ENGENHARIA SA,BELO HORIZONTE,21350,2008-02-29 00:00:00,2008-02-29 00:00:00,"Construção Civil, Mat. Constr. e Decoração",PRIVADO HOLDING,SEDE,MG,Categoria A
CANCELADA,60.394.723/0001-44,DIXIE TOGA SA,SÃO PAULO,14931,1995-06-30 00:00:00,2011-07-21 00:00:00,Embalagens,PRIVADO,SEDE,SP,Categoria A
CANCELADA,91.669.747/0001-92,"DM FINANCEIRA S.A. - CRÉDITO, FINANCIAMENTO E INVESTIMENTO",SÃO JOSÉ DOS CAMPOS,6076,1977-07-20 00:00:00,2025-05-30 00:00:00,Bancos,PRIVADO,SEDE,SP,Categoria A
CANCELADA,33.433.665/0001-48,DOCAS INVESTIMENTOS SA,RIO DE JANEIRO,3182,1977-07-20 00:00:00,2014-05-23 00:00:00,Emp. Adm. Part. - Telecomunicações,PRIVADO,SEDE,RJ,Categoria A
ATIVO,84.683.408/0001-03,DOHLER S.A.,JOINVILLE,5207,1973-12-26 00:00:00,1973-12-26 00:00:00,Têxtil e Vestuário,PRIVADO,SEDE,SC,Categoria A
CANCELADA,04.034.792/0001-76,DOMMO EMPREENDIMENTOS IMOBILIÁRIOS S.A.,SÃO PAULO,19070,2001-10-29 00:00:00,2016-12-22 00:00:00,Emp. Adm. Part. - Arrendamento Mercantil,PRIVADO HOLDING,SEDE,SP,Categoria A
CANCELADA,31.119.639/0001-14,DONA ISABEL SA,NITERÓI,3212,1969-01-13 00:00:00,2010-01-04 00:00:00,Têxtil e Vestuário,PRIVADO,SEDE,RJ,Categoria A
CANCELADA,52.123.916/0001-32,DORI ALIMENTOS S.A.,SÃO PAULO,26360,2021-11-17 00:00:00,2023-12-15 00:00:00,Alimentos,PRIVADO,SEDE,SP,Categoria A
ATIVO,18.174.270/0001-84,DOTZ S.A.,SÃO PAULO,25836,2021-05-12 00:00:00,2021-05-12 00:00:00,Comunicação e Informática,PRIVADO HOLDING,SEDE,SP,Categoria A
CANCELADA,12.492.734/0001-14,DROGARIAS AMERICANAS SA,CURITIBA,22837,2012-07-09 00:00:00,2016-01-07 00:00:00,Farmacêutico e Higiene,PRIVADO,SEDE,PR,Categoria A
ATIVO,03.303.999/0001-36,DTCOM - DIRECT TO COMPANY S.A.,QUATRO BARRAS,18597,2000-02-04 00:00:00,2000-02-04 00:00:00,Telecomunicações,PRIVADO,SEDE,PR,Categoria A
ATIVO,03.303.999/0001-36,DTCOM - DIRECT TO COMPANY S.A.,QUATRO BARRAS,18597,2000-02-04 00:00:00,2000-02-04 00:00:00,Telecomunicações,PRIVADO,SEDE,PR,Categoria A
CANCELADA,10.382.341/0001-22,DUXXI IMOBILIÁRIA S.A.,SÃO PAULO,22047,2010-06-04 00:00:00,2017-04-12 00:00:00,"Emp. Adm. Part. - Const. Civil, Mat. Const. e Decoração",ESTRANGEIRO HOLDING,SEDE,SP,Categoria A
CANCELADA,02.535.294/0001-81,EASYPAR SA,SÃO PAULO,17795,1998-10-02 00:00:00,2010-01-04 00:00:00,Intermediação Financeira,PRIVADO,SEDE,SP,Categoria A
CANCELADA,10.847.761/0001-37,EBX BRASIL SA,RIO DE JANEIRO,21784,2009-10-08 00:00:00,2014-03-13 00:00:00,Emp. Adm. Part. - Serviços Transporte e Logística,ESTRANGEIRO,SEDE,RJ,Categoria A
CANCELADA,10.753.164/0001-43,ECO. SEC. DTOS. CREDIT. AGRONEGÓCIOS S/A,SÃO PAULO,21741,2009-07-15 00:00:00,2022-06-01 00:00:00,Securitização de Recebíveis,PRIVADO,SEDE,SP,Categoria B
ATIVO,19.208.022/0001-70,ECO050 - CONCESSIONÁRIA DE RODOVIAS S.A.,UBERLÂNDIA,23884,2016-03-02 00:00:00,2016-03-02 00:00:00,Serviços Transporte e Logística,PRIVADO,SEDE,MG,Categoria B
ATIVO,15.484.093/0001-44,ECO101 CONCESSIONÁRIA DE RODOVIAS S.A.,SERRA,23582,2015-04-10 00:00:00,2015-04-10 00:00:00,Serviços Transporte e Logística,PRIVADO,SEDE,ES,Categoria B
ATIVO,29.884.545/0001-90,ECORIOMINAS CONCESSIONÁRIA DE RODOVIAS S.A.,NITERÓI,27456,2024-03-01 00:00:00,2024-03-01 00:00:00,Serviços Transporte e Logística,PRIVADO,SEDE,RJ,Categoria B
ATIVO,08.873.873/0001-10,ECORODOVIAS CONCESSÕES E SERVIÇOS S/A,SÃO BERNARDO DO CAMPO,21903,2009-12-22 00:00:00,2009-12-22 00:00:00,Emp. Adm. Part. - Serviços Transporte e Logística,PRIVADO HOLDING,SEDE,SP,Categoria B
ATIVO,04.149.454/0001-80,ECORODOVIAS INFRAESTRUTURA E LOGÍSTICA S.A.,SÃO PAULO,19453,2003-09-24 00:00:00,2003-09-24 00:00:00,Serviços Transporte e Logística,ESTATAL HOLDING,SEDE,SP,Categoria A
ATIVO,04.149.454/0001-80,ECORODOVIAS INFRAESTRUTURA E LOGÍSTICA S.A.,SÃO PAULO,19453,2003-09-24 00:00:00,2003-09-24 00:00:00,Serviços Transporte e Logística,ESTATAL HOLDING,SEDE,SP,Categoria A
CANCELADA,27.092.587/0001-62,EDAFO SECURITIZADORA S.A.,SÃO PAULO,24325,2018-01-17 00:00:00,2018-06-26 00:00:00,Securitização de Recebíveis,PRIVADO,SEDE,SP,Categoria B
CANCELADA,02.183.757/0001-93,EDITORA ABRIL S/A,SÃO PAULO,19143,2001-11-06 00:00:00,2011-08-18 00:00:00,Comunicação e Informática,PRIVADO,SEDE,SP,Categoria B
ATIVO,03.983.431/0001-03,EDP ENERGIAS DO BRASIL S/A,SÃO PAULO,19763,2005-07-05 00:00:00,2005-07-05 00:00:00,Energia Elétrica,ESTRANGEIRO HOLDING,SEDE,SP,Categoria B
ATIVO,03.983.431/0001-03,EDP ENERGIAS DO BRASIL S/A,SÃO PAULO,19763,2005-07-05 00:00:00,2005-07-05 00:00:00,Energia Elétrica,ESTRANGEIRO HOLDING,SEDE,SP,Categoria B
ATIVO,28.152.650/0001-71,EDP ESPIRITO SANTO DISTRIBUIÇÃO DE ENERGIA S.A.,VITÓRIA,15342,1996-01-19 00:00:00,1996-01-19 00:00:00,Energia Elétrica,PRIVADO,SEDE,ES,Categoria B
ATIVO,02.302.100/0001-06,EDP SÃO PAULO DISTRIBUIÇÃO DE ENERGIA S.A.,SÃO PAULO,16985,1998-03-27 00:00:00,1998-03-27 00:00:00,Energia Elétrica,PRIVADO,SEDE,SP,Categoria B
CANCELADA,12.668.792/0001-56,EGEU PARTICIPAÇÕES SA,SÃO PAULO,22713,2012-02-07 00:00:00,2013-12-31 00:00:00,Emp. Adm. Part. - Sem Setor Principal,PRIVADO HOLDING,SEDE,SP,Categoria B
ATIVO,36.146.575/0001-64,EIXO SP CONCESSIONARIA DE RODOVIAS S.A.,SÃO CARLOS,26875,2022-07-08 00:00:00,2022-07-08 00:00:00,Serviços Transporte e Logística,PRIVADO,SEDE,SP,Categoria B
CANCELADA,12.610.097/0001-33,EKOPARKING SA,CURITIBA,22896,2012-08-10 00:00:00,2016-01-07 00:00:00,Emp. Adm. Part. - Sem Setor Principal,PRIVADO,SEDE,PR,Categoria A
ATIVO,07.401.436/0001-31,ELDORADO BRASIL CELULOSE S.A.,SÃO PAULO,22810,2012-06-06 00:00:00,2012-06-06 00:00:00,Papel e Celulose,PRIVADO HOLDING,SEDE,SP,Categoria B
ATIVO,35.980.592/0001-30,ELEA DIGITAL INFRAESTRUTURA E REDES DE TELECOMUNICAÇÕES S.A.,RIO DE JANEIRO,26948,2022-09-16 00:00:00,2022-09-16 00:00:00,Comunicação e Informática,PRIVADO,SEDE,RJ,Categoria B
ATIVO,82.643.537/0001-34,ELECTRO AÇO ALTONA S/A,BLUMENAU,5380,1950-01-19 00:00:00,1950-01-19 00:00:00,Metalurgia e Siderurgia,PRIVADO,SEDE,SC,Categoria A
CANCELADA,13.788.120/0001-47,ELEKEIROZ S/A,VÁRZEA PAULISTA,4359,1971-08-18 00:00:00,2020-07-01 00:00:00,Petroquímicos e Borracha,PRIVADO,SEDE,SP,Categoria A
CANCELADA,13.788.120/0001-47,ELEKEIROZ S/A,VÁRZEA PAULISTA,4359,1971-08-18 00:00:00,2020-07-01 00:00:00,Petroquímicos e Borracha,PRIVADO,SEDE,SP,Categoria A
ATIVO,02.328.280/0001-97,ELEKTRO REDES S.A.,CAMPINAS,17485,1998-07-08 00:00:00,1998-07-08 00:00:00,Energia Elétrica,PRIVADO,SEDE,SP,Categoria A
CANCELADA,01.104.937/0001-70,ELETROBRÁS PARTICIPAÇÕES S.A. - ELETROPAR,RIO DE JANEIRO,15784,1996-09-30 00:00:00,2025-06-02 00:00:00,Emp. Adm. Part. - Energia Elétrica,ESTATAL,SEDE,RJ,Categoria A
CANCELADA,09.347.516/0001-81,ELETROMIDIA S.A.,SÃO PAULO,25569,2021-02-11 00:00:00,2025-07-02 00:00:00,Emp. Adm. Part. - Comunicação e Informática,PRIVADO,SEDE,SP,Categoria A
CANCELADA,00.514.998/0001-42,ELETRON SA,RIO DE JANEIRO,16209,1997-04-15 00:00:00,2020-02-07 00:00:00,Emp. Adm. Part. - Sem Setor Principal,PRIVADO HOLDING,SEDE,RJ,Categoria A
CANCELADA,03.052.673/0001-83,ELETRONET S/A,RIO DE JANEIRO,18740,2000-08-31 00:00:00,2016-09-15 00:00:00,Telecomunicações,PRIVADO,SEDE,RJ,Categoria A
ATIVO,61.695.227/0001-93,ELETROPAULO METROP. ELET. SAO PAULO S.A.,SÃO PAULO,14176,1993-08-19 00:00:00,1993-08-19 00:00:00,Energia Elétrica,PRIVADO,SEDE,SP,Categoria B
ATIVO,61.695.227/0001-93,ELETROPAULO METROP. ELET. SAO PAULO S.A.,SÃO PAULO,14176,1993-08-19 00:00:00,1993-08-19 00:00:00,Energia Elétrica,PRIVADO,SEDE,SP,Categoria B
CANCELADA,01.968.293/0001-68,ELETRORIVER S.A.,SALVADOR,26891,2022-07-14 00:00:00,2026-03-11 00:00:00,Emp. Adm. Part. - Energia Elétrica,PRIVADO HOLDING,SEDE,BA,Categoria B
CANCELADA,22.164.990/0001-36,ELETROSOM S/A - EM RECUPERAÇÃO JUDICIAL,MONTE CARMELO,22373,2011-02-03 00:00:00,2016-08-30 00:00:00,Comércio (Atacado e Varejo),PRIVADO,SEDE,MG,Categoria B
ATIVO,09.053.134/0001-45,ELFA MEDICAMENTOS S.A.,BRASÍLIA,25348,2020-12-02 00:00:00,2020-12-02 00:00:00,Serviços Médicos,PRIVADO,SEDE,DF,Categoria A
CANCELADA,57.488.645/0001-32,ELUMA SA INDUSTRIA E COMERCIO,SANTO ANDRÉ,5479,1969-04-18 00:00:00,2010-03-31 00:00:00,Metalurgia e Siderurgia,PRIVADO,SEDE,SP,Categoria A
ATIVO,02.302.101/0001-42,EMAE - EMPRESA METROP.AGUAS ENERGIA S.A.,SÃO PAULO,16993,1998-03-27 00:00:00,1998-03-27 00:00:00,Energia Elétrica,ESTATAL,SEDE,SP,Categoria A
ATIVO,42.331.462/0001-31,EMBPAR PARTICIPAÇÕES S/A,RIO NEGRINHO,15458,1996-03-14 00:00:00,1996-03-14 00:00:00,Emp. Adm. Part. - Sem Setor Principal,PRIVADO HOLDING,SEDE,SC,Categoria A
ATIVO,07.689.002/0001-89,EMBRAER S.A.,SÃO JOSÉ DOS CAMPOS,20087,2006-05-23 00:00:00,2006-05-23 00:00:00,"Máquinas, Equipamentos, Veículos e Peças",PRIVADO,SEDE,SP,Categoria A
CANCELADA,02.558.124/0001-12,EMBRATEL PARTICIPAÇÕES SA,RIO DE JANEIRO,17647,1998-08-19 00:00:00,2014-12-31 00:00:00,Telecomunicações,PRIVADO HOLDING,SEDE,RJ,Categoria A
ATIVO,19.403.252/0001-90,EMCCAMP RESIDENCIAL S.A.,BELO HORIZONTE,25909,2021-05-20 00:00:00,2021-05-20 00:00:00,"Construção Civil, Mat. Constr. e Decoração",PRIVADO,SEDE,MG,Categoria A
CANCELADA,01.971.614/0001-83,"EMP.NAC. DE COMÉRCIO, RÉDITO E PART. S.A. - ENCORPAR",BELO HORIZONTE,16497,1997-10-07 00:00:00,2022-04-29 00:00:00,Emp. Adm. Part. - Têxtil e Vestuário,PRIVADO,SEDE,MG,Categoria A
CANCELADA,02.222.736/0001-30,EMPR. CONCESS. DE RODOVIAS DO NORTE S.A. - ECONORTE,LONDRINA,19011,2001-07-24 00:00:00,2020-12-16 00:00:00,Serviços Transporte e Logística,PRIVADO,SEDE,PR,Categoria B
ATIVO,06.626.253/0001-51,EMPREENDIMENTOS PAGUE MENOS SA,FORTALEZA,22608,2011-10-21 00:00:00,2011-10-21 00:00:00,Comércio (Atacado e Varejo),PRIVADO,SEDE,CE,Categoria A
ATIVO,06.626.253/0001-51,EMPREENDIMENTOS PAGUE MENOS SA,FORTALEZA,22608,2011-10-21 00:00:00,2011-10-21 00:00:00,Comércio (Atacado e Varejo),PRIVADO,SEDE,CE,Categoria A
CANCELADA,17.162.280/0001-37,EMPRESA BRASILEIRA DE ENGENHARIA E COMÉRCIO S.A. EBEC,BELO HORIZONTE,27120,2023-02-28 00:00:00,2024-01-31 00:00:00,Serviços Transporte e Logística,PRIVADO,SEDE,MG,Categoria B
CANCELADA,02.511.048/0001-90,EMPRESA CONC.DE RODOV.DO SUL S/A ECOSUL,PELOTAS,19283,2002-05-21 00:00:00,2010-04-20 00:00:00,Serviços Transporte e Logística,PRIVADO,SEDE,RS,Categoria A
CANCELADA,11.669.021/0001-10,ENAUTA PARTICIPAÇÕES S.A.,RIO DE JANEIRO,22365,2011-02-02 00:00:00,2024-11-01 00:00:00,Emp. Adm. Part. - Petróleo e Gás,PRIVADO HOLDING,SEDE,RJ,Categoria A
CANCELADA,21.262.638/0001-70,ENCALSO PARTICIPAÇÕES EM CONCESSÕES S.A.,SÃO PAULO,23701,2015-09-08 00:00:00,2022-06-01 00:00:00,Emp. Adm. Part. - Sem Setor Principal,PRIVADO HOLDING,SEDE,SP,Categoria A
CANCELADA,01.414.107/0001-49,ENERGIPAR PARTICIPAÇÕES S.A.,RIO DE JANEIRO,15849,1996-11-04 00:00:00,2015-12-18 00:00:00,"Emp. Adm. Part. - Const. Civil, Mat. Const. e Decoração",PRIVADO,SEDE,RJ,Categoria B
ATIVO,15.413.826/0001-50,ENERGISA MATO GROSSO DO SUL - DIST DE ENERGIA S.A.,CAMPO GRANDE,5576,1981-08-28 00:00:00,1981-08-28 00:00:00,Energia Elétrica,PRIVADO,SEDE,MS,Categoria B
ATIVO,03.467.321/0001-99,ENERGISA MATO GROSSO-DISTRIBUIDORA DE ENERGIA S/A,CUIABÁ,14605,1994-10-25 00:00:00,1994-10-25 00:00:00,Energia Elétrica,PRIVADO,SEDE,MT,Categoria A
ATIVO,19.527.639/0001-58,ENERGISA MINAS RIO - DISTRIBUIDORA DE ENERGIA S/A,CATAGUASES,3271,1969-12-17 00:00:00,1969-12-17 00:00:00,Energia Elétrica,PRIVADO,SEDE,MG,Categoria B
ATIVO,09.095.183/0001-40,ENERGISA PARAÍBA - DISTRIBUIDORA DE ENERGIA S/A,JOÃO PESSOA,21938,2010-01-29 00:00:00,2010-01-29 00:00:00,Energia Elétrica,PRIVADO,SEDE,PB,Categoria B
ATIVO,00.864.214/0001-06,ENERGISA SA,CATAGUASES,15253,1995-12-20 00:00:00,1995-12-20 00:00:00,Emp. Adm. Part. - Energia Elétrica,PRIVADO,SEDE,MG,Categoria A
ATIVO,13.017.462/0001-63,ENERGISA SERGIPE - DISTRIBUIDORA DE ENERGIA S/A,ARACAJU,18996,2001-07-17 00:00:00,2001-07-17 00:00:00,Energia Elétrica,PRIVADO,SEDE,SE,Categoria B
ATIVO,07.282.377/0001-20,ENERGISA SUL-SUDESTE - DISTRIBUIDORA DE ENERGIA S.A.,PRESIDENTE PRUDENTE,24864,2019-11-05 00:00:00,2019-11-05 00:00:00,Energia Elétrica,PRIVADO,SEDE,SP,Categoria B
ATIVO,07.282.377/0001-20,ENERGISA SUL-SUDESTE - DISTRIBUIDORA DE ENERGIA S.A.,PRESIDENTE PRUDENTE,24864,2019-11-05 00:00:00,2019-11-05 00:00:00,Energia Elétrica,PRIVADO,SEDE,SP,Categoria B
ATIVO,28.201.130/0001-01,ENERGISA TRANSMISSÃO DE ENERGIA S.A.,CATAGUASES,24589,2018-10-29 00:00:00,2018-10-29 00:00:00,Emp. Adm. Part. - Energia Elétrica,PRIVADO,SEDE,MG,Categoria B
ATIVO,04.423.567/0001-21,ENEVA S.A.,RIO DE JANEIRO,21237,2007-12-07 00:00:00,2007-12-07 00:00:00,Energia Elétrica,PRIVADO,SEDE,RJ,Categoria A
CANCELADA,14.796.754/0001-04,ENGELHART CTP (BRASIL) S.A.,SÃO PAULO,27553,2024-07-16 00:00:00,2025-04-30 00:00:00,"Agricultura (Açúcar, Álcool e Cana)",PRIVADO,SEDE,SP,Categoria B
ATIVO,02.474.103/0001-19,ENGIE BRASIL ENERGIA S.A.,FLORIANÓPOLIS,17329,1998-05-28 00:00:00,1998-05-28 00:00:00,Energia Elétrica,PRIVADO,SEDE,SC,Categoria A
ATIVO,02.474.103/0001-19,ENGIE BRASIL ENERGIA S.A.,FLORIANÓPOLIS,17329,1998-05-28 00:00:00,1998-05-28 00:00:00,Energia Elétrica,PRIVADO,SEDE,SC,Categoria A
ATIVO,02.474.103/0001-19,ENGIE BRASIL ENERGIA S.A.,FLORIANÓPOLIS,17329,1998-05-28 00:00:00,1998-05-28 00:00:00,Energia Elétrica,PRIVADO,SEDE,SC,Categoria A
ATIVO,16.922.038/0001-51,ENJOEI S.A.,SÃO PAULO,25259,2020-11-05 00:00:00,2020-11-05 00:00:00,Comércio (Atacado e Varejo),PRIVADO,SEDE,SP,Categoria A
CANCELADA,32.803.503/0001-91,ENTALPIA PARTICIPAÇÕES S.A.,EXTREMA,26131,2021-08-10 00:00:00,2021-12-16 00:00:00,"Emp. Adm. Part. - Máqs., Equip., Veíc. e Peças",PRIVADO,SEDE,MG,Categoria A
ATIVO,26.664.057/0001-89,ENTREVIAS CONCESSIONÁRIA DE RODOVIAS S.A.,SERTÃOZINHO,24341,2018-03-01 00:00:00,2018-03-01 00:00:00,Serviços Transporte e Logística,PRIVADO,SEDE,SP,Categoria B
ATIVO,09.527.023/0001-23,ENVIRONMENTAL ESG PARTICIPAÇÕES S.A.,SÃO PAULO,26271,2021-10-05 00:00:00,2021-10-05 00:00:00,"Saneamento, Serv. Água e Gás",PRIVADO,SEDE,SP,Categoria A
CANCELADA,12.394.936/0001-23,EOX ENERGIA EÓLICA S.A.,CURITIBA,23078,2013-02-25 00:00:00,2016-01-07 00:00:00,Emp. Adm. Part. - Energia Elétrica,PRIVADO,SEDE,PR,Categoria A
ATIVO,58.056.046/0001-02,EPR IGUAÇU S.A.,CASCAVEL,27928,2025-10-07 00:00:00,2025-10-07 00:00:00,Serviços Transporte e Logística,PRIVADO,SEDE,PR,Categoria B
ATIVO,51.136.974/0001-38,EPR INFRAESTRUTURA PR S.A.,SÃO PAULO,27715,2024-12-16 00:00:00,2024-12-16 00:00:00,Serviços Transporte e Logística,PRIVADO HOLDING,SEDE,SP,Categoria B
ATIVO,51.137.031/0001-20,EPR LITORAL PIONEIRO S.A.,SÃO JOSÉ DOS PINHAIS,27723,2024-12-16 00:00:00,2024-12-16 00:00:00,Serviços Transporte e Logística,PRIVADO HOLDING,SEDE,PR,Categoria B
ATIVO,55.231.969/0001-65,EPR VIA MINEIRA S.A.,NOVA LIMA,27863,2025-07-22 00:00:00,2025-07-22 00:00:00,Serviços Transporte e Logística,PRIVADO,SEDE,MG,Categoria B
ATIVO,01.543.032/0001-04,EQUATORIAL GOIAS DISTRIBUIDORA DE ENERGIA S.A.,GOIÂNIA,25577,2021-02-12 00:00:00,2021-02-12 00:00:00,Energia Elétrica,PRIVADO,SEDE,GO,Categoria B
ATIVO,06.272.793/0001-84,EQUATORIAL MARANHÃO DISTRIBUIDORA DE ENERGIA S.A.,SÃO LUÍS,16608,1997-11-13 00:00:00,1997-11-13 00:00:00,Energia Elétrica,PRIVADO,SEDE,MA,Categoria A
ATIVO,04.895.728/0001-80,EQUATORIAL PARÁ DISTRIBUIDORA DE ENERGIA S.A.,BELÉM,18309,1999-06-14 00:00:00,1999-06-14 00:00:00,Energia Elétrica,PRIVADO,SEDE,PA,Categoria A
ATIVO,03.220.438/0001-73,EQUATORIAL S.A.,SÃO LUÍS,20010,2006-03-30 00:00:00,2006-03-30 00:00:00,Energia Elétrica,PRIVADO,SEDE,MA,Categoria A
ATIVO,15.385.166/0001-40,EQUIPAV SANEAMENTO S.A.,SÃO PAULO,27642,2024-09-13 00:00:00,2024-09-13 00:00:00,"Saneamento, Serv. Água e Gás",PRIVADO,SEDE,SP,Categoria B
ATIVO,07.802.794/0001-56,ESSENTIA PCHS S.A.,SÃO PAULO,26158,2021-08-12 00:00:00,2021-08-12 00:00:00,Energia Elétrica,ESTRANGEIRO,SEDE,SP,Categoria B
CANCELADA,30.311.067/0001-08,ESTTEIO COMPANHIA SECURITIZADORA DE CRÉDITOS,MARINGÁ,24619,2018-12-19 00:00:00,2019-09-05 00:00:00,Securitização de Recebíveis,PRIVADO,SEDE,PR,Categoria B
ATIVO,61.092.037/0001-81,ETERNIT S.A.,SÃO PAULO,5762,1970-11-17 00:00:00,1970-11-17 00:00:00,"Construção Civil, Mat. Constr. e Decoração",PRIVADO,SEDE,SP,Categoria A
ATIVO,56.643.018/0001-66,EUCATEX S.A. INDUSTRIA E COMERCIO,SÃO PAULO,5770,1969-08-20 00:00:00,1969-08-20 00:00:00,"Construção Civil, Mat. Constr. e Decoração",PRIVADO,SEDE,SP,Categoria A
ATIVO,61.190.096/0001-92,EUROFARMA LABORATÓRIOS S.A.,SÃO PAULO,26700,2022-03-28 00:00:00,2022-03-28 00:00:00,Farmacêutico e Higiene,PRIVADO,SEDE,SP,Categoria A
ATIVO,61.190.096/0001-92,EUROFARMA LABORATÓRIOS S.A.,SÃO PAULO,26700,2022-03-28 00:00:00,2022-03-28 00:00:00,Farmacêutico e Higiene,PRIVADO,SEDE,SP,Categoria A
ATIVO,61.190.096/0001-92,EUROFARMA LABORATÓRIOS S.A.,SÃO PAULO,26700,2022-03-28 00:00:00,2022-03-28 00:00:00,Farmacêutico e Higiene,PRIVADO,SEDE,SP,Categoria A
ATIVO,43.470.988/0001-65,EVEN CONSTRUTORA E INCORPORADORA S/A,SÃO PAULO,20524,2007-03-02 00:00:00,2007-03-02 00:00:00,"Construção Civil, Mat. Constr. e Decoração",PRIVADO,SEDE,SP,Categoria A
CANCELADA,91.820.068/0001-72,ÉVORA S.A.,PORTO ALEGRE,13412,1988-11-22 00:00:00,2016-09-15 00:00:00,Emp. Adm. Part. - Embalagens,PRIVADO,SEDE,RS,Categoria A
ATIVO,95.426.862/0001-97,EXCELSIOR ALIMENTOS SA.,SANTA CRUZ DO SUL,1570,1977-07-20 00:00:00,1977-07-20 00:00:00,Alimentos,PRIVADO,SEDE,RS,Categoria A
ATIVO,35.727.157/0001-06,EZ INC INCORPORAÇÕES S.A.,SÃO PAULO,25380,2020-12-14 00:00:00,2020-12-14 00:00:00,"Construção Civil, Mat. Constr. e Decoração",PRIVADO,SEDE,SP,Categoria A
ATIVO,08.312.229/0001-73,EZ TEC EMPREEND. E PARTICIPAÇÕES S/A,SÃO PAULO,20770,2007-06-15 00:00:00,2007-06-15 00:00:00,"Emp. Adm. Part. - Const. Civil, Mat. Const. e Decoração",PRIVADO,SEDE,SP,Categoria A
CANCELADA,22.671.564/0001-99,FAB MIN ELETROD SOLD DENVER SA,MONTES CLAROS,5851,1968-10-28 00:00:00,2010-01-04 00:00:00,"Máquinas, Equipamentos, Veículos e Peças",PRIVADO,SEDE,MG,Categoria A
CANCELADA,07.281.413/0001-30,FAE - FERRAGENS APARELHOS ELÉTRICOS S/A,FORTALEZA,5878,1975-12-11 00:00:00,2011-12-19 00:00:00,Metalurgia e Siderurgia,PRIVADO,SEDE,CE,Categoria A
CANCELADA,09.337.210/0001-44,FAE ADM. E PARTICIPAÇÕES SA,FORTALEZA,21660,2008-10-15 00:00:00,2011-12-23 00:00:00,"Construção Civil, Mat. Constr. e Decoração",PRIVADO,SEDE,CE,Categoria A
ATIVO,79.430.682/0001-22,FARMÁCIA E DROGARIA NISSEI S.A.,CURITIBA,25429,2021-01-14 00:00:00,2021-01-14 00:00:00,Comércio (Atacado e Varejo),PRIVADO,SEDE,PR,Categoria A
CANCELADA,62.528.930/0001-70,FATOR EMPREENDIMENTOS IMOBILIÁRIOS SA,SÃO PAULO,5894,1977-07-20 00:00:00,2010-01-04 00:00:00,"Construção Civil, Mat. Constr. e Decoração",PRIVADO,SEDE,SP,Categoria A
CANCELADA,74.409.467/0001-26,FENICIAPAR S/A,SÃO PAULO,15024,1995-09-15 00:00:00,2022-07-12 00:00:00,Securitização de Recebíveis,PRIVADO,SEDE,SP,Categoria A
CANCELADA,61.196.564/0001-36,FERRAGENS DEMELLOT S/A,SÃO PAULO,5924,1977-07-20 00:00:00,2012-07-09 00:00:00,Metalurgia e Siderurgia,PRIVADO,SEDE,SP,Categoria A
ATIVO,12.489.315/0001-23,FERREIRA GOMES ENERGIA S.A.,SÃO PAULO,22977,2012-10-11 00:00:00,2012-10-11 00:00:00,Energia Elétrica,PRIVADO HOLDING,SEDE,SP,Categoria B
ATIVO,00.924.429/0001-75,FERROVIA CENTRO-ATLANTICA S.A.,BELO HORIZONTE,15369,1996-02-12 00:00:00,1996-02-12 00:00:00,Serviços Transporte e Logística,PRIVADO,SEDE,MG,Categoria A
ATIVO,09.257.877/0001-37,FERROVIA NORTE SUL S/A,SÃO LUÍS,21814,2009-11-24 00:00:00,2009-11-24 00:00:00,Serviços Transporte e Logística,PRIVADO,SEDE,MA,Categoria B
ATIVO,22.266.175/0001-88,FERTILIZANTES HERINGER S.A.,PAULÍNIA,20621,2007-04-10 00:00:00,2007-04-10 00:00:00,Petroquímicos e Borracha,PRIVADO,SEDE,SP,Categoria A
CANCELADA,02.312.666/0001-00,FG TRUST SA,RIO DE JANEIRO,17043,1998-04-16 00:00:00,2012-12-28 00:00:00,Emp. Adm. Part. - Securitização de Recebíveis,PRIVADO,SEDE,RJ,Categoria A
ATIVO,02.171.304/0001-47,FGR INCORPORAÇÕES S.A.,APARECIDA DE GOIÂNIA,28010,2026-05-07 00:00:00,2026-05-07 00:00:00,"Construção Civil, Mat. Constr. e Decoração",PRIVADO,SEDE,GO,Categoria A
ATIVO,17.159.005/0001-64,FIACAO E TECELAGEM SAO JOSE S/A - EM RECUPERAÇÃO JUDICIAL,RECIFE,5983,1971-10-18 00:00:00,2012-11-09 00:00:00,Têxtil e Vestuário,PRIVADO,SEDE,PE,Categoria A
CANCELADA,04.559.803/0001-31,FIACAO TECELAGEM JUTA AMAZ SA,MANAUS,5975,1971-12-24 00:00:00,2011-01-04 00:00:00,Têxtil e Vestuário,PRIVADO,SEDE,AM,Categoria A
CANCELADA,02.335.514/0001-23,FIAGO PARTICIPAÇÕES S.A. - EM LIQUIDAÇÃO,RIO DE JANEIRO,16896,1998-02-20 00:00:00,2015-12-08 00:00:00,Emp. Adm. Part. - Telecomunicações,PRIVADO,SEDE,RJ,Categoria A
CANCELADA,61.410.395/0001-95,FIBAM CIA INDUSTRIAL,SÃO BERNARDO DO CAMPO,6017,1972-08-03 00:00:00,2021-06-24 00:00:00,Metalurgia e Siderurgia,PRIVADO,SEDE,SP,Categoria A
CANCELADA,06.018.000/0001-03,FIBRA CIA SECURITIZADORA CRED IMOB,SÃO PAULO,19542,2004-05-18 00:00:00,2015-10-14 00:00:00,Securitização de Recebíveis,PRIVADO,SEDE,SP,Categoria B
CANCELADA,60.643.228/0001-21,FIBRIA CELULOSE S.A.,SÃO PAULO,12793,1986-06-02 00:00:00,2019-04-01 00:00:00,Papel e Celulose,PRIVADO,SEDE,SP,Categoria A
ATIVO,07.820.907/0001-46,FICA EMPREENDIMENTOS IMOBILIARIOS S.A.,SÃO PAULO,20630,2007-04-16 00:00:00,2007-04-16 00:00:00,"Construção Civil, Mat. Constr. e Decoração",PRIVADO,SEDE,SP,Categoria A
ATIVO,00.359.742/0001-08,FICTOR ALIMENTOS S.A.,BELO HORIZONTE,15423,1996-02-28 00:00:00,1996-02-28 00:00:00,Emp. Adm. Part. - Alimentos,PRIVADO HOLDING,SEDE,MG,Categoria A
CANCELADA,37.592.100/0001-64,FICTOR Securitizadora S.A.,SÃO PAULO,25151,2020-10-01 00:00:00,2022-06-30 00:00:00,Securitização de Recebíveis,PRIVADO,SEDE,SP,Categoria B
CANCELADA,31.907.982/0001-23,FILADÉLFIA SECURITIZADORA S/A.,SÃO PAULO,24732,2019-06-03 00:00:00,2022-06-30 00:00:00,Securitização de Recebíveis,PRIVADO,SEDE,SP,Categoria B
CANCELADA,17.167.412/0001-13,FINANCEIRA ALFA S.A.- C.F.I,SÃO PAULO,3891,1977-07-20 00:00:00,2024-03-28 00:00:00,Bancos,PRIVADO,SEDE,SP,Categoria A
CANCELADA,16.103.773/0001-33,FINPAR PARTICIPAÇÕES S.A.,RIO DE JANEIRO,23116,2013-03-26 00:00:00,2015-12-28 00:00:00,Emp. Adm. Part. - Intermediação Financeira,PRIVADO HOLDING,SEDE,RJ,Categoria A
CANCELADA,21.987.030/0001-03,FINSBURY PARTICIPAÇÕES S.A.,SÃO PAULO,23639,2015-07-10 00:00:00,2019-08-16 00:00:00,Emp. Adm. Part. - Sem Setor Principal,ESTRANGEIRO HOLDING,SEDE,SP,Categoria A
ATIVO,59.546.515/0001-34,FISIA COMÉRCIO DE PRODUTOS ESPORTIVOS S.A.,SÃO PAULO,27529,2024-07-09 00:00:00,2024-07-09 00:00:00,Comércio (Atacado e Varejo),PRIVADO,SEDE,SP,Categoria B
ATIVO,60.840.055/0001-31,FLEURY SA,SÃO PAULO,21881,2009-12-14 00:00:00,2009-12-14 00:00:00,Serviços Médicos,PRIVADO,SEDE,SP,Categoria A
CANCELADA,10.851.805/0001-00,FLEX GESTAO DE RELACIONAMENTOS SA EM RECUPERACAO JUDICIAL,SÃO PAULO,24350,2018-03-01 00:00:00,2023-09-26 00:00:00,Comunicação e Informática,PRIVADO,SEDE,SP,Categoria A
CANCELADA,07.276.103/0001-28,FLORESTAL BRASIL S.A.,SÃO PAULO,21423,2008-04-01 00:00:00,2011-11-30 00:00:00,Reflorestamento,PRIVADO,SEDE,SP,Categoria B
CANCELADA,26.735.020/0001-02,FOCUS ENERGIA HOLDING PARTICIPAÇÕES S.A.,SÃO PAULO,25488,2021-02-04 00:00:00,2022-02-04 00:00:00,Emp. Adm. Part. - Energia Elétrica,PRIVADO,SEDE,SP,Categoria A
CANCELADA,14.333.683/0001-03,FONTAINE VILLE PARTICIPAÇÕES S/A,SÃO PAULO,23019,2013-01-16 00:00:00,2023-11-14 00:00:00,Securitização de Recebíveis,PRIVADO,SEDE,SP,Categoria B
CANCELADA,03.870.455/0005-80,FORNO DE MINAS ALIMENTOS S.A.,SÃO PAULO,23736,2015-10-15 00:00:00,2018-03-07 00:00:00,Alimentos,PRIVADO,SEDE,SP,Categoria A
ATIVO,00.249.786/0001-85,FORPART S.A. - EM LIQUIDAÇÃO,RIO DE JANEIRO,14796,1995-02-21 00:00:00,1995-02-21 00:00:00,Emp. Adm. Part. - Telecomunicações,PRIVADO HOLDING,SEDE,RJ,Categoria A
CANCELADA,12.979.898/0001-70,FORTE SECURITIZADORA S.A.,SÃO PAULO,22489,2011-06-15 00:00:00,2022-06-30 00:00:00,Securitização de Recebíveis,PRIVADO,SEDE,SP,Categoria B
CANCELADA,21.610.416/0001-00,FORTUNATO SECURITIZADORA S.A.,SÃO PAULO,23566,2015-03-06 00:00:00,2022-06-30 00:00:00,Securitização de Recebíveis,PRIVADO,SEDE,SP,Categoria B
CANCELADA,21.987.053/0001-18,FOURSTONES PARTICIPAÇÕES S.A.,SÃO PAULO,23655,2015-07-23 00:00:00,2016-07-29 00:00:00,Emp. Adm. Part. - Sem Setor Principal,ESTRANGEIRO HOLDING,SEDE,SP,Categoria A
CANCELADA,21.987.041/0001-93,FOXFIELD PARTICIPAÇÕES S.A.,SÃO PAULO,23663,2015-07-23 00:00:00,2016-07-29 00:00:00,Emp. Adm. Part. - Sem Setor Principal,ESTRANGEIRO HOLDING,SEDE,SP,Categoria A
ATIVO,07.823.262/0001-03,FOZ DO RIO CLARO ENERGIA S.A.,SÃO PAULO,26697,2022-03-24 00:00:00,2022-03-24 00:00:00,Emp. Adm. Part. - Energia Elétrica,PRIVADO,SEDE,SP,Categoria B
CANCELADA,10.661.519/0001-74,FRAME SECURITIZADORA S/A,RIO DE JANEIRO,21873,2009-12-14 00:00:00,2011-02-07 00:00:00,Securitização de Recebíveis,PRIVADO,SEDE,RJ,Categoria B
ATIVO,88.610.126/0001-29,FRASLE MOBILITY S.A.,CAXIAS DO SUL,6211,1977-07-20 00:00:00,1977-07-20 00:00:00,"Máquinas, Equipamentos, Veículos e Peças",PRIVADO,SEDE,RS,Categoria A
CANCELADA,21.987.068/0001-86,FRIESTON PARTICIPAÇÕES S.A.,SÃO PAULO,23647,2015-07-23 00:00:00,2016-07-29 00:00:00,Emp. Adm. Part. - Sem Setor Principal,ESTRANGEIRO HOLDING,SEDE,SP,Categoria A
CANCELADA,14.962.356/0001-10,FRIGOL FOODS PARTICIPAÇÕES S.A.,SÃO PAULO,22853,2012-07-17 00:00:00,2020-03-13 00:00:00,Emp. Adm. Part. - Sem Setor Principal,PRIVADO HOLDING,SEDE,SP,Categoria A
ATIVO,17.234.244/0001-31,FTL - FERROVIA TRANSNORDESTINA LOGÍSTICA S.A.,FORTALEZA,23370,2014-04-25 00:00:00,2014-04-25 00:00:00,Serviços Transporte e Logística,PRIVADO,SEDE,CE,Categoria B
CANCELADA,17.943.792/0001-30,FULWOOD S.A.,SÃO PAULO,26336,2021-11-12 00:00:00,2023-05-31 00:00:00,"Construção Civil, Mat. Constr. e Decoração",PRIVADO,SEDE,SP,Categoria A
CANCELADA,02.465.783/0001-04,FUTURETEL S.A. - EM LIQUIDAÇÃO,RIO DE JANEIRO,17388,1998-06-16 00:00:00,2022-12-14 00:00:00,Emp. Adm. Part. - Telecomunicações,PRIVADO HOLDING,SEDE,RJ,Categoria A
ATIVO,01.545.826/0001-07,GAFISA SA,SÃO PAULO,16101,1997-02-21 00:00:00,1997-02-21 00:00:00,"Construção Civil, Mat. Constr. e Decoração",ESTRANGEIRO,SEDE,SP,Categoria A
CANCELADA,20.646.442/0001-17,GAIA CRED SECURITIZADORA DE CRÉDITOS FINANCEIROS S.A.,SÃO PAULO,24040,2016-10-07 00:00:00,2021-07-19 00:00:00,Securitização de Recebíveis,PRIVADO,SEDE,SP,Categoria B
CANCELADA,14.876.090/0001-93,GAIA IMPACTO SECURITIZADORA S.A.,SÃO PAULO,22764,2012-03-28 00:00:00,2022-06-30 00:00:00,Securitização de Recebíveis,PRIVADO,SEDE,SP,Categoria B
ATIVO,02.796.775/0001-40,GAMA PARTICIPAÇÕES S.A.,RIO DE JANEIRO,17965,1998-12-01 00:00:00,1998-12-01 00:00:00,Emp. Adm. Part. - Sem Setor Principal,PRIVADO,SEDE,RJ,Categoria A
CANCELADA,02.134.838/0001-01,GARUDA SA,SÃO PAULO,16756,1997-12-23 00:00:00,2009-12-31 00:00:00,Emp. Adm. Part. - Alimentos,PRIVADO,SEDE,SP,Categoria A
CANCELADA,11.193.684/0001-01,GÁVEA SECURITIZADORA S.A.,CURITIBA,23418,2014-06-20 00:00:00,2018-07-18 00:00:00,Securitização de Recebíveis,PRIVADO HOLDING,SEDE,PR,Categoria B
CANCELADA,50.747.732/0001-18,GAZETA MERCANTIL SA,SÃO PAULO,14400,1994-05-25 00:00:00,2010-01-04 00:00:00,Gráficas e Editoras,PRIVADO,SEDE,SP,Categoria A
CANCELADA,88.611.983/0001-43,GAZOLA SA INDÚSTRIA METALURGICA,CAXIAS DO SUL,6378,1932-12-28 00:00:00,2012-05-07 00:00:00,Metalurgia e Siderurgia,PRIVADO,SEDE,RS,Categoria A
CANCELADA,06.920.516/0001-30,GECOSA I INT GERVASIO COSTA SA,UNIÃO,6394,1977-07-20 00:00:00,2010-01-04 00:00:00,Alimentos,PRIVADO,SEDE,PI,Categoria A
ATIVO,08.764.621/0001-53,GENERAL SHOPPING E OUTLETS DO BRASIL BRASIL S.A.,SÃO PAULO,21008,2007-07-26 00:00:00,2007-07-26 00:00:00,Comércio (Atacado e Varejo),PRIVADO,SEDE,SP,Categoria A
ATIVO,08.764.621/0001-53,GENERAL SHOPPING E OUTLETS DO BRASIL BRASIL S.A.,SÃO PAULO,21008,2007-07-26 00:00:00,2007-07-26 00:00:00,Comércio (Atacado e Varejo),PRIVADO,SEDE,SP,Categoria A
ATIVO,33.611.500/0001-19,GERDAU S.A.,SÃO PAULO,3980,1980-09-03 00:00:00,1980-09-03 00:00:00,Metalurgia e Siderurgia,PRIVADO,SEDE,SP,Categoria A
CANCELADA,10.440.482/0001-54,GETNET ADQUIRÊNCIA E SERVIÇOS PARA MEIOS DE PAGAMENTO S.A.,SÃO PAULO,26140,2021-08-10 00:00:00,2022-12-28 00:00:00,Intermediação Financeira,PRIVADO,SEDE,SP,Categoria A
ATIVO,07.714.104/0001-07,GIGA MAIS FIBRA TELECOMUNICAÇÕES S.A.,CARMO,27502,2024-06-21 00:00:00,2024-06-21 00:00:00,Telecomunicações,PRIVADO,SEDE,RJ,Categoria A
CANCELADA,05.330.331/0001-03,GLOBAL BRASIL SA,CURITIBA,19402,2003-05-14 00:00:00,2012-07-09 00:00:00,Emp. Adm. Part. - Sem Setor Principal,PRIVADO,SEDE,PR,Categoria A
CANCELADA,06.164.253/0001-87,GOL LINHAS AEREAS INTELIGENTES SA,SÃO PAULO,19569,2004-06-09 00:00:00,2026-04-01 00:00:00,Emp. Adm. Part. - Serviços Transporte e Logística,PRIVADO HOLDING,SEDE,SP,Categoria A
CANCELADA,06.164.253/0001-87,GOL LINHAS AEREAS INTELIGENTES SA,SÃO PAULO,19569,2004-06-09 00:00:00,2026-04-01 00:00:00,Emp. Adm. Part. - Serviços Transporte e Logística,PRIVADO HOLDING,SEDE,SP,Categoria A
CANCELADA,21.903.297/0001-75,GPR - PINHEIRO & RINALDO CAPITAL S.A.,INDAIATUBA,23876,2016-02-24 00:00:00,2019-02-13 00:00:00,Securitização de Recebíveis,PRIVADO,SEDE,SP,Categoria B
ATIVO,09.229.201/0001-30,GPS PARTICIPAÇÕES E EMPREENDIMENTOS S/A,SÃO PAULO,25712,2021-04-20 00:00:00,2021-04-20 00:00:00,Emp. Adm. Part. - Sem Setor Principal,PRIVADO,SEDE,SP,Categoria A
CANCELADA,14.191.427/0001-29,GRANBIO INVESTIMENTOS S.A.,SÃO PAULO,25321,2020-11-13 00:00:00,2026-02-18 00:00:00,"Emp. Adm. Part. - Agricultura (Açúcar, Álcool e Cana)",PRIVADO,SEDE,SP,Categoria A
ATIVO,81.616.807/0001-55,GRANJA FARIA S.A.,LAURO MULLER,27219,2023-06-12 00:00:00,2023-06-12 00:00:00,Alimentos,PRIVADO,SEDE,SC,Categoria A
ATIVO,92.012.467/0001-70,GRAZZIOTIN SA,PASSO FUNDO,4537,1979-01-31 00:00:00,1979-01-31 00:00:00,Comércio (Atacado e Varejo),PRIVADO,SEDE,RS,Categoria A
ATIVO,89.850.341/0001-60,GRENDENE SA,SOBRAL,19615,2004-10-26 00:00:00,2004-10-26 00:00:00,Têxtil e Vestuário,PRIVADO HOLDING,SEDE,CE,Categoria A
CANCELADA,01.258.945/0001-70,GRUÇAI PARTICIPAÇÕES SA,SÃO PAULO,15695,1996-08-28 00:00:00,2019-08-16 00:00:00,Emp. Adm. Part. - Serviços Transporte e Logística,PRIVADO HOLDING,SEDE,SP,Categoria A
ATIVO,33.041.260/0652-90,GRUPO CASAS BAHIA S.A.,SÃO PAULO,6505,1981-11-24 00:00:00,1981-11-24 00:00:00,Comércio (Atacado e Varejo),PRIVADO,SEDE,SP,Categoria A
ATIVO,33.041.260/0652-90,GRUPO CASAS BAHIA S.A.,SÃO PAULO,6505,1981-11-24 00:00:00,1981-11-24 00:00:00,Comércio (Atacado e Varejo),PRIVADO,SEDE,SP,Categoria A
CANCELADA,10.285.590/0001-08,GRUPO DE MODA SOMA S.A.,RIO DE JANEIRO,25011,2020-07-29 00:00:00,2024-07-31 00:00:00,Têxtil e Vestuário,PRIVADO,SEDE,RJ,Categoria A
ATIVO,04.972.092/0001-22,GRUPO FARTURA DE HORTIFRUT S.A.,SUMARÉ,26166,2021-08-16 00:00:00,2021-08-16 00:00:00,Comércio (Atacado e Varejo),PRIVADO,SEDE,SP,Categoria A
ATIVO,24.990.777/0001-09,GRUPO MATEUS S.A.,SÃO LUÍS,25186,2020-10-08 00:00:00,2020-10-08 00:00:00,Emp. Adm. Part. - Comércio (Atacado e Varejo),PRIVADO HOLDING,SEDE,MA,Categoria A
ATIVO,24.990.777/0001-09,GRUPO MATEUS S.A.,SÃO LUÍS,25186,2020-10-08 00:00:00,2020-10-08 00:00:00,Emp. Adm. Part. - Comércio (Atacado e Varejo),PRIVADO HOLDING,SEDE,MA,Categoria A
ATIVO,59.717.553/0001-02,GRUPO MULTILASER S.A.,SÃO PAULO,26034,2021-07-20 00:00:00,2021-07-20 00:00:00,Comunicação e Informática,PRIVADO,SEDE,SP,Categoria A
ATIVO,17.765.891/0001-70,GRUPO SALTA EDUCAÇÃO S.A.,RIO DE JANEIRO,27820,2025-06-17 00:00:00,2025-06-17 00:00:00,Emp. Adm. Part. - Educação,PRIVADO,SEDE,RJ,Categoria A
ATIVO,13.217.485/0001-11,GRUPO SBF S.A.,SÃO PAULO,24694,2019-04-15 00:00:00,2019-04-15 00:00:00,Comércio (Atacado e Varejo),PRIVADO HOLDING,SEDE,SP,Categoria A
ATIVO,31.553.627/0001-01,GRUPO TOKY S.A.,SÃO PAULO,25461,2021-02-03 00:00:00,2021-02-03 00:00:00,Comércio (Atacado e Varejo),ESTRANGEIRO,SEDE,SP,Categoria A
ATIVO,08.397.078/0001-01,GSH CORP PARTICIPAÇÕES S.A.,RIO DE JANEIRO,26603,2022-01-27 00:00:00,2022-01-27 00:00:00,Serviços Médicos,PRIVADO,SEDE,RJ,Categoria A
CANCELADA,00.649.881/0001-76,GTD PARTICIPACOES SA,RIO DE JANEIRO,14915,1995-06-27 00:00:00,2015-04-07 00:00:00,Emp. Adm. Part. - Sem Setor Principal,PRIVADO,SEDE,RJ,Categoria A
ATIVO,08.402.943/0001-52,GUARARAPES CONFECÇÕES SA,NATAL,4669,1958-10-16 00:00:00,1958-10-16 00:00:00,Têxtil e Vestuário,PRIVADO,SEDE,RN,Categoria A
CANCELADA,08.810.422/0001-34,GUARARAPES PAINÉIS S.A.,CAÇADOR,26115,2021-07-30 00:00:00,2023-12-28 00:00:00,"Emp. Adm. Part. - Const. Civil, Mat. Const. e Decoração",PRIVADO,SEDE,SC,Categoria A
CANCELADA,30.788.149/0001-48,GUARDIAN COMPANHIA SECURITIZADORA,PORTO ALEGRE,24562,2018-10-10 00:00:00,2023-12-28 00:00:00,Securitização de Recebíveis,PRIVADO,SEDE,RS,Categoria B
CANCELADA,03.420.904/0001-64,GVT HOLDING S/A,CURITIBA,20117,2006-06-09 00:00:00,2010-05-07 00:00:00,Emp. Adm. Part. - Telecomunicações,ESTRANGEIRO HOLDING,SEDE,PR,Categoria A
CANCELADA,09.304.427/0001-58,HABITASEC SECURITIZADORA SA,SÃO PAULO,21628,2008-08-19 00:00:00,2022-06-30 00:00:00,Securitização de Recebíveis,PRIVADO,SEDE,SP,Categoria B
ATIVO,30.540.991/0001-66,HAGA S.A. INDÚSTRIA E COMÉRCIO,NOVA FRIBURGO,13366,1988-09-01 00:00:00,1988-09-01 00:00:00,Metalurgia e Siderurgia,PRIVADO,SEDE,RJ,Categoria A
ATIVO,05.197.443/0001-38,HAPVIDA PARTICIPAÇÕES E INVESTIMENTOS S.A.,FORTALEZA,24392,2018-04-20 00:00:00,2018-04-20 00:00:00,Serviços Médicos,PRIVADO HOLDING,SEDE,CE,Categoria A
ATIVO,05.197.443/0001-38,HAPVIDA PARTICIPAÇÕES E INVESTIMENTOS S.A.,FORTALEZA,24392,2018-04-20 00:00:00,2018-04-20 00:00:00,Serviços Médicos,PRIVADO HOLDING,SEDE,CE,Categoria A
CANCELADA,13.407.573/0001-86,HARPIA ÔMEGA PARTICIPAÇÕES S.A.,SÃO PAULO,22578,2011-08-18 00:00:00,2016-06-07 00:00:00,Emp. Adm. Part. - Sem Setor Principal,PRIVADO HOLDING,SEDE,SP,Categoria A
ATIVO,56.444.250/0001-75,HAUSCENTER SA,SÃO PAULO,14850,1995-05-02 00:00:00,1995-05-02 00:00:00,Emp. Adm. Part. - Sem Setor Principal,PRIVADO,SEDE,SP,Categoria B
ATIVO,14.785.152/0001-51,HBR REALTY EMPREENDIMENTOS IMOBILIÁRIOS S.A.,MOGI DAS CRUZES,25402,2020-12-18 00:00:00,2020-12-18 00:00:00,"Construção Civil, Mat. Constr. e Decoração",PRIVADO,SEDE,SP,Categoria A
ATIVO,49.263.189/0001-02,HELBOR EMPREENDIMENTOS S/A,MOGI DAS CRUZES,20877,2007-07-09 00:00:00,2007-07-09 00:00:00,"Construção Civil, Mat. Constr. e Decoração",PRIVADO,SEDE,SP,Categoria A
ATIVO,32.431.519/0001-10,HÉLIO VALGAS SOLAR PARTICIPAÇÕES S.A.,VÁRZEA DA PALMA,27332,2023-10-30 00:00:00,2023-10-30 00:00:00,Energia Elétrica,PRIVADO,SEDE,MG,Categoria B
ATIVO,92.749.225/0001-63,HERCULES S/A - FABRICA DE TALHERES,SÃO PAULO,6629,1968-11-01 00:00:00,1968-11-01 00:00:00,Metalurgia e Siderurgia,PRIVADO,SEDE,SP,Categoria A
ATIVO,12.648.327/0001-53,HIDROVIAS DO BRASIL S.A.,SÃO PAULO,22675,2011-12-14 00:00:00,2011-12-14 00:00:00,Serviços Transporte e Logística,PRIVADO,SEDE,SP,Categoria A
ATIVO,27.902.165/0002-96,HIGHLINE BRASIL II INFRAESTRUTURA DE TELECOMUNICAÇÕES S.A.,RIO DE JANEIRO,27880,2025-08-04 00:00:00,2025-08-04 00:00:00,Telecomunicações,PRIVADO,SEDE,RJ,Categoria B
CANCELADA,39.393.829/0001-37,HLASA PARTICIPAÇÕES S.A.,RIO DE JANEIRO,25364,2020-12-10 00:00:00,2022-01-10 00:00:00,Emp. Adm. Part. - Sem Setor Principal,PRIVADO HOLDING,SEDE,RJ,Categoria A
ATIVO,40.159.947/0001-64,HMOBI PARTICIPAÇÕES S.A,RIO DE JANEIRO,25674,2021-04-07 00:00:00,2021-04-07 00:00:00,Emp. Adm. Part. - Sem Setor Principal,PRIVADO HOLDING,SEDE,RJ,Categoria A
ATIVO,18.903.785/0001-78,HOLDING DO ARAGUAIA S.A.,SÃO PAULO,26565,2021-12-23 00:00:00,2021-12-23 00:00:00,Serviços Transporte e Logística,PRIVADO HOLDING,SEDE,SP,Categoria B
CANCELADA,23.864.409/0001-51,HOLDING VERZANI & SANDRINI S.A.,SANTO ANDRÉ,26689,2022-03-23 00:00:00,2022-08-12 00:00:00,Emp. Adm. Part. - Sem Setor Principal,PRIVADO,SEDE,SP,Categoria A
CANCELADA,00.924.432/0001-99,HOPI HARI SA,VINHEDO,15377,1996-02-13 00:00:00,2018-05-30 00:00:00,Hospedagem e Turismo,PRIVADO,SEDE,SP,Categoria A
ATIVO,02.560.878/0001-07,HOSPITAL ANCHIETA S.A.,BRASÍLIA,26468,2021-12-08 00:00:00,2021-12-08 00:00:00,Serviços Médicos,PRIVADO,SEDE,DF,Categoria B
ATIVO,25.249.439/0001-83,HOSPITAL CARE CALEDONIA S.A.,CAMPINAS,25771,2021-04-28 00:00:00,2021-04-28 00:00:00,Serviços Médicos,PRIVADO,SEDE,SP,Categoria A
ATIVO,16.676.520/0001-59,HOSPITAL MATER DEI S.A.,BELO HORIZONTE,25690,2021-04-14 00:00:00,2021-04-14 00:00:00,Serviços Médicos,PRIVADO,SEDE,MG,Categoria A
CANCELADA,33.858.168/0001-91,HOTEIS E TURISMO GUANABARA SA,BELO HORIZONTE,6696,1968-07-17 00:00:00,2015-03-13 00:00:00,Hospedagem e Turismo,PRIVADO,SEDE,MG,Categoria A
ATIVO,33.200.049/0001-47,HOTEIS OTHON S.A. - EM RECUPERAÇÃO JUDICIAL,RIO DE JANEIRO,6700,1980-08-08 00:00:00,1980-08-08 00:00:00,Hospedagem e Turismo,PRIVADO,SEDE,RJ,Categoria A
CANCELADA,15.675.715/0001-11,HOUSI S.A.,SÃO PAULO,25313,2020-11-10 00:00:00,2022-06-21 00:00:00,"Emp. Adm. Part. - Const. Civil, Mat. Const. e Decoração",PRIVADO,SEDE,SP,Categoria A
CANCELADA,12.827.269/0001-25,HRH ILHA DO SOL EMPREENDIMENTOS IMOBILIÁRIOS SPE S/A,SERTANEJA,24376,2018-04-11 00:00:00,2020-06-15 00:00:00,Hospedagem e Turismo,PRIVADO,SEDE,PR,Categoria B
CANCELADA,40.760.921/0001-77,HUMAITA SECURITIZADORA S/A,NATAL,25968,2021-07-05 00:00:00,2022-06-30 00:00:00,Securitização de Recebíveis,PRIVADO,SEDE,RN,Categoria B
CANCELADA,18.483.666/0001-03,HUMBERG AGRIBRASIL COMÉRCIO E EXPORTAÇÃO DE GRÃOS S.A,SÃO PAULO,25933,2021-06-10 00:00:00,2025-10-24 00:00:00,Comércio (Atacado e Varejo),PRIVADO,SEDE,SP,Categoria A
ATIVO,02.932.074/0001-91,HYPERA S/A,SÃO PAULO,21431,2008-04-16 00:00:00,2008-04-16 00:00:00,Farmacêutico e Higiene,PRIVADO,SEDE,SP,Categoria A
ATIVO,40.593.395/0001-06,IFIN PARTICIPACOES S.A.,SÃO PAULO,26905,2022-07-28 00:00:00,2022-07-28 00:00:00,Securitização de Recebíveis,PRIVADO,SEDE,SP,Categoria A
CANCELADA,43.185.362/0001-07,IGB ELETRÔNICA S.A. - EM RECUPERAÇÃO JUDICIAL,MANAUS,6815,1973-12-19 00:00:00,2023-06-07 00:00:00,"Máquinas, Equipamentos, Veículos e Peças",PRIVADO,SEDE,AM,Categoria A
ATIVO,42.353.180/0001-35,IGUÁ RIO DE JANEIRO S.A.,RIO DE JANEIRO,26727,2022-03-30 00:00:00,2022-03-30 00:00:00,"Emp. Adm. Part. - Saneamento, Serv. Água e Gás",PRIVADO,SEDE,RJ,Categoria B
CANCELADA,08.159.965/0001-33,IGUA SANEAMENTO S.A.,SÃO PAULO,22403,2011-02-21 00:00:00,2011-03-23 00:00:00,"Saneamento, Serv. Água e Gás",PRIVADO HOLDING,SEDE,SP,Categoria A
ATIVO,08.159.965/0001-33,IGUA SANEAMENTO S.A.,SÃO PAULO,23175,2013-05-13 00:00:00,2013-05-13 00:00:00,"Saneamento, Serv. Água e Gás",PRIVADO HOLDING,SEDE,SP,Categoria A
ATIVO,58.070.452/0001-20,IGUÁ SERGIPE S.A.,ARACAJU,27812,2025-05-29 00:00:00,2025-05-29 00:00:00,"Emp. Adm. Part. - Saneamento, Serv. Água e Gás",PRIVADO HOLDING,SEDE,SE,Categoria B
CANCELADA,81.304.727/0001-64,IGUACU CELULOSE PAPEL SA,CURITIBA,15113,1995-11-09 00:00:00,2017-03-03 00:00:00,Papel e Celulose,PRIVADO,SEDE,PR,Categoria A
ATIVO,51.218.147/0001-93,IGUATEMI EMPRESA DE SHOPPING CENTERS S/A,SÃO PAULO,20494,2007-02-02 00:00:00,2007-02-02 00:00:00,Comércio (Atacado e Varejo),PRIVADO,SEDE,SP,Categoria B
ATIVO,60.543.816/0001-93,IGUATEMI S.A.,SÃO PAULO,8672,1946-03-12 00:00:00,1946-03-12 00:00:00,Emp. Adm. Part. - Comércio (Atacado e Varejo),PRIVADO HOLDING,SEDE,SP,Categoria A
CANCELADA,04.893.996/0001-62,IMPORTADORA DE FERRAGENS SA,BELÉM,6840,1977-07-20 00:00:00,2010-01-04 00:00:00,Comércio (Atacado e Varejo),PRIVADO,SEDE,CE,Categoria A
ATIVO,09.054.385/0001-44,INBRANDS SA,SÃO PAULO,22560,2011-08-08 00:00:00,2011-08-08 00:00:00,Têxtil e Vestuário,PRIVADO,SEDE,SP,Categoria A
ATIVO,09.611.768/0001-76,INC EMPREENDIMENTOS IMOBILIÁRIOS S.A.,JUIZ DE FORA,24279,2017-11-09 00:00:00,2017-11-09 00:00:00,"Construção Civil, Mat. Constr. e Decoração",PRIVADO,SEDE,MG,Categoria A
CANCELADA,15.126.626/0001-16,IND AZULEJOS BAHIA SA,CAMAÇARI,6955,1971-12-30 00:00:00,2018-01-30 00:00:00,"Construção Civil, Mat. Constr. e Decoração",PRIVADO,SEDE,BA,Categoria A
CANCELADA,90.724.345/0001-80,IND MAQS AGRICOLAS FUCHS SA,IJUÍ,7064,1972-04-14 00:00:00,2012-10-25 00:00:00,"Máquinas, Equipamentos, Veículos e Peças",PRIVADO,SEDE,RS,Categoria A
CANCELADA,92.690.817/0001-57,"INDAC - INDÚSTRIA, ADM. E COMÉRCIO S.A.",PORTO ALEGRE,7277,1983-03-30 00:00:00,2010-03-08 00:00:00,Emp. Adm. Part. - Metalurgia e Siderurgia,PRIVADO,SEDE,RS,Categoria A
CANCELADA,62.291.380/0001-18,INDS ARTEB SA,SÃO BERNARDO DO CAMPO,15881,1996-11-28 00:00:00,2010-01-25 00:00:00,"Máquinas, Equipamentos, Veículos e Peças",PRIVADO,SEDE,SP,Categoria A
CANCELADA,10.728.806/0001-54,INDS COELHO SA,RECIFE,7382,1977-07-20 00:00:00,2010-01-04 00:00:00,Alimentos,PRIVADO,SEDE,PE,Categoria A
CANCELADA,60.873.874/0001-85,INDS MADEIRIT SA,SÃO PAULO,7439,1968-08-05 00:00:00,2010-01-04 00:00:00,"Construção Civil, Mat. Constr. e Decoração",PRIVADO,SEDE,SP,Categoria A
CANCELADA,28.500.320/0001-20,INDÚSTRIA VEROLME S.A. - IVESA,RIO DE JANEIRO,12866,1986-07-02 00:00:00,2015-04-07 00:00:00,"Máquinas, Equipamentos, Veículos e Peças",PRIVADO HOLDING,SEDE,RJ,Categoria A
CANCELADA,02.225.714/0001-23,INEPAR ENERGIA SA,CURITIBA,16730,1997-12-17 00:00:00,2011-11-21 00:00:00,Energia Elétrica,PRIVADO,SEDE,PR,Categoria A
ATIVO,02.258.422/0001-97,INEPAR EQUIPAMENTOS E MONTAGENS S/A - EM RECUPERACAO JUDICIA,CURITIBA,17868,1998-10-23 00:00:00,1998-10-23 00:00:00,"Máquinas, Equipamentos, Veículos e Peças",PRIVADO,SEDE,PR,Categoria A
ATIVO,76.627.504/0001-06,INEPAR S.A. INDUSTRIA E CONSTRUCOES EM RECUPERACAO JUDICIAL,CURITIBA,7595,1980-01-22 00:00:00,1980-01-22 00:00:00,"Máquinas, Equipamentos, Veículos e Peças",PRIVADO,SEDE,PR,Categoria A
ATIVO,38.456.921/0001-36,INFRACOMMERCE CXAAS S.A.,SÃO PAULO,25747,2021-04-27 00:00:00,2021-04-27 00:00:00,Comércio (Atacado e Varejo),PRIVADO,SEDE,SP,Categoria A
CANCELADA,10.488.244/0001-19,INFRASEC SECURITIZADORA S/A,SÃO PAULO,21750,2009-09-22 00:00:00,2026-04-13 00:00:00,Securitização de Recebíveis,PRIVADO,SEDE,SP,Categoria B
CANCELADA,02.604.860/0001-60,INNCORP S.A.,SÃO PAULO,17558,1998-07-20 00:00:00,2020-11-05 00:00:00,Emp. Adm. Part. - Sem Setor Principal,PRIVADO HOLDING,SEDE,SP,Categoria A
ATIVO,35.822.503/0001-27,INSPIRALI EDUCAÇÃO S.A.,BELO HORIZONTE,27251,2023-07-27 00:00:00,2023-07-27 00:00:00,Educação,PRIVADO,SEDE,MG,Categoria B
CANCELADA,19.378.769/0001-76,INSTITUTO HERMES PARDINI S/A,BELO HORIZONTE,24090,2017-02-10 00:00:00,2023-07-19 00:00:00,Serviços Médicos,PRIVADO,SEDE,MG,Categoria A
CANCELADA,19.378.769/0001-76,INSTITUTO HERMES PARDINI S/A,BELO HORIZONTE,24090,2017-02-10 00:00:00,2023-07-19 00:00:00,Serviços Médicos,PRIVADO,SEDE,MG,Categoria A
ATIVO,82.901.000/0001-27,INTELBRAS S.A. IND. DE TELECOMUNICAÇÃO ELETRÔNICA BRASILEIRA,SÃO JOSÉ,25453,2021-02-02 00:00:00,2021-02-02 00:00:00,Comércio (Atacado e Varejo),PRIVADO,SEDE,SC,Categoria A
CANCELADA,12.395.063/0001-73,INTELLECTUAL SERVICES S.A - GESTÃO DE ATIVOS DO CONHECIMENTO,CURITIBA,23043,2013-02-19 00:00:00,2016-01-07 00:00:00,Emp. Adm. Part. - Educação,PRIVADO,SEDE,PR,Categoria A
CANCELADA,62.258.884/0001-36,INTERCEMENT BRASIL S.A. - EM RECUPERAÇÃO JUDICIAL,SÃO PAULO,19631,2004-11-12 00:00:00,2011-08-01 00:00:00,"Construção Civil, Mat. Constr. e Decoração",PRIVADO,SEDE,SP,Categoria B
CANCELADA,62.258.884/0001-36,INTERCEMENT BRASIL S.A. - EM RECUPERAÇÃO JUDICIAL,SÃO PAULO,25992,2021-07-14 00:00:00,2026-04-27 00:00:00,"Construção Civil, Mat. Constr. e Decoração",PRIVADO,SEDE,SP,Categoria A
CANCELADA,12.610.116/0001-21,INTERCOSMETIC HOLDING S/A,CURITIBA,22888,2012-08-06 00:00:00,2016-01-07 00:00:00,Emp. Adm. Part. - Farmacêutico e Higiene,PRIVADO,SEDE,PR,Categoria A
CANCELADA,12.394.916/0001-52,INTERMULTIMODAL S.A OPERADORA DE PLATAFORMAS INTERNACIONAIS DE LOGISTICA MULTIMODAL,CURITIBA,23086,2013-02-28 00:00:00,2016-01-07 00:00:00,Emp. Adm. Part. - Serviços Transporte e Logística,PRIVADO,SEDE,PR,Categoria A
ATIVO,17.314.329/0001-20,INTERNATIONAL MEAL COMPANY ALIMENTAÇÃO S.A.,SÃO PAULO,23574,2015-03-19 00:00:00,2015-03-19 00:00:00,Alimentos,PRIVADO,SEDE,SP,Categoria A
CANCELADA,08.936.792/0001-12,"INTERNATIONAL MEAL COMPANY HOLDINGS, SA",SÃO PAULO,21890,2009-12-18 00:00:00,2010-03-26 00:00:00,Alimentos,ESTRANGEIRO HOLDING,SEDE,SP,Categoria A
CANCELADA,08.936.792/0001-12,"INTERNATIONAL MEAL COMPANY HOLDINGS, SA",SÃO PAULO,22438,2011-03-03 00:00:00,2014-12-01 00:00:00,Alimentos,PRIVADO HOLDING,SEDE,SP,Categoria A
CANCELADA,05.347.060/0001-07,INTERPLAYERS SOLUÇÕES INTEGRADAS S.A.,SÃO PAULO,26387,2021-11-19 00:00:00,2024-10-30 00:00:00,Farmacêutico e Higiene,PRIVADO,SEDE,SP,Categoria A
ATIVO,00.644.907/0001-93,INVESTCO S/A,MIRACEMA DO TOCANTINS,18589,2000-02-04 00:00:00,2000-02-04 00:00:00,Energia Elétrica,PRIVADO,SEDE,TO,Categoria A
ATIVO,01.548.981/0001-79,INVESTIMENTOS BEMGE S.A.,SÃO PAULO,6041,1977-07-20 00:00:00,1977-07-20 00:00:00,Bancos,PRIVADO,SEDE,SP,Categoria A
ATIVO,03.758.318/0001-24,INVESTIMENTOS E PARTICIP EM INFRA SA INVEPAR,GUARULHOS,18775,2000-09-29 00:00:00,2000-09-29 00:00:00,Emp. Adm. Part. - Serviços Transporte e Logística,PRIVADO,SEDE,SP,Categoria A
ATIVO,03.758.318/0001-24,INVESTIMENTOS E PARTICIP EM INFRA SA INVEPAR,GUARULHOS,18775,2000-09-29 00:00:00,2000-09-29 00:00:00,Emp. Adm. Part. - Serviços Transporte e Logística,PRIVADO,SEDE,SP,Categoria A
CANCELADA,10.242.478/0001-81,INVITEL LEGACY SA,RIO DE JANEIRO,21687,2008-11-11 00:00:00,2020-07-01 00:00:00,Emp. Adm. Part. - Telecomunicações,PRIVADO HOLDING,SEDE,RJ,Categoria B
ATIVO,61.156.113/0001-75,IOCHPE MAXION SA,CRUZEIRO,11932,1984-07-17 00:00:00,1984-07-17 00:00:00,"Máquinas, Equipamentos, Veículos e Peças",PRIVADO,SEDE,SP,Categoria A
ATIVO,61.156.113/0001-75,IOCHPE MAXION SA,CRUZEIRO,11932,1984-07-17 00:00:00,1984-07-17 00:00:00,"Máquinas, Equipamentos, Veículos e Peças",PRIVADO,SEDE,SP,Categoria A
ATIVO,61.156.113/0001-75,IOCHPE MAXION SA,CRUZEIRO,11932,1984-07-17 00:00:00,1984-07-17 00:00:00,"Máquinas, Equipamentos, Veículos e Peças",PRIVADO,SEDE,SP,Categoria A
ATIVO,92.791.243/0001-03,IRANI PAPEL E EMBALAGEM S.A.,PORTO ALEGRE,2429,1977-07-20 00:00:00,1977-07-20 00:00:00,Embalagens,PRIVADO,SEDE,RS,Categoria A
ATIVO,33.376.989/0001-91,IRB - BRASIL RESSEGUROS S.A.,RIO DE JANEIRO,24180,2017-07-27 00:00:00,2017-07-27 00:00:00,Seguradoras e Corretoras,PRIVADO,SEDE,RJ,Categoria A
ATIVO,33.376.989/0001-91,IRB - BRASIL RESSEGUROS S.A.,RIO DE JANEIRO,24180,2017-07-27 00:00:00,2017-07-27 00:00:00,Seguradoras e Corretoras,PRIVADO,SEDE,RJ,Categoria A
CANCELADA,08.075.006/0001-30,ISA CAPITAL DO BRASIL SA,SÃO PAULO,20427,2007-01-04 00:00:00,2010-05-28 00:00:00,Emp. Adm. Part. - Energia Elétrica,ESTRANGEIRO HOLDING,SEDE,SP,Categoria B
ATIVO,02.998.611/0001-04,ISA ENERGIA BRASIL S.A.,SÃO PAULO,18376,1999-07-14 00:00:00,1999-07-14 00:00:00,Energia Elétrica,PRIVADO HOLDING,SEDE,SP,Categoria A
ATIVO,02.998.611/0001-04,ISA ENERGIA BRASIL S.A.,SÃO PAULO,18376,1999-07-14 00:00:00,1999-07-14 00:00:00,Energia Elétrica,PRIVADO HOLDING,SEDE,SP,Categoria A
CANCELADA,13.407.617/0001-78,ISOLUX INFRASTRUCTURE SA,SÃO PAULO,22624,2011-12-09 00:00:00,2012-03-29 00:00:00,Energia Elétrica,ESTRANGEIRO,SEDE,SP,Categoria A
CANCELADA,01.355.994/0001-21,ITA ENERGETICA S/A,SÃO PAULO,18910,2001-03-21 00:00:00,2012-12-26 00:00:00,Energia Elétrica,PRIVADO,SEDE,SP,Categoria B
CANCELADA,01.258.943/0001-81,ITAITINGA PARTICIPACOES SA,SÃO PAULO,15865,1996-11-07 00:00:00,2019-08-19 00:00:00,Emp. Adm. Part. - Sem Setor Principal,PRIVADO HOLDING,SEDE,SP,Categoria A
CANCELADA,02.397.080/0001-96,ITAPEBI GERAÇÃO DE ENERGIA S/A,RIO DE JANEIRO,19364,2003-02-05 00:00:00,2026-02-25 00:00:00,Energia Elétrica,PRIVADO,SEDE,RJ,Categoria B
CANCELADA,08.219.477/0001-74,ITAQUI GERAÇÃO DE ENERGIA S.A.,SÃO LUÍS,23213,2013-09-26 00:00:00,2015-07-31 00:00:00,Energia Elétrica,PRIVADO,SEDE,MA,Categoria B
ATIVO,60.872.504/0001-23,ITAÚ UNIBANCO HOLDING S.A.,SÃO PAULO,19348,2002-12-30 00:00:00,2002-12-30 00:00:00,Bancos,PRIVADO,SEDE,SP,Categoria A
ATIVO,61.532.644/0001-15,ITAUSA S.A.,SÃO PAULO,7617,1977-07-20 00:00:00,1977-07-20 00:00:00,Emp. Adm. Part. - Intermediação Financeira,PRIVADO,SEDE,SP,Categoria A
ATIVO,61.532.644/0001-15,ITAUSA S.A.,SÃO PAULO,7617,1977-07-20 00:00:00,1977-07-20 00:00:00,Emp. Adm. Part. - Intermediação Financeira,PRIVADO,SEDE,SP,Categoria A
CANCELADA,07.256.507/0001-50,ITAUSEG PARTICIPAÇÕES SA,SÃO PAULO,19933,2006-01-05 00:00:00,2012-11-28 00:00:00,Emp. Adm. Part. - Seguradoras e Corretoras,PRIVADO HOLDING,SEDE,SP,Categoria B
CANCELADA,54.526.082/0001-31,ITAUTEC S.A. - GRUPO ITAUTEC,SÃO PAULO,12530,1985-11-14 00:00:00,2019-08-15 00:00:00,Comunicação e Informática,PRIVADO,SEDE,SP,Categoria A
ATIVO,14.998.371/0001-19,J. MACEDO S/A,FORTALEZA,21156,2007-10-16 00:00:00,2007-10-16 00:00:00,Alimentos,PRIVADO,SEDE,CE,Categoria B
ATIVO,02.635.522/0001-95,JALLES MACHADO S.A.,GOIANÉSIA,25496,2021-02-04 00:00:00,2021-02-04 00:00:00,"Agricultura (Açúcar, Álcool e Cana)",PRIVADO,SEDE,GO,Categoria A
CANCELADA,84.432.426/0001-04,JARAGUA FABRIL SA,JARAGUÁ DO SUL,7781,1956-03-31 00:00:00,2010-01-04 00:00:00,Têxtil e Vestuário,PRIVADO,SEDE,SC,Categoria A
ATIVO,02.916.265/0001-60,JBS SA,SÃO PAULO,20575,2007-03-27 00:00:00,2007-03-27 00:00:00,Alimentos,PRIVADO,SEDE,SP,Categoria A
CANCELADA,07.859.510/0001-68,JHSF MALLS S.A.,SÃO PAULO,24473,2018-06-25 00:00:00,2023-12-06 00:00:00,Comércio (Atacado e Varejo),PRIVADO HOLDING,SEDE,SP,Categoria A
ATIVO,08.294.224/0001-65,JHSF PARTICIPAÇÕES SA,SÃO PAULO,20605,2007-04-04 00:00:00,2007-04-04 00:00:00,"Emp. Adm. Part. - Const. Civil, Mat. Const. e Decoração",PRIVADO HOLDING,SEDE,SP,Categoria A
ATIVO,33.035.536/0001-00,JOAO FORTES ENGENHARIA SA - EM RECUPERAÇÃO JUDICIAL,RIO DE JANEIRO,7811,1977-07-20 00:00:00,2021-05-19 00:00:00,"Construção Civil, Mat. Constr. e Decoração",PRIVADO,SEDE,RJ,Categoria A
ATIVO,87.456.562/0001-22,JOSAPAR-JOAQUIM OLIVEIRA S.A. - PARTICIP,PORTO ALEGRE,13285,1988-03-04 00:00:00,1988-03-04 00:00:00,Emp. Adm. Part. - Alimentos,PRIVADO,SEDE,RS,Categoria A
CANCELADA,15.463.423/0001-15,JP PARTICIPAÇÕES S.A.,SÃO PAULO,23299,2013-11-22 00:00:00,2014-12-31 00:00:00,Emp. Adm. Part. - Telecomunicações,PRIVADO,SEDE,SP,Categoria A
CANCELADA,53.790.218/0001-53,JPSP INVESTIMENTOS E PARTICIPAÇÕES S.A.,SÃO PAULO,12262,1985-01-04 00:00:00,2017-07-28 00:00:00,Emp. Adm. Part. - Telecomunicações,PRIVADO,SEDE,SP,Categoria A
ATIVO,52.548.435/0001-79,JSL S.A.,SÃO PAULO,22020,2010-04-15 00:00:00,2010-04-15 00:00:00,Serviços Transporte e Logística,PRIVADO HOLDING,SEDE,SP,Categoria A
ATIVO,52.548.435/0001-79,JSL S.A.,SÃO PAULO,22020,2010-04-15 00:00:00,2010-04-15 00:00:00,Serviços Transporte e Logística,PRIVADO HOLDING,SEDE,SP,Categoria A
ATIVO,09.414.761/0001-64,K-INFRA RODOVIA DO AÇO S.A.,VASSOURAS,22446,2011-03-29 00:00:00,2011-03-29 00:00:00,Serviços Transporte e Logística,PRIVADO,SEDE,RJ,Categoria B
ATIVO,09.146.451/0001-06,KALLAS INCORPORAÇÕES E CONSTRUÇÕES S.A.,SÃO PAULO,25798,2021-05-03 00:00:00,2021-05-03 00:00:00,"Construção Civil, Mat. Constr. e Decoração",PRIVADO,SEDE,SP,Categoria A
ATIVO,43.283.811/0001-50,KALUNGA S.A.,SÃO PAULO,25631,2021-03-08 00:00:00,2021-03-08 00:00:00,Comércio (Atacado e Varejo),PRIVADO,SEDE,SP,Categoria A
CANCELADA,09.347.916/0001-97,KAROON PETROLEO & GAS SA,RIO DE JANEIRO,22241,2010-11-09 00:00:00,2011-06-21 00:00:00,Petróleo e Gás,PRIVADO,SEDE,RJ,Categoria A
ATIVO,82.640.558/0001-04,KARSTEN SA,BLUMENAU,4146,1971-12-29 00:00:00,1971-12-29 00:00:00,Têxtil e Vestuário,PRIVADO,SEDE,SC,Categoria A
ATIVO,91.983.056/0001-69,KEPLER WEBER SA,SÃO PAULO,7870,1980-12-15 00:00:00,1980-12-15 00:00:00,Emp. Adm. Part. - Metalurgia e Siderurgia,PRIVADO,SEDE,SP,Categoria A
ATIVO,89.637.490/0001-45,KLABIN S.A.,SÃO PAULO,12653,1997-08-06 00:00:00,1997-08-06 00:00:00,Papel e Celulose,PRIVADO,SEDE,SP,Categoria A
CANCELADA,00.187.032/0001-48,KLABIN SEGALL S/A,SÃO PAULO,20249,2006-08-14 00:00:00,2010-08-30 00:00:00,"Construção Civil, Mat. Constr. e Decoração",PRIVADO,SEDE,SP,Categoria B
ATIVO,13.270.520/0001-66,KORA SAÚDE PARTICIPAÇÕES S.A.,VITÓRIA,25879,2021-05-13 00:00:00,2021-05-13 00:00:00,Serviços Médicos,PRIVADO,SEDE,ES,Categoria B
CANCELADA,00.354.053/0001-00,KOSMOS COMÉRCIO DE VESTUÁRIO S/A - EM RECUPERAÇÃO JUDICIAL,SÃO PAULO,15083,1995-10-09 00:00:00,2022-07-12 00:00:00,Comércio (Atacado e Varejo),PRIVADO,SEDE,SP,Categoria A
CANCELADA,61.489.514/0001-47,LABO ELETRONICA SA,SÃO CAETANO DO SUL,12688,1986-04-17 00:00:00,2010-01-04 00:00:00,"Máquinas, Equipamentos, Veículos e Peças",PRIVADO,SEDE,SP,Categoria A
ATIVO,17.159.229/0001-76,LABORATÓRIO TEUTO BRASILEIRO S.A.,ANÁPOLIS,26182,2021-08-24 00:00:00,2021-08-24 00:00:00,Farmacêutico e Higiene,PRIVADO,SEDE,GO,Categoria A
CANCELADA,60.631.090/0001-40,LARK SA MAQ E EQUIPAMENTOS(Massa Falida Administrada Judicialmente p/Soc.Advogados Mandel Advocacia),SÃO PAULO,7978,1977-07-20 00:00:00,2015-06-18 00:00:00,"Máquinas, Equipamentos, Veículos e Peças",PRIVADO,SEDE,SP,Categoria A
ATIVO,26.462.693/0001-28,LAVVI EMPREENDIMENTOS IMOBILIÁRIOS S.A,SÃO PAULO,25062,2020-08-31 00:00:00,2020-08-31 00:00:00,"Construção Civil, Mat. Constr. e Decoração",PRIVADO,SEDE,SP,Categoria A
ATIVO,21.414.457/0001-12,LEADS CIA. SECURITIZADORA,SÃO PAULO,23558,2015-02-03 00:00:00,2015-02-03 00:00:00,Securitização de Recebíveis,PRIVADO,SEDE,SP,Categoria B
ATIVO,00.873.894/0001-24,LET'S RENT A CAR S.A.,ARARAQUARA,27383,2023-12-18 00:00:00,2023-12-18 00:00:00,Serviços Transporte e Logística,PRIVADO,SEDE,SP,Categoria B
CANCELADA,02.390.206/0001-09,LF TEL SA,SÃO PAULO,17442,1998-07-02 00:00:00,2014-12-11 00:00:00,Emp. Adm. Part. - Telecomunicações,PRIVADO,SEDE,SP,Categoria A
CANCELADA,01.468.594/0001-22,LG INFORMÁTICA S.A.,APARECIDA DE GOIÂNIA,25666,2021-04-06 00:00:00,2022-05-12 00:00:00,Comunicação e Informática,PRIVADO,SEDE,GO,Categoria A
CANCELADA,26.173.550/0001-04,LGT HUB PARTICIPAÇÕES S/A,INDAIATUBA,24198,2017-08-28 00:00:00,2018-06-18 00:00:00,"Emp. Adm. Part. - Const. Civil, Mat. Const. e Decoração",PRIVADO,SEDE,SP,Categoria B
CANCELADA,02.373.517/0001-51,LIBRA TERMINAL RIO S.A. - EM RECUPERAÇÃO JUDICIAL,RIO DE JANEIRO,23434,2014-07-14 00:00:00,2020-05-08 00:00:00,Serviços Transporte e Logística,PRIVADO,SEDE,RJ,Categoria B
CANCELADA,04.169.411/0001-66,LIDER AVIAÇÃO HOLDING S/A,BELO HORIZONTE,21547,2008-07-14 00:00:00,2010-02-05 00:00:00,Emp. Adm. Part. - Serviços Transporte e Logística,PRIVADO HOLDING,SEDE,MG,Categoria B
ATIVO,02.357.251/0001-53,LIFEMED INDUSTRIAL DE EQUIP. E ART. MEDICOS E HOSP. S.A.,PELOTAS,24872,2019-11-08 00:00:00,2019-11-08 00:00:00,"Máquinas, Equipamentos, Veículos e Peças",PRIVADO,SEDE,RS,Categoria A
CANCELADA,02.217.325/0001-56,LIGA FUTEBOL SA,RIO DE JANEIRO,16691,1997-12-08 00:00:00,2013-01-15 00:00:00,Emp. Adm. Part. - Sem Setor Principal,PRIVADO HOLDING,SEDE,RJ,Categoria A
ATIVO,04.368.865/0001-66,LIGGA TELECOMUNICAÇÕES S.A.,CURITIBA,27367,2023-11-14 00:00:00,2023-11-14 00:00:00,Telecomunicações,PRIVADO,SEDE,PR,Categoria B
ATIVO,01.917.818/0001-36,LIGHT ENERGIA S.A.,RIO DE JANEIRO,23000,2013-01-11 00:00:00,2013-01-11 00:00:00,Energia Elétrica,PRIVADO,SEDE,RJ,Categoria B
ATIVO,03.378.521/0001-75,LIGHT S.A. - EM RECUPERAÇÃO JUDICIAL,RIO DE JANEIRO,19879,2005-12-12 00:00:00,2005-12-12 00:00:00,Emp. Adm. Part. - Energia Elétrica,PRIVADO,SEDE,RJ,Categoria A
ATIVO,60.444.437/0001-46,LIGHT SERVIÇOS DE ELETRICIDADE SA,RIO DE JANEIRO,8036,1968-11-25 00:00:00,1968-11-25 00:00:00,Energia Elétrica,PRIVADO HOLDING,SEDE,RJ,Categoria B
ATIVO,60.444.437/0001-46,LIGHT SERVIÇOS DE ELETRICIDADE SA,RIO DE JANEIRO,8036,1968-11-25 00:00:00,1968-11-25 00:00:00,Energia Elétrica,PRIVADO HOLDING,SEDE,RJ,Categoria B
ATIVO,10.234.027/0001-00,LINHAS DE MACAPÁ TRANSMISSORA DE ENERGIA S.A.,CATAGUASES,23680,2015-08-12 00:00:00,2015-08-12 00:00:00,Energia Elétrica,PRIVADO,SEDE,MG,Categoria B
ATIVO,10.240.186/0001-00,LINHAS DE XINGU TRANSMISSORA DE ENERGIA S.A.,CATAGUASES,23671,2015-08-12 00:00:00,2015-08-12 00:00:00,Energia Elétrica,PRIVADO,SEDE,MG,Categoria B
CANCELADA,06.948.969/0001-75,LINX S.A.,SÃO PAULO,23035,2013-02-06 00:00:00,2021-08-02 00:00:00,Comunicação e Informática,PRIVADO,SEDE,SP,Categoria A
ATIVO,00.743.065/0001-27,LITEL PARTICIPACOES SA,RIO DE JANEIRO,15091,1995-10-18 00:00:00,1995-10-18 00:00:00,Emp. Adm. Part. - Extração Mineral,PRIVADO,SEDE,RJ,Categoria A
ATIVO,05.495.546/0001-84,LITELA PARTICIPAÇÕES S.A. - EM LIQUIDAÇÃO,RIO DE JANEIRO,24759,2019-09-05 00:00:00,2019-09-05 00:00:00,Emp. Adm. Part. - Extração Mineral,PRIVADO,SEDE,RJ,Categoria A
ATIVO,05.917.486/0001-40,LIVETECH DA BAHIA INDÚSTRIA E COMÉRCIO S.A.,ILHÉUS,25895,2021-05-13 00:00:00,2021-05-13 00:00:00,Comércio (Atacado e Varejo),PRIVADO,SEDE,BA,Categoria A
CANCELADA,92.724.053/0001-73,LIVRARIA DO GLOBO SA,PORTO ALEGRE,8060,1977-07-20 00:00:00,2011-02-17 00:00:00,Comércio (Atacado e Varejo),PRIVADO,SEDE,RS,Categoria A
ATIVO,00.389.481/0001-79,LM TRANSPORTES INTERESTADUAIS SERVIÇOS E COMÉRCIO S.A.,SALVADOR,24880,2019-11-29 00:00:00,2019-11-29 00:00:00,Emp. Adm. Part. - Serviços Transporte e Logística,PRIVADO,SEDE,BA,Categoria B
ATIVO,02.286.479/0001-08,LOCALIZA  FLEET S.A.,BELO HORIZONTE,24813,2019-10-10 00:00:00,2019-10-10 00:00:00,Serviços Transporte e Logística,PRIVADO HOLDING,SEDE,MG,Categoria B
ATIVO,16.670.085/0001-55,LOCALIZA RENT A CAR SA,BELO HORIZONTE,19739,2005-05-06 00:00:00,2005-05-06 00:00:00,Serviços Transporte e Logística,PRIVADO,SEDE,MG,Categoria A
ATIVO,16.670.085/0001-55,LOCALIZA RENT A CAR SA,BELO HORIZONTE,19739,2005-05-06 00:00:00,2005-05-06 00:00:00,Serviços Transporte e Logística,PRIVADO,SEDE,MG,Categoria A
CANCELADA,04.437.534/0001-30,LOCAMÉRICA RENT-A-CAR S.A.,BELO HORIZONTE,21555,2008-07-29 00:00:00,2023-12-31 00:00:00,Serviços Transporte e Logística,PRIVADO,SEDE,MG,Categoria B
ATIVO,09.041.168/0001-10,LOG COMMERCIAL PROPERTIES E PARTICIPAÇÕES,BELO HORIZONTE,23272,2013-11-12 00:00:00,2013-11-12 00:00:00,"Construção Civil, Mat. Constr. e Decoração",PRIVADO HOLDING,SEDE,MG,Categoria A
ATIVO,42.278.291/0001-24,LOG-IN LOGISTICA INTERMODAL SA,RIO DE JANEIRO,20710,2007-06-04 00:00:00,2007-06-04 00:00:00,Serviços Transporte e Logística,PRIVADO,SEDE,RJ,Categoria A
CANCELADA,19.851.496/0001-35,LOGOS COMPANHIA SECURITIZADORA S/A,CURITIBA,23477,2014-09-04 00:00:00,2023-03-21 00:00:00,Securitização de Recebíveis,PRIVADO,SEDE,PR,Categoria B
CANCELADA,33.014.556/0001-96,LOJAS AMERICANAS SA,RIO DE JANEIRO,8087,1977-07-20 00:00:00,2021-12-10 00:00:00,Comércio (Atacado e Varejo),PRIVADO,SEDE,RJ,Categoria A
CANCELADA,33.014.556/0001-96,LOJAS AMERICANAS SA,RIO DE JANEIRO,8087,1977-07-20 00:00:00,2021-12-10 00:00:00,Comércio (Atacado e Varejo),PRIVADO,SEDE,RJ,Categoria A
CANCELADA,82.640.632/0001-84,LOJAS HERING SA,BLUMENAU,8117,1977-07-20 00:00:00,2019-05-10 00:00:00,Têxtil e Vestuário,PRIVADO,SEDE,SC,Categoria A
ATIVO,96.418.264/0218-02,LOJAS QUERO QUERO S.A.,CACHOEIRINHA,25038,2020-08-06 00:00:00,2020-08-06 00:00:00,Comércio (Atacado e Varejo),PRIVADO,SEDE,RS,Categoria A
ATIVO,96.418.264/0218-02,LOJAS QUERO QUERO S.A.,CACHOEIRINHA,25038,2020-08-06 00:00:00,2020-08-06 00:00:00,Comércio (Atacado e Varejo),PRIVADO,SEDE,RS,Categoria A
ATIVO,92.754.738/0001-62,LOJAS RENNER SA,PORTO ALEGRE,8133,1977-07-20 00:00:00,1977-07-20 00:00:00,Comércio (Atacado e Varejo),PRIVADO,SEDE,RS,Categoria A
ATIVO,92.754.738/0001-62,LOJAS RENNER SA,PORTO ALEGRE,8133,1977-07-20 00:00:00,1977-07-20 00:00:00,Comércio (Atacado e Varejo),PRIVADO,SEDE,RS,Categoria A
ATIVO,02.338.534/0001-58,LONGDIS SA,SÃO PAULO,17434,1998-06-30 00:00:00,2021-12-17 00:00:00,Emp. Adm. Part. - Sem Setor Principal,PRIVADO HOLDING,SEDE,SP,Categoria A
CANCELADA,12.394.972/0001-97,LOUCOS POR FUTEBOL S.A.,CURITIBA,23027,2013-01-16 00:00:00,2016-01-07 00:00:00,Emp. Adm. Part. - Sem Setor Principal,PRIVADO,SEDE,PR,Categoria A
ATIVO,08.078.847/0001-09,LPS BRASIL CONSULTORIA DE IMOVEIS S/A,SÃO PAULO,20370,2006-12-12 00:00:00,2006-12-12 00:00:00,"Emp. Adm. Part. - Const. Civil, Mat. Const. e Decoração",ESTRANGEIRO,SEDE,SP,Categoria A
ATIVO,89.463.822/0001-12,LUPATECH S.A.,NOVA ODESSA,20060,2006-05-08 00:00:00,2006-05-08 00:00:00,"Máquinas, Equipamentos, Veículos e Peças",PRIVADO,SEDE,SP,Categoria A
ATIVO,43.948.405/0001-69,LUPO S.A.,ARARAQUARA,26506,2021-12-17 00:00:00,2021-12-17 00:00:00,Comércio (Atacado e Varejo),PRIVADO,SEDE,SP,Categoria A
ATIVO,02.351.877/0001-52,LWSA S/A,SÃO PAULO,24910,2020-02-04 00:00:00,2020-02-04 00:00:00,Comunicação e Informática,PRIVADO,SEDE,SP,Categoria A
CANCELADA,56.806.656/0001-50,M&G POLIÉSTER SA,SÃO PAULO,14559,1994-09-08 00:00:00,2014-10-17 00:00:00,Emp. Adm. Part. - Petroquímicos e Borracha,ESTRANGEIRO HOLDING,SEDE,SP,Categoria A
ATIVO,07.206.816/0001-15,M. DIAS BRANCO SA IND E COM DE ALIMENTOS,EUSÉBIO,20338,2006-10-11 00:00:00,2006-10-11 00:00:00,Alimentos,PRIVADO,SEDE,CE,Categoria A
CANCELADA,03.076.274/0001-52,MACHADINHO ENERGÉTICA SA,FLORIANÓPOLIS,18929,2001-03-29 00:00:00,2012-12-13 00:00:00,Energia Elétrica,PRIVADO,SEDE,SC,Categoria B
CANCELADA,92.696.418/0001-01,MADEF SA INDUSTRIA E COMERCIO,CANOAS,8222,1979-03-17 00:00:00,2010-09-23 00:00:00,"Máquinas, Equipamentos, Veículos e Peças",PRIVADO,SEDE,RS,Categoria A
ATIVO,13.783.221/0004-78,MADERO INDÚSTRIA E COMÉRCIO S.A.,PONTA GROSSA,26379,2021-11-17 00:00:00,2021-11-17 00:00:00,Alimentos,PRIVADO,SEDE,PR,Categoria A
ATIVO,08.795.211/0001-70,MAESTRO LOCADORA DE VEÍCULOS S.A.,EMBU DAS ARTES,23612,2015-05-26 00:00:00,2015-05-26 00:00:00,Serviços Transporte e Logística,PRIVADO,SEDE,SP,Categoria A
ATIVO,08.795.211/0001-70,MAESTRO LOCADORA DE VEÍCULOS S.A.,EMBU DAS ARTES,23612,2015-05-26 00:00:00,2015-05-26 00:00:00,Serviços Transporte e Logística,PRIVADO,SEDE,SP,Categoria A
ATIVO,47.960.950/0001-21,MAGAZINE LUIZA SA,FRANCA,22470,2011-04-28 00:00:00,2011-04-28 00:00:00,Comércio (Atacado e Varejo),PRIVADO,SEDE,SP,Categoria A
CANCELADA,00.592.603/0001-20,MAGNESITA MINERAÇÃO S.A.,BRUMADO,24244,2017-10-04 00:00:00,2018-12-14 00:00:00,Emp. Adm. Part. - Extração Mineral,PRIVADO,SEDE,BA,Categoria B
CANCELADA,08.684.547/0001-65,MAGNESITA REFRATARIOS S.A.,CONTAGEM,20842,2007-07-02 00:00:00,2019-01-23 00:00:00,Emp. Adm. Part. - Extração Mineral,PRIVADO,SEDE,MG,Categoria A
ATIVO,60.476.884/0001-87,MAHLE METAL LEVE S.A.,MOGI GUAÇU,8575,1977-07-20 00:00:00,1977-07-20 00:00:00,"Máquinas, Equipamentos, Veículos e Peças",PRIVADO,SEDE,SP,Categoria A
ATIVO,09.584.854/0001-37,MANAUS TRANSMISSORA DE ENERGIA S.A,RIO DE JANEIRO,26719,2022-03-29 00:00:00,2022-03-29 00:00:00,Energia Elétrica,PRIVADO,SEDE,RJ,Categoria B
ATIVO,61.065.298/0001-02,MANGELS INDUSTRIAL S.A.,SÃO BERNARDO DO CAMPO,8397,1971-12-28 00:00:00,1971-12-28 00:00:00,Emp. Adm. Part. - Metalurgia e Siderurgia,PRIVADO,SEDE,SP,Categoria A
ATIVO,46.568.486/0001-60,MANTIQUEIRA HOLDING S.A.,RIO DE JANEIRO,27952,2025-12-15 00:00:00,2025-12-15 00:00:00,Emp. Adm. Part. - Energia Elétrica,PRIVADO,SEDE,RJ,Categoria B
CANCELADA,61.293.643/0001-65,MANUF ART BORRACHA NOGAM SA,SÃO PAULO,12670,1986-04-23 00:00:00,2010-01-04 00:00:00,Têxtil e Vestuário,PRIVADO,SEDE,SP,Categoria A
ATIVO,61.082.004/0001-50,MANUFATURA DE  BRINQUEDOS ESTRELA SA,SÃO PAULO,8427,1968-06-28 00:00:00,2011-07-14 00:00:00,Brinquedos e Lazer,PRIVADO,SEDE,SP,Categoria A
CANCELADA,02.535.295/0001-26,MAORI SA,SÃO PAULO,17779,1998-09-23 00:00:00,2019-04-15 00:00:00,Emp. Adm. Part. - Gráficas e Editoras,PRIVADO,SEDE,SP,Categoria A
CANCELADA,51.468.056/0001-06,MARAMBAIA ENERGIA RENOVÁVEL SA,PETRÓPOLIS,12181,1984-06-28 00:00:00,2013-01-07 00:00:00,"Agricultura (Açúcar, Álcool e Cana)",PRIVADO,SEDE,RJ,Categoria A
ATIVO,88.611.835/0001-29,MARCOPOLO SA,CAXIAS DO SUL,8451,1977-07-20 00:00:00,1977-07-20 00:00:00,"Máquinas, Equipamentos, Veículos e Peças",PRIVADO,SEDE,RS,Categoria A
ATIVO,03.853.896/0001-40,MARFRIG GLOBAL FOODS SA,SÃO PAULO,20788,2007-06-18 00:00:00,2007-06-18 00:00:00,Alimentos,PRIVADO,SEDE,SP,Categoria A
ATIVO,07.334.600/0001-35,MARINA DE IRACEMA PARK SA,FORTALEZA,16268,1997-05-14 00:00:00,1997-05-14 00:00:00,Hospedagem e Turismo,PRIVADO,SEDE,CE,Categoria A
ATIVO,61.189.288/0001-89,MARISA LOJAS SA,SÃO PAULO,22055,2010-06-14 00:00:00,2010-06-14 00:00:00,Comércio (Atacado e Varejo),PRIVADO,SEDE,SP,Categoria A
CANCELADA,08.262.343/0001-36,MARISA SA,SÃO PAULO,20761,2007-06-13 00:00:00,2010-07-26 00:00:00,Comércio (Atacado e Varejo),PRIVADO HOLDING,SEDE,SP,Categoria A
CANCELADA,84.429.752/0001-62,MARISOL SA,JARAGUÁ DO SUL,8486,1976-05-21 00:00:00,2012-07-02 00:00:00,Emp. Adm. Part. - Têxtil e Vestuário,PRIVADO,SEDE,SC,Categoria A
ATIVO,11.395.624/0001-71,MASSA FALIDA DA BRASIL PHARMA SA,SÃO PAULO,22500,2011-06-22 00:00:00,2025-10-17 00:00:00,Farmacêutico e Higiene,PRIVADO HOLDING,SEDE,SP,Categoria A
CANCELADA,82.639.543/0001-18,MASSA FALIDA DA CIA LORENZ,BLUMENAU,3611,1977-07-20 00:00:00,2010-01-04 00:00:00,Alimentos,PRIVADO,SEDE,SC,Categoria A
CANCELADA,00.410.345/0001-13,MASSA FALIDA DA CREFISUL LEASING SA ARREND MERCL,SÃO PAULO,15164,1995-12-11 00:00:00,2015-02-09 00:00:00,Arrendamento Mercantil,PRIVADO,SEDE,SP,Categoria B
CANCELADA,82.981.671/0001-45,MASSA FALIDA DA FÁBRICA DE TECIDOS CARLOS RENAUX S.A.,BRUSQUE,5827,1969-11-13 00:00:00,2016-01-07 00:00:00,Têxtil e Vestuário,PRIVADO,SEDE,SC,Categoria A
CANCELADA,02.762.115/0001-49,MASSA FALIDA DA MMX MINERACAO E METALICOS S.A.,RIO DE JANEIRO,17914,1998-11-10 00:00:00,2024-09-24 00:00:00,Extração Mineral,PRIVADO,SEDE,RJ,Categoria A
CANCELADA,59.386.987/0001-77,MASSA FALIDA DA PROCID PARTICIPAÇÕES E NEGÓCIOS SA,SÃO PAULO,17060,1998-05-04 00:00:00,2010-01-04 00:00:00,Emp. Adm. Part. - Intermediação Financeira,PRIVADO HOLDING,SEDE,SP,Categoria B
ATIVO,83.296.889/0001-23,MASSA FALIDA DA SA IND E COMERCIO CHAPECO,CHAPECÓ,10243,1979-11-30 00:00:00,1979-11-30 00:00:00,Alimentos,PRIVADO,SEDE,SC,Categoria A
CANCELADA,62.607.502/0001-32,MASSA FALIDA DA SHARP SA EQUIPS ELETRONICOS,SÃO PAULO,10642,1972-12-13 00:00:00,2010-01-04 00:00:00,"Máquinas, Equipamentos, Veículos e Peças",PRIVADO,SEDE,SP,Categoria A
CANCELADA,78.594.876/0001-09,MASSA FALIDA DA TRANSPARANA SA,LONDRINA,11495,1977-07-20 00:00:00,2021-08-09 00:00:00,Comércio (Atacado e Varejo),PRIVADO,SEDE,PR,Categoria A
CANCELADA,29.075.363/0001-78,MASSA FALIDA DE CIA. BRASILEIRA DE ANTIBIÓTICOS - CIBRAN,TANGUÁ,12920,1986-07-24 00:00:00,2010-01-04 00:00:00,Farmacêutico e Higiene,PRIVADO,SEDE,RJ,Categoria A
CANCELADA,33.470.022/0001-74,MASSA FALIDA DE COMPANHIA TEXTIL FERREIRA GUIMARAES,RIO DE JANEIRO,4138,1969-11-01 00:00:00,2011-01-04 00:00:00,Têxtil e Vestuário,PRIVADO,SEDE,RJ,Categoria A
ATIVO,86.550.951/0001-50,MASSA FALIDA DE POMIFRUTAS S/A,FRAIBURGO,19658,2004-12-28 00:00:00,2004-12-28 00:00:00,"Agricultura (Açúcar, Álcool e Cana)",PRIVADO,SEDE,SC,Categoria A
CANCELADA,33.017.039/0001-70,MASSA FALIDA DE SAM INDUSTRIAS SA,NOVA IGUAÇU,12980,1986-08-18 00:00:00,2021-08-09 00:00:00,"Máquinas, Equipamentos, Veículos e Peças",PRIVADO,SEDE,RJ,Categoria A
SUSPENSO(A) - DECISÃO ADM,33.111.246/0001-90,MASSA FALIDA DE TECNOSOLO ENGENHARIA SA,RIO DE JANEIRO,11207,1977-07-20 00:00:00,2025-06-05 00:00:00,"Construção Civil, Mat. Constr. e Decoração",PRIVADO,SEDE,RJ,Categoria A
CANCELADA,62.136.254/0001-99,MASSA FALIDA DO BANCO CRUZEIRO DO SUL S/A,SÃO PAULO,20753,2007-06-13 00:00:00,2021-08-09 00:00:00,Bancos,PRIVADO,SEDE,SP,Categoria A
CANCELADA,08.904.090/0001-57,MATONE SECURITIZADORA S/A,PORTO ALEGRE,21059,2007-08-17 00:00:00,2012-06-19 00:00:00,Securitização de Recebíveis,PRIVADO,SEDE,RS,Categoria B
CANCELADA,07.385.191/0001-04,MÁXIMA SECURITIZADORA DE CRÉDITOS IMOBILIÁRIOS S/A,RIO DE JANEIRO,19780,2005-08-18 00:00:00,2010-09-30 00:00:00,Securitização de Recebíveis,PRIVADO,SEDE,RJ,Categoria B
CANCELADA,15.688.041/0001-90,MBK SECURITIZADORA S/A,BELO HORIZONTE,22861,2012-07-23 00:00:00,2024-09-17 00:00:00,Securitização de Recebíveis,PRIVADO,SEDE,MG,Categoria B
CANCELADA,11.858.621/0001-27,MCM CIMENTOS S.A.,SÃO PAULO,22284,2010-12-16 00:00:00,2012-05-22 00:00:00,"Construção Civil, Mat. Constr. e Decoração",PRIVADO HOLDING,SEDE,SP,Categoria A
CANCELADA,43.358.647/0001-00,MEDIAL SAUDE S/A,SÃO PAULO,20273,2006-09-19 00:00:00,2010-07-07 00:00:00,Serviços Médicos,PRIVADO,SEDE,SP,Categoria A
ATIVO,14.110.585/0001-07,MELIUZ S.A.,SÃO BERNARDO DO CAMPO,25232,2020-11-03 00:00:00,2020-11-03 00:00:00,Comunicação e Informática,PRIVADO,SEDE,SP,Categoria A
ATIVO,12.181.987/0001-77,MELNICK DESENVOLVIMENTO IMOBILIÁRIO S.A.,PORTO ALEGRE,25119,2020-09-24 00:00:00,2020-09-24 00:00:00,"Emp. Adm. Part. - Const. Civil, Mat. Const. e Decoração",PRIVADO,SEDE,RS,Categoria A
CANCELADA,00.020.540/0001-37,MELPAPER SA,SÃO PAULO,14532,1994-07-28 00:00:00,2010-02-11 00:00:00,Papel e Celulose,PRIVADO,SEDE,SP,Categoria A
ATIVO,17.162.082/0001-73,MENDES JUNIOR ENGENHARIA SA,BELO HORIZONTE,4782,1977-07-20 00:00:00,1977-07-20 00:00:00,"Construção Civil, Mat. Constr. e Decoração",PRIVADO,SEDE,MG,Categoria A
CANCELADA,12.499.629/0001-07,MENFIS PARTICIPAÇÕES S/A,SÃO PAULO,22462,2011-04-13 00:00:00,2013-12-31 00:00:00,Emp. Adm. Part. - Sem Setor Principal,PRIVADO HOLDING,SEDE,SP,Categoria B
CANCELADA,26.386.169/0001-15,MERCANTIL DO BRASIL LEASING SA,BELO HORIZONTE,15890,1996-11-29 00:00:00,2017-05-31 00:00:00,Arrendamento Mercantil,PRIVADO,SEDE,MG,Categoria B
CANCELADA,33.040.601/0001-87,"MERCANTIL FINANCEIRA S.A. CRÉDITO, FINANCIAMENTO E INVESTIMENTO",NOVA LIMA,8540,1977-07-20 00:00:00,2026-03-18 00:00:00,Bancos,PRIVADO,SEDE,MG,Categoria A
ATIVO,04.821.041/0001-08,METALFRIO SOLUTIONS S/A,SÃO PAULO,20613,2007-04-10 00:00:00,2007-04-10 00:00:00,"Máquinas, Equipamentos, Veículos e Peças",PRIVADO,SEDE,SP,Categoria A
CANCELADA,80.227.184/0001-66,METALGRAFICA IGUACU SA,PONTA GROSSA,8605,1968-09-02 00:00:00,2023-05-17 00:00:00,Metalurgia e Siderurgia,PRIVADO,SEDE,PR,Categoria A
CANCELADA,33.535.246/0001-17,METALON INDUSTRIAS REUNIDAS SA,RIO DE JANEIRO,8621,1977-07-20 00:00:00,2010-01-04 00:00:00,Metalurgia e Siderurgia,PRIVADO,SEDE,RJ,Categoria A
CANCELADA,02.312.699/0001-50,METALTRUST S/A (5212 PARTICIPAÇÕES S/A),BELO HORIZONTE,17370,1998-06-16 00:00:00,2012-05-31 00:00:00,Emp. Adm. Part. - Securitização de Recebíveis,PRIVADO,SEDE,MG,Categoria A
CANCELADA,84.683.762/0001-20,METALURGICA DUQUE SA - EM RECUPERAÇÃO JUDICIAL,JOINVILLE,8648,1971-11-26 00:00:00,2016-01-07 00:00:00,Metalurgia e Siderurgia,PRIVADO,SEDE,SC,Categoria A
ATIVO,92.690.783/0001-09,METALURGICA GERDAU SA,SÃO PAULO,8656,1968-05-17 00:00:00,1968-05-17 00:00:00,Emp. Adm. Part. - Metalurgia e Siderurgia,PRIVADO,SEDE,SP,Categoria A
ATIVO,92.690.783/0001-09,METALURGICA GERDAU SA,SÃO PAULO,8656,1968-05-17 00:00:00,1968-05-17 00:00:00,Emp. Adm. Part. - Metalurgia e Siderurgia,PRIVADO,SEDE,SP,Categoria A
ATIVO,85.778.074/0001-06,METALURGICA RIOSULENSE SA,RIO DO SUL,13439,1988-11-29 00:00:00,1988-11-29 00:00:00,"Máquinas, Equipamentos, Veículos e Peças",PRIVADO,SEDE,SC,Categoria A
ATIVO,16.234.171/0001-15,METANOR SA METANOL DO NE,CAMAÇARI,8745,1974-12-26 00:00:00,1974-12-26 00:00:00,Petroquímicos e Borracha,PRIVADO,SEDE,BA,Categoria A
ATIVO,86.375.425/0001-09,METISA METALÚRGICA  TIMBOENSE SA,TIMBÓ,8753,1971-05-18 00:00:00,1971-05-18 00:00:00,Metalurgia e Siderurgia,PRIVADO,SEDE,SC,Categoria A
CANCELADA,19.296.342/0001-29,MGI - MINAS GERAIS PARTICIPAÇÕES S.A.,BELO HORIZONTE,22942,2012-09-04 00:00:00,2022-03-17 00:00:00,Emp. Adm. Part. - Sem Setor Principal,ESTATAL,SEDE,MG,Categoria B
ATIVO,27.093.558/0001-15,"MILLS LOCAÇÃO, SERVIÇOS E LOGÍSTICA S.A.",SÃO PAULO,22012,2010-04-14 00:00:00,2010-04-14 00:00:00,Serviços Transporte e Logística,PRIVADO HOLDING,SEDE,SP,Categoria A
ATIVO,27.093.558/0001-15,"MILLS LOCAÇÃO, SERVIÇOS E LOGÍSTICA S.A.",SÃO PAULO,22012,2010-04-14 00:00:00,2010-04-14 00:00:00,Serviços Transporte e Logística,PRIVADO HOLDING,SEDE,SP,Categoria A
CANCELADA,16.518.649/0001-39,MINASFER S/A,BELO HORIZONTE,16080,1997-01-29 00:00:00,2010-01-04 00:00:00,Metalurgia e Siderurgia,PRIVADO,SEDE,MG,Categoria A
ATIVO,17.161.241/0001-15,MINASMAQUINAS SA,CONTAGEM,8818,1977-07-20 00:00:00,1977-07-20 00:00:00,"Máquinas, Equipamentos, Veículos e Peças",PRIVADO HOLDING,SEDE,MG,Categoria A
ATIVO,67.620.377/0001-14,MINERVA S/A,BARRETOS,20931,2007-07-18 00:00:00,2007-07-18 00:00:00,Alimentos,PRIVADO,SEDE,SP,Categoria A
ATIVO,90.076.886/0001-40,MINUPAR PARTICIPACOES SA,LAJEADO,13765,1990-12-21 00:00:00,1990-12-21 00:00:00,Emp. Adm. Part. - Alimentos,PRIVADO,SEDE,RS,Categoria A
ATIVO,07.882.930/0001-65,MITRE REALTY EMPREENDIMENTOS E PARTICIPAÇÕES S.A.,SÃO PAULO,24902,2020-02-03 00:00:00,2020-02-03 00:00:00,"Construção Civil, Mat. Constr. e Decoração",PRIVADO,SEDE,SP,Categoria A
ATIVO,13.444.994/0001-87,MLOG S.A.,RIO DE JANEIRO,22586,2011-09-12 00:00:00,2011-09-12 00:00:00,Emp. Adm. Part. - Sem Setor Principal,PRIVADO,SEDE,RJ,Categoria A
ATIVO,12.592.831/0001-89,MNLT S.A.,SÃO PAULO,26611,2022-02-11 00:00:00,2022-02-11 00:00:00,Emp. Adm. Part. - Sem Setor Principal,PRIVADO HOLDING,SEDE,SP,Categoria B
CANCELADA,09.140.181/0001-26,MOENA PARTICIPAÇÕES S/A,SÃO PAULO,21253,2007-12-24 00:00:00,2010-08-31 00:00:00,Emp. Adm. Part. - Educação,PRIVADO HOLDING,SEDE,SP,Categoria A
CANCELADA,87.551.552/0001-76,MÔNACO - ADMINISTRAÇÃO E PARTICIPAÇÕES S.A.,BENTO GONÇALVES,3719,1978-06-19 00:00:00,2010-01-04 00:00:00,Bebidas e Fumo,PRIVADO,SEDE,RS,Categoria A
ATIVO,37.702.340/0001-74,MONTE RODOVIAS S.A.,SÃO PAULO,26328,2021-11-12 00:00:00,2021-11-12 00:00:00,Emp. Adm. Part. - Serviços Transporte e Logística,PRIVADO,SEDE,SP,Categoria B
CANCELADA,33.102.476/0001-92,MONTEIRO ARANHA SA,RIO DE JANEIRO,8893,1980-05-07 00:00:00,2026-01-30 00:00:00,Emp. Adm. Part. - Sem Setor Principal,PRIVADO HOLDING,SEDE,RJ,Categoria A
CANCELADA,33.102.476/0001-92,MONTEIRO ARANHA SA,RIO DE JANEIRO,8893,1980-05-07 00:00:00,2026-01-30 00:00:00,Emp. Adm. Part. - Sem Setor Principal,PRIVADO HOLDING,SEDE,RJ,Categoria A
CANCELADA,09.191.251/0001-75,MONTICIANO PARTICIPAÇÕES S/A,SÃO PAULO,21261,2007-12-24 00:00:00,2014-02-26 00:00:00,Emp. Adm. Part. - Sem Setor Principal,PRIVADO HOLDING,SEDE,SP,Categoria A
CANCELADA,09.083.175/0001-84,MOSAICO TECNOLOGIA AO CONSUMIDOR S.A.,RIO DE JANEIRO,25470,2021-02-03 00:00:00,2022-05-16 00:00:00,Comunicação e Informática,PRIVADO,SEDE,RJ,Categoria A
ATIVO,02.846.056/0001-97,MOTIVA INFRAESTRUTURA DE MOBILIDADE S.A.,SÃO PAULO,18821,2000-12-19 00:00:00,2000-12-19 00:00:00,Emp. Adm. Part. - Serviços Transporte e Logística,PRIVADO,SEDE,SP,Categoria A
CANCELADA,41.335.131/0001-07,MOTTU I S.A,SÃO PAULO,26344,2021-11-12 00:00:00,2025-09-15 00:00:00,"Máquinas, Equipamentos, Veículos e Peças",PRIVADO,SEDE,SP,Categoria B
ATIVO,12.049.631/0001-84,MOURA DUBEUX ENGENHARIA S/A,RECIFE,21067,2007-08-23 00:00:00,2007-08-23 00:00:00,"Construção Civil, Mat. Constr. e Decoração",PRIVADO,SEDE,PE,Categoria A
ATIVO,12.049.631/0001-84,MOURA DUBEUX ENGENHARIA S/A,RECIFE,21067,2007-08-23 00:00:00,2007-08-23 00:00:00,"Construção Civil, Mat. Constr. e Decoração",PRIVADO,SEDE,PE,Categoria A
CANCELADA,07.976.147/0001-60,MOVIDA LOCAÇÃO DE VEÍCULOS S.A,SÃO PAULO,25828,2021-05-11 00:00:00,2025-01-31 00:00:00,Serviços Transporte e Logística,PRIVADO,SEDE,SP,Categoria B
ATIVO,21.314.559/0001-66,MOVIDA PARTICIPAÇÕES S.A.,SÃO PAULO,23825,2016-01-29 00:00:00,2016-01-29 00:00:00,Serviços Transporte e Logística,PRIVADO HOLDING,SEDE,SP,Categoria A
ATIVO,21.314.559/0001-66,MOVIDA PARTICIPAÇÕES S.A.,SÃO PAULO,23825,2016-01-29 00:00:00,2016-01-29 00:00:00,Serviços Transporte e Logística,PRIVADO HOLDING,SEDE,SP,Categoria A
ATIVO,26.659.061/0001-59,MPM CORPÓREOS S.A.,SÃO PAULO,25445,2021-01-28 00:00:00,2021-01-28 00:00:00,Serviços Médicos,PRIVADO,SEDE,SP,Categoria A
ATIVO,01.417.222/0001-77,MRS LOGÍSTICA S/A,RIO DE JANEIRO,17949,1998-11-13 00:00:00,1998-11-13 00:00:00,Serviços Transporte e Logística,PRIVADO,SEDE,RJ,Categoria A
ATIVO,08.343.492/0001-20,MRV ENGENHARIA E PARTICIPAÇÕES S/A,BELO HORIZONTE,20915,2007-07-13 00:00:00,2007-07-13 00:00:00,"Construção Civil, Mat. Constr. e Decoração",PRIVADO,SEDE,MG,Categoria A
CANCELADA,08.935.054/0001-50,MULTINER S/A,SÃO PAULO,21520,2008-07-10 00:00:00,2026-05-13 00:00:00,Energia Elétrica,PRIVADO HOLDING,SEDE,SP,Categoria B
ATIVO,07.816.890/0001-53,MULTIPLAN - EMPREEND IMOBILIARIOS S.A.,RIO DE JANEIRO,20982,2007-07-25 00:00:00,2007-07-25 00:00:00,"Emp. Adm. Part. - Const. Civil, Mat. Const. e Decoração",PRIVADO,SEDE,RJ,Categoria A
ATIVO,07.816.890/0001-53,MULTIPLAN - EMPREEND IMOBILIARIOS S.A.,RIO DE JANEIRO,20982,2007-07-25 00:00:00,2007-07-25 00:00:00,"Emp. Adm. Part. - Const. Civil, Mat. Const. e Decoração",PRIVADO,SEDE,RJ,Categoria A
CANCELADA,11.094.546/0001-75,MULTIPLUS SA,BARUERI,21946,2010-02-03 00:00:00,2019-05-06 00:00:00,Comércio (Atacado e Varejo),PRIVADO,SEDE,SP,Categoria A
ATIVO,88.610.191/0001-54,MUNDIAL S.A - PRODUTOS DE CONSUMO,SÃO PAULO,5312,1979-12-12 00:00:00,1979-12-12 00:00:00,Têxtil e Vestuário,PRIVADO,SEDE,SP,Categoria A
CANCELADA,61.067.161/0001-97,NADIR FIGUEIREDO S.A,SÃO PAULO,9040,1977-07-20 00:00:00,2020-04-16 00:00:00,Comércio (Atacado e Varejo),PRIVADO,SEDE,SP,Categoria A
CANCELADA,14.200.586/0001-42,NAOMI PARTICIPAÇÕES SA,SÃO PAULO,22667,2011-12-12 00:00:00,2019-03-22 00:00:00,Emp. Adm. Part. - Sem Setor Principal,PRIVADO HOLDING,SEDE,SP,Categoria A
CANCELADA,15.377.572/0001-61,NASA SECURITIZADORA S.A.,CUIABÁ,23906,2016-03-21 00:00:00,2022-06-30 00:00:00,Securitização de Recebíveis,PRIVADO,SEDE,MT,Categoria B
CANCELADA,32.785.497/0001-97,NATURA & CO HOLDING S.A.,SÃO PAULO,24783,2019-09-25 00:00:00,2025-07-01 00:00:00,Farmacêutico e Higiene,PRIVADO,SEDE,SP,Categoria A
ATIVO,71.673.990/0001-77,NATURA COSMETICOS SA,SÃO PAULO,19550,2004-05-21 00:00:00,2004-05-21 00:00:00,Farmacêutico e Higiene,PRIVADO,SEDE,SP,Categoria A
CANCELADA,04.233.319/0001-18,NCF PARTICIPACOES S.A.,OSASCO,24015,2016-10-03 00:00:00,2024-04-26 00:00:00,Emp. Adm. Part. - Sem Setor Principal,PRIVADO HOLDING,SEDE,SP,Categoria B
ATIVO,01.083.200/0001-18,NEOENERGIA S.A,RIO DE JANEIRO,15539,1996-05-08 00:00:00,1996-05-08 00:00:00,Emp. Adm. Part. - Energia Elétrica,PRIVADO,SEDE,RJ,Categoria B
ATIVO,10.139.870/0001-08,NEOGRID PARTICIPACÕES S.A.,JOINVILLE,25399,2020-12-15 00:00:00,2020-12-15 00:00:00,Comunicação e Informática,PRIVADO HOLDING,SEDE,SC,Categoria A
CANCELADA,60.881.364/0001-50,NESBER COMPANHIA INDUSTRIAL,COTIA,1651,1977-07-20 00:00:00,2010-01-04 00:00:00,"Construção Civil, Mat. Constr. e Decoração",PRIVADO,SEDE,SP,Categoria A
CANCELADA,00.108.786/0001-65,NET SERVIÇOS DE COMUNICAÇÃO S.A.,SÃO PAULO,14621,1994-11-22 00:00:00,2014-12-31 00:00:00,Telecomunicações,PRIVADO HOLDING,SEDE,SP,Categoria A
CANCELADA,00.192.769/0001-59,NEUMARKT TRADE AND FINANCIAL CENTER S/A,BLUMENAU,14613,1994-10-27 00:00:00,2024-08-13 00:00:00,Crédito Imobiliário,PRIVADO,SEDE,SC,Categoria B
ATIVO,02.604.997/0001-14,NEWTEL PARTICIPAÇÕES S.A. - EM LIQUIDAÇÃO,RIO DE JANEIRO,17540,1998-07-20 00:00:00,1998-07-20 00:00:00,Emp. Adm. Part. - Telecomunicações,PRIVADO HOLDING,SEDE,RJ,Categoria A
CANCELADA,10.302.690/0001-97,NEXFUEL BIOENERGIA S/A,SÃO PAULO,22063,2010-06-24 00:00:00,2012-01-30 00:00:00,"Agricultura (Açúcar, Álcool e Cana)",PRIVADO,SEDE,SP,Categoria B
ATIVO,08.613.550/0001-98,NEXPE PARTICIPAÇÕES S.A. - EM RECUPERAÇÃO JUDICIAL,SÃO PAULO,21180,2007-10-26 00:00:00,2007-10-26 00:00:00,"Emp. Adm. Part. - Const. Civil, Mat. Const. e Decoração",PRIVADO,SEDE,SP,Categoria A
CANCELADA,14.200.537/0001-00,NISA PARTICIPAÇÕES SA,SÃO PAULO,22640,2011-12-12 00:00:00,2014-12-19 00:00:00,Emp. Adm. Part. - Sem Setor Principal,PRIVADO HOLDING,SEDE,SP,Categoria A
CANCELADA,14.200.699/0001-48,NOAH PARTICIPAÇÕES SA,SÃO PAULO,22659,2011-12-12 00:00:00,2019-09-05 00:00:00,Emp. Adm. Part. - Sem Setor Principal,PRIVADO HOLDING,SEDE,SP,Categoria A
CANCELADA,13.015.151/0001-65,NORCON SOCIEDADE NORDESTINA DE CONSTRUCÕES S/A,ARACAJU,21504,2008-06-23 00:00:00,2010-05-13 00:00:00,"Construção Civil, Mat. Constr. e Decoração",PRIVADO,SEDE,SE,Categoria B
ATIVO,60.884.319/0001-59,NORDON INDUSTRIAS METALURGICAS S.A.,SANTO ANDRÉ,9083,1956-08-23 00:00:00,1956-08-23 00:00:00,Metalurgia e Siderurgia,PRIVADO,SEDE,SP,Categoria A
ATIVO,09.625.321/0001-56,NORTE BRASIL TRANSMISSORA DE ENERGIA S.A.,RIO DE JANEIRO,24988,2020-07-03 00:00:00,2020-07-03 00:00:00,Energia Elétrica,PRIVADO,SEDE,RJ,Categoria B
ATIVO,12.300.288/0001-07,NORTE ENERGIA S.A,BRASÍLIA,25097,2020-09-14 00:00:00,2020-09-14 00:00:00,Energia Elétrica,PRIVADO,SEDE,DF,Categoria A
CANCELADA,29.950.060/0001-57,NORTEC QUIMICA S.A.,DUQUE DE CAXIAS,22985,2012-11-23 00:00:00,2025-08-01 00:00:00,Farmacêutico e Higiene,PRIVADO,SEDE,RJ,Categoria A
CANCELADA,19.853.511/0001-84,NOTRE DAME INTERMÉDICA PARTICIPAÇÕES S.A.,SÃO PAULO,24384,2018-04-19 00:00:00,2022-03-18 00:00:00,Emp. Adm. Part. - Serviços médicos,PRIVADO,SEDE,SP,Categoria A
CANCELADA,04.634.250/0001-34,NOVA AÇÃO PARTICIPAÇÕES S.A.,RIO DE JANEIRO,19224,2002-01-31 00:00:00,2020-05-29 00:00:00,Emp. Adm. Part. - Sem Setor Principal,PRIVADO,SEDE,RJ,Categoria B
CANCELADA,33.007.592/0001-22,NOVA AMERICA SA,DUQUE DE CAXIAS,3751,1987-07-20 00:00:00,2011-07-15 00:00:00,Têxtil e Vestuário,PRIVADO,SEDE,RJ,Categoria A
CANCELADA,08.903.116/0001-42,NOVA SECURITIZAÇÃO S/A,SÃO PAULO,21105,2007-09-11 00:00:00,2019-10-30 00:00:00,Securitização de Recebíveis,PRIVADO,SEDE,SP,Categoria B
ATIVO,47.586.663/0001-01,NOVA SOCIEDADE DE NAVEGAÇÃO S.A.,RIO DE JANEIRO,27081,2023-01-16 00:00:00,2023-01-16 00:00:00,Emp. Adm. Part. - Petróleo e Gás,PRIVADO,SEDE,RJ,Categoria B
ATIVO,04.992.714/0001-84,NOVA TRANSPORTADORA DO SUDESTE S.A. - NTS,RIO DE JANEIRO,24708,2019-04-18 00:00:00,2019-04-18 00:00:00,Emp. Adm. Part. - Petróleo e Gás,PRIVADO,SEDE,RJ,Categoria B
CANCELADA,04.665.504/0001-81,NOVAMARLIM PARTICIPAÇÕES S/A,RIO DE JANEIRO,19178,2001-12-05 00:00:00,2010-07-21 00:00:00,Emp. Adm. Part. - Petróleo e Gás,PRIVADO,SEDE,RJ,Categoria A
CANCELADA,04.668.779/0001-79,NOVAMARLIM PETROLEO SA,MACAÉ,19194,2001-12-19 00:00:00,2010-08-11 00:00:00,Emp. Adm. Part. - Petróleo e Gás,PRIVADO,SEDE,RJ,Categoria A
CANCELADA,10.337.440/0001-92,NPF SECURITIZADORA S.A.,RIO DE JANEIRO,21695,2008-12-22 00:00:00,2015-11-11 00:00:00,Securitização de Recebíveis,PRIVADO,SEDE,RJ,Categoria B
CANCELADA,02.084.220/0001-76,NUMERAL 80 PARTICIPAÇÕES S.A.,SÃO PAULO,16446,1997-09-16 00:00:00,2020-09-16 00:00:00,Emp. Adm. Part. - Serviços Transporte e Logística,PRIVADO,SEDE,SP,Categoria A
ATIVO,51.128.999/0001-90,NUTRIPLANT INDUSTRIA E COMÉRCIO S/A,BARUERI,21334,2008-02-11 00:00:00,2008-02-11 00:00:00,"Agricultura (Açúcar, Álcool e Cana)",PRIVADO,SEDE,SP,Categoria A
ATIVO,29.980.141/0001-08,OCEÂNICA ENGENHARIA E CONSULTORIA S.A.,RIO DE JANEIRO,26956,2022-09-21 00:00:00,2022-09-21 00:00:00,Emp. Adm. Part. - Petróleo e Gás,PRIVADO,SEDE,RJ,Categoria A
ATIVO,09.114.805/0001-30,OCEANPACT SERVIÇOS MARÍTIMOS S.A.,RIO DE JANEIRO,25534,2021-02-10 00:00:00,2021-02-10 00:00:00,Petróleo e Gás,PRIVADO,SEDE,RJ,Categoria A
CANCELADA,12.139.922/0001-63,OCTANTE SECURITIZADORA SA,SÃO PAULO,22390,2011-02-14 00:00:00,2022-06-01 00:00:00,Securitização de Recebíveis,PRIVADO,SEDE,SP,Categoria B
CANCELADA,02.062.753/0001-57,OESTE PARTICIPAÇÕES SA,RIO DE JANEIRO,16594,1997-11-10 00:00:00,2009-11-30 00:00:00,Emp. Adm. Part. - Telecomunicações,PRIVADO HOLDING,SEDE,RJ,Categoria A
ATIVO,76.535.764/0001-43,OI S.A. - EM RECUPERAÇÃO JUDICIAL,RIO DE JANEIRO,11312,1980-03-27 00:00:00,1980-03-27 00:00:00,Telecomunicações,PRIVADO,SEDE,RJ,Categoria A
CANCELADA,07.957.093/0001-96,ÓLEO E GÁS PARTICIPAÇÕES S/A,RIO DE JANEIRO,20168,2006-07-19 00:00:00,2019-03-12 00:00:00,Emp. Adm. Part. - Petróleo e Gás,PRIVADO HOLDING,SEDE,RJ,Categoria A
CANCELADA,21.110.778/0001-23,OLIVEIRA TRUST S.A.,RIO DE JANEIRO,26417,2021-11-29 00:00:00,2026-03-20 00:00:00,Intermediação Financeira,PRIVADO,SEDE,RJ,Categoria A
CANCELADA,91.156.901/0001-22,OLVEBRA SA,PORTO ALEGRE,9245,1977-07-20 00:00:00,2010-01-04 00:00:00,Alimentos,PRIVADO HOLDING,SEDE,RS,Categoria A
ATIVO,12.104.241/0004-02,ONCOCLÍNICAS DO BRASIL SERVIÇOS MÉDICOS S.A.,SÃO PAULO,26123,2021-08-06 00:00:00,2021-08-06 00:00:00,Serviços Médicos,PRIVADO,SEDE,SP,Categoria A
CANCELADA,07.875.234/0001-21,ONE PROPERTIES S.A.,SÃO PAULO,20419,2006-12-29 00:00:00,2012-03-29 00:00:00,"Construção Civil, Mat. Constr. e Decoração",PRIVADO HOLDING,SEDE,SP,Categoria A
CANCELADA,02.773.542/0001-22,OPEA SECURITIZADORA S.A.,SÃO PAULO,18406,1999-08-02 00:00:00,2022-06-30 00:00:00,Securitização de Recebíveis,PRIVADO,SEDE,SP,Categoria B
CANCELADA,02.318.346/0001-68,OPPORTUNITY ENERGIA E PARTICIPAÇÕES S.A.,RIO DE JANEIRO,16942,1998-03-06 00:00:00,2021-12-03 00:00:00,Emp. Adm. Part. - Sem Setor Principal,PRIVADO,SEDE,RJ,Categoria A
ATIVO,59.693.110/0001-29,ORANJEBTC S.A. - EDUCAÇÃO E INVESTIMENTO,SÃO PAULO,27910,2025-09-05 00:00:00,2025-09-05 00:00:00,Educação,PRIVADO,SEDE,SP,Categoria A
ATIVO,32.021.201/0001-61,ORIGEM ENERGIA S.A.,RIO DE JANEIRO,27227,2023-06-30 00:00:00,2023-06-30 00:00:00,Petróleo e Gás,PRIVADO,SEDE,RJ,Categoria A
ATIVO,03.279.285/0001-30,ORIZON MEIO AMBIENTE S.A.,SÃO PAULO,27049,2022-12-19 00:00:00,2022-12-19 00:00:00,"Saneamento, Serv. Água e Gás",PRIVADO,SEDE,SP,Categoria B
ATIVO,11.421.994/0001-36,ORIZON VALORIZAÇÃO DE RESÍDUOS S.A.,SÃO PAULO,25550,2021-02-11 00:00:00,2021-02-11 00:00:00,"Saneamento, Serv. Água e Gás",PRIVADO,SEDE,SP,Categoria A
ATIVO,11.421.994/0001-36,ORIZON VALORIZAÇÃO DE RESÍDUOS S.A.,SÃO PAULO,25550,2021-02-11 00:00:00,2021-02-11 00:00:00,"Saneamento, Serv. Água e Gás",PRIVADO,SEDE,SP,Categoria A
ATIVO,09.112.685/0001-32,OSX BRASIL S.A. - EM RECUPERAÇÃO JUDICIAL,RIO DE JANEIRO,21342,2008-02-26 00:00:00,2008-02-26 00:00:00,Emp. Adm. Part. - Sem Setor Principal,PRIVADO HOLDING,SEDE,RJ,Categoria A
CANCELADA,12.320.349/0001-90,OURINVEST SECURITIZADORA S.A.,SÃO PAULO,22250,2010-11-10 00:00:00,2022-06-01 00:00:00,Securitização de Recebíveis,PRIVADO,SEDE,SP,Categoria B
ATIVO,20.258.278/0001-70,OUROFINO S.A.,CRAVINHOS,23507,2014-10-17 00:00:00,2014-10-17 00:00:00,Comércio (Atacado e Varejo),PRIVADO,SEDE,SP,Categoria A
ATIVO,18.080.368/0001-72,OZN HEALTH SPE S.A.,MANAUS,27901,2025-09-02 00:00:00,2025-09-02 00:00:00,Serviços Médicos,PRIVADO,SEDE,AM,Categoria B
ATIVO,96.298.013/0001-68,PACAEMBU CONSTRUTORA S.A.,BAURU,25143,2020-10-01 00:00:00,2020-10-01 00:00:00,"Construção Civil, Mat. Constr. e Decoração",PRIVADO,SEDE,SP,Categoria A
CANCELADA,21.728.500/0001-14,PACIFIC RDSL PARTICIPAÇÕES S.A.,SÃO PAULO,24163,2017-07-07 00:00:00,2019-06-19 00:00:00,Emp. Adm. Part. - Sem Setor Principal,ESTRANGEIRO,SEDE,SP,Categoria A
ATIVO,02.365.069/0001-44,PADTEC HOLDING S.A.,CAMPINAS,18414,1999-08-02 00:00:00,1999-08-02 00:00:00,Emp. Adm. Part. - Telecomunicações,PRIVADO,SEDE,SP,Categoria A
CANCELADA,02.682.287/0001-02,"PAN FINANCEIRA S.A. - CRÉDITO, FINANCIAMENTO E INVESTIMENTO",SÃO PAULO,18554,2000-01-25 00:00:00,2024-08-29 00:00:00,Arrendamento Mercantil,PRIVADO,SEDE,SP,Categoria B
ATIVO,92.693.019/0001-89,PANATLANTICA SA,GRAVATAÍ,94,1971-12-29 00:00:00,1971-12-29 00:00:00,Metalurgia e Siderurgia,PRIVADO,SEDE,RS,Categoria A
CANCELADA,02.305.131/0001-02,PANTANAL PLAZA SHOPPING SA,CUIABÁ,17523,1998-07-20 00:00:00,2010-01-04 00:00:00,Comércio (Atacado e Varejo),PRIVADO HOLDING,SEDE,MT,Categoria B
CANCELADA,61.565.222/0001-46,PARAMOUNT TEXTEIS INDUSTRIA E COMERCIO S/A,SÃO PAULO,19798,2005-09-16 00:00:00,2014-09-10 00:00:00,Têxtil e Vestuário,PRIVADO,SEDE,SP,Categoria B
ATIVO,14.388.334/0001-99,PARANA BANCO S.A.,CURITIBA,20729,2007-06-11 00:00:00,2007-06-11 00:00:00,Bancos,PRIVADO,SEDE,PR,Categoria A
ATIVO,60.398.369/0004-79,PARANAPANEMA S.A. - EM RECUPERAÇÃO JUDICIAL,DIAS D'ÁVILA,9393,1977-07-20 00:00:00,1977-07-20 00:00:00,Metalurgia e Siderurgia,PRIVADO,SEDE,BA,Categoria A
ATIVO,60.398.369/0004-79,PARANAPANEMA S.A. - EM RECUPERAÇÃO JUDICIAL,DIAS D'ÁVILA,9393,1977-07-20 00:00:00,1977-07-20 00:00:00,Metalurgia e Siderurgia,PRIVADO,SEDE,BA,Categoria A
ATIVO,00.185.475/0001-08,PARCOM PARTICIPACOES SA EM LIQUIDACAO,RIO DE JANEIRO,14680,1994-12-22 00:00:00,1994-12-22 00:00:00,Emp. Adm. Part. - Telecomunicações,PRIVADO HOLDING,SEDE,RJ,Categoria A
CANCELADA,89.940.878/0001-10,PARMALAT BRASIL S.A  IND DE  ALIMENTOS.,SÃO PAULO,12580,1985-12-30 00:00:00,2010-02-11 00:00:00,Alimentos,PRIVADO,SEDE,SP,Categoria A
ATIVO,44.854.238/0001-50,PARSAN S.A.,SÃO PAULO,27448,2024-02-02 00:00:00,2024-02-02 00:00:00,"Saneamento, Serv. Água e Gás",PRIVADO,SEDE,SP,Categoria B
CANCELADA,00.635.156/0001-49,PARTICIPAÇÕES ABC SA,SÃO PAULO,14958,1995-07-20 00:00:00,2010-01-04 00:00:00,Emp. Adm. Part. - Comércio (Atacado e Varejo),PRIVADO,SEDE,SP,Categoria A
CANCELADA,14.308.514/0001-13,PARTICIPAÇÕES INDUST. DO NORDESTE S.A.,SALVADOR,1597,1983-12-12 00:00:00,2021-08-05 00:00:00,Emp. Adm. Part. - Sem Setor Principal,PRIVADO HOLDING,SEDE,BA,Categoria A
CANCELADA,11.995.753/0001-09,PASCRO PARTICIPAÇÕES S/A,RIO DE JANEIRO,22209,2010-10-22 00:00:00,2014-07-16 00:00:00,Emp. Adm. Part. - Sem Setor Principal,PRIVADO,SEDE,RJ,Categoria B
CANCELADA,12.668.780/0001-21,PATMOS PARTICIPAÇÕES S/A,SÃO PAULO,22748,2012-02-13 00:00:00,2013-12-31 00:00:00,Emp. Adm. Part. - Sem Setor Principal,PRIVADO HOLDING,SEDE,SP,Categoria B
ATIVO,23.236.821/0001-27,PATRIMAR ENGENHARIA S.A.,BELO HORIZONTE,25305,2020-11-10 00:00:00,2020-11-10 00:00:00,"Construção Civil, Mat. Constr. e Decoração",PRIVADO,SEDE,MG,Categoria A
ATIVO,83.475.913/0001-91,PBG S/A,FLORIANÓPOLIS,13773,1991-01-04 00:00:00,1991-01-04 00:00:00,"Construção Civil, Mat. Constr. e Decoração",PRIVADO,SEDE,SC,Categoria A
ATIVO,09.538.973/0001-53,PDG COMPANHIA SECURITIZADORA,SÃO PAULO,21644,2008-10-03 00:00:00,2008-10-03 00:00:00,Securitização de Recebíveis,PRIVADO,SEDE,SP,Categoria B
ATIVO,02.950.811/0001-89,PDG REALTY S.A. EMPREEND E PARTICIPACOES,SÃO PAULO,20478,2007-01-23 00:00:00,2007-01-23 00:00:00,"Emp. Adm. Part. - Const. Civil, Mat. Const. e Decoração",PRIVADO,SEDE,SP,Categoria A
CANCELADA,02.762.122/0001-40,PEARSON SISTEMAS DO BRASIL S.A.,SÃO PAULO,17906,1998-11-09 00:00:00,2011-03-17 00:00:00,Educação,PRIVADO,SEDE,SP,Categoria A
CANCELADA,13.878.847/0001-15,PERDIZES - SECURITIZADORA DE RECEBÍVEIS COMERCIAIS S.A.,SÃO PAULO,24074,2017-01-31 00:00:00,2018-10-08 00:00:00,Securitização de Recebíveis,PRIVADO,SEDE,SP,Categoria B
CANCELADA,12.592.795/0001-53,PERENCO PETRÓLEO E GÁS DO BRASIL PARTICIPAÇÕES S/A,RIO DE JANEIRO,22527,2011-06-29 00:00:00,2011-10-20 00:00:00,Petróleo e Gás,ESTRANGEIRO,SEDE,RJ,Categoria A
CANCELADA,61.091.013/0001-08,PERSICO PIZZAMIGLIO SA,GUARULHOS,9490,1980-02-13 00:00:00,2010-01-04 00:00:00,Metalurgia e Siderurgia,PRIVADO,SEDE,SP,Categoria A
CANCELADA,18.328.118/0001-09,PET CENTER COMÉRCIO E PARTICIPAÇÕES S.A.,SÃO PAULO,25089,2020-09-09 00:00:00,2026-05-14 00:00:00,Comércio (Atacado e Varejo),PRIVADO,SEDE,SP,Categoria A
CANCELADA,18.328.118/0001-09,PET CENTER COMÉRCIO E PARTICIPAÇÕES S.A.,SÃO PAULO,25089,2020-09-09 00:00:00,2026-05-14 00:00:00,Comércio (Atacado e Varejo),PRIVADO,SEDE,SP,Categoria A
CANCELADA,02.031.413/0001-69,PETRO RIO JAGUAR PETRÓLEO S.A.,RIO DE JANEIRO,27200,2023-06-02 00:00:00,2025-01-31 00:00:00,Petróleo e Gás,PRIVADO,SEDE,RJ,Categoria B
ATIVO,33.000.167/0001-01,PETRÓLEO BRASILEIRO  S.A.  - PETROBRAS,RIO DE JANEIRO,9512,1977-07-20 00:00:00,1977-07-20 00:00:00,Petróleo e Gás,ESTATAL HOLDING,SEDE,RJ,Categoria A
ATIVO,33.000.167/0001-01,PETRÓLEO BRASILEIRO  S.A.  - PETROBRAS,RIO DE JANEIRO,9512,1977-07-20 00:00:00,1977-07-20 00:00:00,Petróleo e Gás,ESTATAL HOLDING,SEDE,RJ,Categoria A
ATIVO,07.275.159/0001-68,PETROLEO LUB DO NORDESTE SA,FORTALEZA,9520,1975-10-24 00:00:00,1975-10-24 00:00:00,Petróleo e Gás,PRIVADO,SEDE,CE,Categoria A
ATIVO,03.342.704/0001-30,PETRORECÔNCAVO S.A.,MATA DE SÃO JOÃO,25780,2021-04-30 00:00:00,2021-04-30 00:00:00,Emp. Adm. Part. - Petróleo e Gás,PRIVADO,SEDE,BA,Categoria A
ATIVO,88.613.658/0001-10,PETTENATI S.A. INDUSTRIA TEXTIL,CAXIAS DO SUL,9539,1981-02-04 00:00:00,1981-02-04 00:00:00,Têxtil e Vestuário,PRIVADO,SEDE,RS,Categoria A
CANCELADA,33.078.585/0001-11,PINA INTERC COML INDL PESCA SA,BELÉM,9571,1981-05-20 00:00:00,2010-01-04 00:00:00,Pesca,PRIVADO,SEDE,PA,Categoria A
CANCELADA,05.918.309/0001-89,PIPA CIA SECURITIZADORA DE CRÉDITOS IMOBILIÁRIOS,SÃO PAULO,19518,2004-02-16 00:00:00,2017-01-17 00:00:00,Securitização de Recebíveis,PRIVADO,SEDE,SP,Categoria B
CANCELADA,33.679.797/0001-54,PJBANK SECURITIZADORA S.A.,CAMPINAS,24791,2019-10-04 00:00:00,2022-06-30 00:00:00,Securitização de Recebíveis,PRIVADO,SEDE,SP,Categoria B
CANCELADA,07.587.384/0001-30,PLANETA SECURITIZADORA S.A.,SÃO PAULO,20222,2006-07-28 00:00:00,2022-06-30 00:00:00,Securitização de Recebíveis,PRIVADO,SEDE,SP,Categoria B
ATIVO,24.230.275/0001-80,PLANO & PLANO DESENVOLVIMENTO IMOBILIÁRIO S.A.,SÃO PAULO,25070,2020-09-04 00:00:00,2020-09-04 00:00:00,"Construção Civil, Mat. Constr. e Decoração",PRIVADO,SEDE,SP,Categoria A
ATIVO,51.928.174/0001-50,PLASCAR PARTICIPAÇÕES INDUSTRIAIS S.A,JUNDIAÍ,13471,1989-04-19 00:00:00,1989-04-19 00:00:00,"Emp. Adm. Part. - Máqs., Equip., Veíc. e Peças",PRIVADO,SEDE,SP,Categoria A
ATIVO,49.703.913/0001-63,PLATÃO CAPITAL S.A.,SÃO PAULO,27995,2026-01-27 00:00:00,2026-01-27 00:00:00,Emp. Adm. Part. - Energia Elétrica,PRIVADO,SEDE,SP,Categoria B
CANCELADA,12.610.072/0001-30,PLAY BEVERAGE SOUTH AMERICA SA,ITAJAÍ,22900,2012-08-10 00:00:00,2014-05-15 00:00:00,Emp. Adm. Part. - Sem Setor Principal,PRIVADO,SEDE,SC,Categoria A
CANCELADA,40.446.476/0001-75,PLAYBANCO SECURITIZADORA S.A,SÃO CAETANO DO SUL,26042,2021-07-21 00:00:00,2022-06-01 00:00:00,Securitização de Recebíveis,PRIVADO HOLDING,SEDE,SP,Categoria B
CANCELADA,12.261.588/0001-16,POLO CAPITAL SECURITIZADORA S/A,RIO DE JANEIRO,22160,2010-09-22 00:00:00,2022-10-07 00:00:00,Securitização de Recebíveis,PRIVADO HOLDING,SEDE,RJ,Categoria B
ATIVO,59.789.545/0001-71,POLPAR S.A.,SÃO PAULO,13447,1989-03-03 00:00:00,1989-03-03 00:00:00,Emp. Adm. Part. - Sem Setor Principal,PRIVADO,SEDE,SP,Categoria A
CANCELADA,40.997.635/0001-20,PORTO DE VITÓRIA COMPANHIA SECURITIZADORA DE CRÉDITOS FINANCEIROS S.A.,SÃO PAULO,26239,2021-09-29 00:00:00,2025-12-23 00:00:00,Securitização de Recebíveis,PRIVADO,SEDE,SP,Categoria B
ATIVO,85.041.333/0001-11,PORTO PONTA DO FELIX S/A,ANTONINA,15407,1996-02-27 00:00:00,1996-02-27 00:00:00,Serviços Transporte e Logística,PRIVADO,SEDE,PR,Categoria A
ATIVO,46.573.272/0001-81,PORTO SAÚDE PARTICIPAÇÕES S.A.,SÃO PAULO,27618,2024-08-16 00:00:00,2024-08-16 00:00:00,Emp. Adm. Part. - Serviços médicos,PRIVADO,SEDE,SP,Categoria A
ATIVO,02.149.205/0001-69,PORTO SEGURO SA,SÃO PAULO,16659,1997-11-28 00:00:00,1997-11-28 00:00:00,Seguradoras e Corretoras,PRIVADO,SEDE,SP,Categoria A
ATIVO,51.430.503/0001-38,PORTO SERVIÇO S.A,BARUERI,27600,2024-08-16 00:00:00,2024-08-16 00:00:00,Emp. Adm. Part. - Sem Setor Principal,PRIVADO,SEDE,SP,Categoria A
ATIVO,18.494.485/0001-82,PORTO SUDESTE V.M. S.A.,ITAGUAÍ,23523,2014-11-11 00:00:00,2014-11-11 00:00:00,Emp. Adm. Part. - Serviços Transporte e Logística,PRIVADO,SEDE,RJ,Categoria B
ATIVO,04.912.242/0001-02,PORTUENSE FERRAGENS S/A,BELÉM,9717,1977-07-20 00:00:00,2001-03-31 00:00:00,"Construção Civil, Mat. Constr. e Decoração",PRIVADO,SEDE,PA,Categoria A
CANCELADA,10.846.981/0001-46,PORTX OPERAÇÕES PORTUÁRIAS S.A.,RIO DE JANEIRO,21776,2009-09-25 00:00:00,2012-07-11 00:00:00,Emp. Adm. Part. - Serviços Transporte e Logística,ESTRANGEIRO,SEDE,RJ,Categoria A
ATIVO,81.243.735/0001-48,POSITIVO TECNOLOGIA S.A.,CURITIBA,20362,2006-12-06 00:00:00,2006-12-06 00:00:00,Comunicação e Informática,PRIVADO,SEDE,PR,Categoria A
CANCELADA,11.306.912/0001-02,POTHENCIA S/A - REFLORESTADORA,CAMPO GRANDE,22152,2010-09-21 00:00:00,2012-08-01 00:00:00,Reflorestamento,PRIVADO,SEDE,MS,Categoria B
CANCELADA,62.255.682/0001-30,PPE FIOS ESMALTADOS SA,CERQUILHO,21083,2007-09-10 00:00:00,2010-03-12 00:00:00,"Máquinas, Equipamentos, Veículos e Peças",PRIVADO,SEDE,SP,Categoria B
CANCELADA,10.747.021/0001-29,PRÁTICA PARTICIPAÇÕES S.A.,POUSO ALEGRE,23728,2015-10-09 00:00:00,2017-12-31 00:00:00,"Emp. Adm. Part. - Máqs., Equip., Veíc. e Peças",PRIVADO HOLDING,SEDE,MG,Categoria A
ATIVO,08.574.411/0001-00,PRÁTICA PRODUTOS S.A.,POUSO ALEGRE,24546,2018-09-27 00:00:00,2018-09-27 00:00:00,"Emp. Adm. Part. - Máqs., Equip., Veíc. e Peças",PRIVADO,SEDE,MG,Categoria A
CANCELADA,32.110.314/0001-33,PREDILETO ALIMENTOS SA,CANOAS,14010,1992-08-03 00:00:00,2011-12-19 00:00:00,Alimentos,PRIVADO,SEDE,RS,Categoria A
ATIVO,18.593.815/0001-97,PRINER SERVIÇOS INDUSTRIAIS S.A.,RIO DE JANEIRO,24236,2017-10-02 00:00:00,2017-10-02 00:00:00,"Construção Civil, Mat. Constr. e Decoração",PRIVADO,SEDE,RJ,Categoria A
ATIVO,18.593.815/0001-97,PRINER SERVIÇOS INDUSTRIAIS S.A.,RIO DE JANEIRO,24236,2017-10-02 00:00:00,2017-10-02 00:00:00,"Construção Civil, Mat. Constr. e Decoração",PRIVADO,SEDE,RJ,Categoria A
CANCELADA,08.926.302/0001-05,PRIO FORTE S.A.,RIO DE JANEIRO,23493,2014-09-17 00:00:00,2023-03-09 00:00:00,Petróleo e Gás,PRIVADO,SEDE,RJ,Categoria A
ATIVO,08.926.302/0001-05,PRIO FORTE S.A.,RIO DE JANEIRO,27740,2024-12-19 00:00:00,2024-12-19 00:00:00,Petróleo e Gás,PRIVADO,SEDE,RJ,Categoria B
ATIVO,10.629.105/0001-68,PRIO S.A.,RIO DE JANEIRO,22187,2010-10-21 00:00:00,2010-10-21 00:00:00,Petróleo e Gás,PRIVADO HOLDING,SEDE,RJ,Categoria A
CANCELADA,10.464.223/0001-63,PRIVALIA BRASIL S.A.,SÃO PAULO,25941,2021-06-18 00:00:00,2022-07-26 00:00:00,Comércio (Atacado e Varejo),PRIVADO,SEDE,SP,Categoria A
CANCELADA,03.587.889/0001-43,PRIVATINVEST PARTICIPAÇÕES SA,RIO DE JANEIRO,18635,2000-03-14 00:00:00,2011-08-31 00:00:00,Emp. Adm. Part. - Sem Setor Principal,PRIVADO,SEDE,RJ,Categoria A
CANCELADA,56.994.924/0001-05,PRÓ METALURGIA SA - EM LIQUIDAÇÃO EXTRAJUDICIAL,ITATIBA,1686,1982-02-11 00:00:00,2021-08-09 00:00:00,"Máquinas, Equipamentos, Veículos e Peças",PRIVADO,SEDE,SP,Categoria A
ATIVO,02.291.077/0001-93,PRODUTORES ENERGET.DE MANSO S.A.- PROMAN,RIO DE JANEIRO,19232,2002-02-07 00:00:00,2002-02-07 00:00:00,Energia Elétrica,PRIVADO,SEDE,RJ,Categoria A
ATIVO,45.453.214/0001-51,PROFARMA DISTRIB PROD FARMACEUTICOS S.A.,RIO DE JANEIRO,20346,2006-10-24 00:00:00,2006-10-24 00:00:00,Comércio (Atacado e Varejo),PRIVADO HOLDING,SEDE,RJ,Categoria A
ATIVO,02.382.073/0001-10,PROLAGOS S/A - CONC.DE SERVICOS PÚBLICOS DE ÁGUA E ESGOTO,SÃO PEDRO DA ALDEIA,23469,2014-08-11 00:00:00,2014-08-11 00:00:00,"Saneamento, Serv. Água e Gás",PRIVADO,SEDE,RJ,Categoria B
ATIVO,02.992.449/0001-09,PROMPT PARTICIPAÇÕES S.A.,RIO DE JANEIRO,18333,1999-06-18 00:00:00,1999-06-18 00:00:00,Emp. Adm. Part. - Sem Setor Principal,PRIVADO HOLDING,SEDE,RJ,Categoria A
CANCELADA,13.552.070/0001-02,PRONOR PETROQUIMICA SA,SIMÕES FILHO,9784,1976-12-23 00:00:00,2011-05-16 00:00:00,Emp. Adm. Part. - Embalagens,PRIVADO,SEDE,BA,Categoria A
CANCELADA,12.498.904/0001-78,PROVIDAX PARTICIPAÇÕES S/A,SÃO PAULO,22314,2010-12-23 00:00:00,2014-07-30 00:00:00,Emp. Adm. Part. - Sem Setor Principal,PRIVADO HOLDING,SEDE,SP,Categoria B
CANCELADA,08.741.499/0001-08,PRUMO LOGÍSTICA S.A.,RIO DE JANEIRO,21482,2008-06-12 00:00:00,2018-05-04 00:00:00,Serviços Transporte e Logística,PRIVADO HOLDING,SEDE,RJ,Categoria A
CANCELADA,84.496.066/0001-04,PST ELETRÔNICA SA,MANAUS,21679,2008-10-24 00:00:00,2010-07-20 00:00:00,"Máquinas, Equipamentos, Veículos e Peças",PRIVADO,SEDE,AM,Categoria B
CANCELADA,26.072.786/0001-46,QESTRA TECNOLOGIA ADMINISTRAÇÃO E PARTICIPAÇÕES S.A.,RIO DE JANEIRO,26816,2022-05-30 00:00:00,2025-07-29 00:00:00,Emp. Adm. Part. - Comunicação e Informática,PRIVADO,SEDE,RJ,Categoria A
CANCELADA,13.608.583/0001-80,QGN PARTICIPAÇÕES SA,FEIRA DE SANTANA,9857,1982-07-29 00:00:00,2012-08-14 00:00:00,Emp. Adm. Part. - Petroquímicos e Borracha,PRIVADO,SEDE,BA,Categoria A
ATIVO,11.992.680/0001-93,QUALICORP CONSULTORIA E CORRETORA DE SEGUROS S.A.,SÃO PAULO,22497,2011-06-17 00:00:00,2011-06-17 00:00:00,Seguradoras e Corretoras,PRIVADO,SEDE,SP,Categoria A
ATIVO,35.791.391/0001-94,QUALITY SOFTWARE S.A.,RIO DE JANEIRO,23302,2013-12-03 00:00:00,2013-12-03 00:00:00,Emp. Adm. Part. - Comunicação e Informática,PRIVADO,SEDE,RJ,Categoria A
ATIVO,28.367.479/0001-18,QUANTUM PARTICIPAÇÕES S.A,SÃO PAULO,27855,2025-07-15 00:00:00,2025-07-15 00:00:00,Emp. Adm. Part. - Energia Elétrica,PRIVADO,SEDE,SP,Categoria B
CANCELADA,04.705.090/0001-77,QUATTOR PETROQUÍMICA S.A.,SÃO PAULO,19267,2002-03-25 00:00:00,2011-02-03 00:00:00,Petroquímicos e Borracha,PRIVADO,SEDE,SP,Categoria A
ATIVO,52.475.549/0001-36,R/HOLDINGS S.A.,SÃO PAULO,27685,2024-10-23 00:00:00,2024-10-23 00:00:00,Emp. Adm. Part. - Sem Setor Principal,PRIVADO,SEDE,SP,Categoria A
ATIVO,61.585.865/0001-51,RAIA DROGASIL S.A.,SÃO PAULO,5258,1977-07-20 00:00:00,1977-07-20 00:00:00,Comércio (Atacado e Varejo),PRIVADO,SEDE,SP,Categoria A
ATIVO,61.585.865/0001-51,RAIA DROGASIL S.A.,SÃO PAULO,5258,1977-07-20 00:00:00,1977-07-20 00:00:00,Comércio (Atacado e Varejo),PRIVADO,SEDE,SP,Categoria A
CANCELADA,60.605.664/0001-06,RAIA SA,SÃO PAULO,22306,2010-12-16 00:00:00,2012-02-02 00:00:00,Emp. Adm. Part. - Farmacêutico e Higiene,PRIVADO,SEDE,SP,Categoria A
ATIVO,08.070.508/0001-78,RAÍZEN ENERGIA S.A.,SÃO PAULO,23230,2013-10-21 00:00:00,2013-10-21 00:00:00,"Agricultura (Açúcar, Álcool e Cana)",PRIVADO,SEDE,SP,Categoria B
ATIVO,33.453.598/0001-23,RAÍZEN S.A.,RIO DE JANEIRO,25917,2021-05-28 00:00:00,2021-05-28 00:00:00,Comércio (Atacado e Varejo),PRIVADO,SEDE,RJ,Categoria A
CANCELADA,10.964.948/0001-10,RAN REF ACUCAR NORTE SA,JABOATÃO DOS GUARARAPES,9970,1977-07-20 00:00:00,2010-01-04 00:00:00,"Agricultura (Açúcar, Álcool e Cana)",PRIVADO,SEDE,PE,Categoria A
ATIVO,89.086.144/0001-16,RANDONCORP S.A.,CAXIAS DO SUL,14109,1993-02-05 00:00:00,1993-02-05 00:00:00,"Máquinas, Equipamentos, Veículos e Peças",PRIVADO,SEDE,RS,Categoria A
ATIVO,89.086.144/0001-16,RANDONCORP S.A.,CAXIAS DO SUL,14109,1993-02-05 00:00:00,1993-02-05 00:00:00,"Máquinas, Equipamentos, Veículos e Peças",PRIVADO,SEDE,RS,Categoria A
CANCELADA,94.789.468/0001-50,RASIP AGRO PASTORIL SA,VACARIA,18279,1999-05-27 00:00:00,2013-07-16 00:00:00,"Agricultura (Açúcar, Álcool e Cana)",PRIVADO,SEDE,RS,Categoria A
CANCELADA,03.559.006/0001-91,RB CAPITAL SECURITIZADORA S.A.,SÃO PAULO,19860,2005-10-31 00:00:00,2019-12-31 00:00:00,Securitização de Recebíveis,PRIVADO,SEDE,SP,Categoria B
CANCELADA,02.221.531/0001-30,RDN CONCESSÕES E PARTICIPAÇÕES S.A.,PONTA GROSSA,19151,2001-11-12 00:00:00,2021-12-23 00:00:00,Serviços Transporte e Logística,PRIVADO,SEDE,PR,Categoria B
CANCELADA,10.452.416/0001-02,REAG CAPITAL HOLDING S.A.,SÃO PAULO,26964,2022-09-27 00:00:00,2025-10-06 00:00:00,Emp. Adm. Part. - Sem Setor Principal,PRIVADO,SEDE,SP,Categoria B
CANCELADA,02.643.896/0001-52,REAL AI PIC SECURITIZADORA DE CREDITOS IMOBILIARIOS S.A.,SÃO PAULO,18430,1999-09-14 00:00:00,2023-02-01 00:00:00,Securitização de Recebíveis,PRIVADO,SEDE,SP,Categoria B
CANCELADA,06.349.242/0001-71,REC 844 SECURITIZADORA DE CRÉDITOS IMOBILIÁRIOS S.A.,SÃO PAULO,19810,2005-10-10 00:00:00,2016-02-03 00:00:00,Securitização de Recebíveis,PRIVADO,SEDE,SP,Categoria B
CANCELADA,04.370.450/0001-27,REC SAO BERNARDO SECURITIZADORA DE CREDITOS IMOBILIARIOS S.A.,SÃO PAULO,19356,2002-12-30 00:00:00,2017-04-13 00:00:00,Securitização de Recebíveis,PRIVADO,SEDE,SP,Categoria B
ATIVO,91.333.666/0001-17,RECRUSUL SA,PORTO ALEGRE,12572,1985-12-20 00:00:00,1985-12-20 00:00:00,"Máquinas, Equipamentos, Veículos e Peças",PRIVADO,SEDE,RS,Categoria A
ATIVO,06.047.087/0001-39,REDE D'OR SÃO LUIZ S.A.,SÃO PAULO,24821,2019-10-21 00:00:00,2019-10-21 00:00:00,Serviços Médicos,PRIVADO,SEDE,SP,Categoria A
ATIVO,61.584.140/0001-49,REDE ENERGIA PARTICIPAÇÕES S.A.,CATAGUASES,3190,1969-10-16 00:00:00,1969-10-16 00:00:00,Energia Elétrica,PRIVADO,SEDE,MG,Categoria A
CANCELADA,01.425.787/0001-04,REDECARD S/A,BARUERI,20893,2007-07-11 00:00:00,2012-10-18 00:00:00,Emp. Adm. Part. - Sem Setor Principal,PRIVADO,SEDE,SP,Categoria A
CANCELADA,01.425.787/0001-04,REDECARD S/A,BARUERI,20893,2007-07-11 00:00:00,2012-10-18 00:00:00,Emp. Adm. Part. - Sem Setor Principal,PRIVADO,SEDE,SP,Categoria A
CANCELADA,12.126.500/0001-53,REDENTOR ENERGIA S/A,BELO HORIZONTE,22128,2010-08-06 00:00:00,2016-01-19 00:00:00,Emp. Adm. Part. - Energia Elétrica,PRIVADO,SEDE,MG,Categoria A
CANCELADA,67.915.785/0001-01,REDFACTOR FACTORING E FOMENTO COML S/A,SÃO PAULO,19496,2003-12-22 00:00:00,2011-05-16 00:00:00,Factoring,PRIVADO HOLDING,SEDE,SP,Categoria B
CANCELADA,40.180.943/0001-68,REFINARIA DE MANAUS S.A.,MANAUS,27308,2023-09-01 00:00:00,2024-09-10 00:00:00,Petróleo e Gás,PRIVADO,SEDE,AM,Categoria B
ATIVO,33.412.081/0001-96,REFINARIA DE PETRÓLEOS DE MANGUINHOS S.A. - EM RECUPERAÇÃO JUDICIAL,RIO DE JANEIRO,9989,1970-05-14 00:00:00,1970-05-14 00:00:00,Petróleo e Gás,PRIVADO,SEDE,RJ,Categoria A
ATIVO,10.319.900/0001-50,REGENERA RIO S.A.,SÃO PAULO,26921,2022-08-25 00:00:00,2022-08-25 00:00:00,"Saneamento, Serv. Água e Gás",PRIVADO,SEDE,SP,Categoria B
CANCELADA,13.349.677/0001-81,REIT SECURITIZADORA S.A.,RIO DE JANEIRO,22802,2012-05-10 00:00:00,2022-06-01 00:00:00,Securitização de Recebíveis,PRIVADO,SEDE,RJ,Categoria B
CANCELADA,19.133.012/0001-12,RENOVA COMP. SECURITIZ. DE CRÉDITOS FINANC. S.A.,SÃO PAULO,23744,2015-10-22 00:00:00,2021-02-01 00:00:00,Securitização de Recebíveis,PRIVADO,SEDE,SP,Categoria B
ATIVO,08.534.605/0001-74,RENOVA ENERGIA S.A.,SÃO PAULO,21636,2008-08-20 00:00:00,2008-08-20 00:00:00,Energia Elétrica,PRIVADO,SEDE,SP,Categoria A
CANCELADA,08.572.741/0001-59,REP REAL ESTATE PARTNERS DESENV IMOB SA,SÃO PAULO,21539,2008-07-11 00:00:00,2012-08-13 00:00:00,Emp. Adm. Part. - Arrendamento Mercantil,PRIVADO,SEDE,SP,Categoria B
CANCELADA,02.363.917/0001-86,RET PARTICIPAÇÕES S/A,SÃO PAULO,17337,1998-05-28 00:00:00,2018-06-11 00:00:00,Emp. Adm. Part. - Telecomunicações,PRIVADO,SEDE,SP,Categoria A
ATIVO,52.810.883/0001-07,REVEE MCO S.A.,SÃO PAULO,27561,2024-07-18 00:00:00,2024-07-18 00:00:00,Emp. Adm. Part. - Intermediação Financeira,PRIVADO HOLDING,SEDE,SP,Categoria A
ATIVO,52.841.191/0001-18,REVEE S.A.,SÃO PAULO,27650,2024-09-25 00:00:00,2024-09-25 00:00:00,Emp. Adm. Part. - Brinquedos e Lazer,PRIVADO,SEDE,SP,Categoria A
CANCELADA,11.818.783/0001-31,RG PRIVATE BROKERS INT. DE NEGÓCIOS IMOB. LTDA,SÃO PAULO,22098,2010-07-21 00:00:00,2011-08-18 00:00:00,Bebidas e Fumo,PRIVADO,SEDE,SP,Categoria A
ATIVO,02.016.440/0001-62,RGE SUL DISTRIBUIDORA DE ENERGIA S.A.,SÃO LEOPOLDO,16527,1997-10-13 00:00:00,1997-10-13 00:00:00,Energia Elétrica,PRIVADO,SEDE,RS,Categoria B
CANCELADA,30.702.767/0001-23,RHC SECURITIZADORA DE CRÉDITOS S.A.,SANTO ÂNGELO,24635,2019-01-29 00:00:00,2020-06-30 00:00:00,Securitização de Recebíveis,PRIVADO,SEDE,RS,Categoria B
CANCELADA,29.388.352/0001-48,RIMET EMPREEND. INDS. E COMERCIAIS S/A,RESENDE,12840,1986-06-12 00:00:00,2012-10-31 00:00:00,Metalurgia e Siderurgia,PRIVADO,SEDE,RJ,Categoria A
ATIVO,38.199.406/0001-18,RIO ALTO ENERGIAS RENOVÁVEIS S.A. - EM RECUPERAÇÃO JUDICIAL,SÃO PAULO,25720,2021-04-26 00:00:00,2024-02-26 00:00:00,Energia Elétrica,PRIVADO,SEDE,SP,Categoria A
CANCELADA,40.480.481/0001-02,RIO ALTO STL HOLDING I S.A.,SANTA LUZIA,27006,2022-11-09 00:00:00,2025-10-24 00:00:00,Emp. Adm. Part. - Energia Elétrica,PRIVADO,SEDE,PB,Categoria B
CANCELADA,38.126.888/0001-86,Rio Energy Participações S.A.,RIO DE JANEIRO,26298,2021-10-29 00:00:00,2023-05-31 00:00:00,Emp. Adm. Part. - Energia Elétrica,PRIVADO,SEDE,RJ,Categoria A
CANCELADA,02.016.439/0001-38,RIO GRANDE ENERGIA SA,CAXIAS DO SUL,16535,1997-10-13 00:00:00,2019-01-01 00:00:00,Energia Elétrica,PRIVADO,SEDE,RS,Categoria B
CANCELADA,14.969.641/0001-63,RIO MONSARÁS PARTICIPAÇÕES S/A,RIO DE JANEIRO,22969,2012-09-06 00:00:00,2014-07-23 00:00:00,Energia Elétrica,PRIVADO HOLDING,SEDE,RJ,Categoria B
ATIVO,23.096.269/0001-19,RIO PARANA ENERGIA S.A.,SÃO PAULO,25623,2021-03-02 00:00:00,2021-03-02 00:00:00,Energia Elétrica,PRIVADO,SEDE,SP,Categoria B
ATIVO,02.998.301/0001-81,RIO PARANAPANEMA ENERGIA SA,SÃO PAULO,18368,1999-07-14 00:00:00,1999-07-14 00:00:00,Energia Elétrica,PRIVADO,SEDE,SP,Categoria A
ATIVO,02.998.301/0001-81,RIO PARANAPANEMA ENERGIA SA,SÃO PAULO,18368,1999-07-14 00:00:00,1999-07-14 00:00:00,Energia Elétrica,PRIVADO,SEDE,SP,Categoria A
ATIVO,42.292.007/0001-74,RIO+ SANEAMENTO BL 3 S.A.,RIO DE JANEIRO,27146,2023-03-28 00:00:00,2023-03-28 00:00:00,"Saneamento, Serv. Água e Gás",PRIVADO,SEDE,RJ,Categoria B
CANCELADA,03.392.498/0001-73,RIOEST ESTACIONAMENTOS SA,RIO DE JANEIRO,18872,2001-02-05 00:00:00,2012-04-26 00:00:00,"Emp. Adm. Part. - Const. Civil, Mat. Const. e Decoração",PRIVADO,SEDE,RJ,Categoria A
CANCELADA,28.442.718/0001-57,RIOLOAN 2 COMPANHIA SECURITIZADORA DE CRÉDITOS FINANCEIROS,SÃO PAULO,24368,2018-04-06 00:00:00,2022-07-11 00:00:00,Securitização de Recebíveis,PRIVADO,SEDE,SP,Categoria B
CANCELADA,13.457.942/0001-45,RIVA INCORPORADORA S/A,BELO HORIZONTE,24996,2020-07-28 00:00:00,2023-03-21 00:00:00,"Construção Civil, Mat. Constr. e Decoração",PRIVADO,SEDE,MG,Categoria A
CANCELADA,02.105.040/0001-23,RIZA II SECURITIZADORA S.A.,SÃO PAULO,18287,1999-05-31 00:00:00,2022-06-01 00:00:00,Securitização de Recebíveis,PRIVADO,SEDE,SP,Categoria B
CANCELADA,08.769.451/0001-08,RIZA SECURITIZADORA S.A.,SÃO PAULO,20818,2007-07-02 00:00:00,2024-12-19 00:00:00,Securitização de Recebíveis,PRIVADO,SEDE,SP,Categoria B
CANCELADA,08.281.683/0001-04,RJ CAPITAL PARTNERS S.A.,RIO DE JANEIRO,22330,2011-01-13 00:00:00,2018-05-30 00:00:00,Emp. Adm. Part. - Sem Setor Principal,PRIVADO HOLDING,SEDE,RJ,Categoria A
ATIVO,67.010.660/0001-24,RNI NEGÓCIOS IMOBILIÁRIOS S.A.,SÃO JOSÉ DO RIO PRETO,20451,2007-01-18 00:00:00,2007-01-18 00:00:00,"Construção Civil, Mat. Constr. e Decoração",PRIVADO,SEDE,SP,Categoria B
ATIVO,59.981.829/0001-65,RODOBENS S.A.,SÃO JOSÉ DO RIO PRETO,25801,2021-05-06 00:00:00,2021-05-06 00:00:00,"Máquinas, Equipamentos, Veículos e Peças",PRIVADO HOLDING,SEDE,SP,Categoria A
ATIVO,03.025.305/0001-46,RODOVIAS DAS COLINAS S.A.,SÃO PAULO,23167,2013-04-25 00:00:00,2013-04-25 00:00:00,Serviços Transporte e Logística,PRIVADO,SEDE,SP,Categoria B
ATIVO,41.508.382/0001-46,RODOVIAS DO BRASIL HOLDING S.A.,RIO DE JANEIRO,26352,2021-11-12 00:00:00,2021-11-12 00:00:00,Emp. Adm. Part. - Serviços Transporte e Logística,PRIVADO HOLDING,SEDE,RJ,Categoria B
CANCELADA,29.088.092/0001-95,ROMAXIS SECURITIZADORA S.A.,JOINVILLE,24686,2019-03-22 00:00:00,2022-06-30 00:00:00,Securitização de Recebíveis,PRIVADO,SEDE,SC,Categoria B
ATIVO,56.720.428/0001-63,ROMI S.A.,SANTA BÁRBARA D'OESTE,7510,1938-04-19 00:00:00,1938-04-19 00:00:00,"Máquinas, Equipamentos, Veículos e Peças",PRIVADO,SEDE,SP,Categoria A
CANCELADA,11.995.745/0001-54,ROPASC PARTICIPAÇÕES S/A,SÃO PAULO,22195,2010-10-22 00:00:00,2013-12-31 00:00:00,Emp. Adm. Part. - Sem Setor Principal,PRIVADO,SEDE,SP,Categoria B
SUSPENSO(A) - DECISÃO ADM,61.065.751/0001-80,ROSSI RESIDENCIAL S.A. - EM RECUPERAÇÃO JUDICIAL,SÃO PAULO,16306,1997-07-01 00:00:00,2026-05-19 00:00:00,"Construção Civil, Mat. Constr. e Decoração",PRIVADO,SEDE,SP,Categoria A
CANCELADA,22.131.736/0001-31,RR CASA DE INVESTIMENTOS E PARTICIPAÇÕES S.A.,SÃO PAULO,23787,2015-12-08 00:00:00,2016-06-22 00:00:00,Emp. Adm. Part. - Energia Elétrica,PRIVADO,SEDE,SP,Categoria A
CANCELADA,21.976.484/0001-89,RUGE SECURITIZADORA DE CRÉDITOS FINANCEIROS S.A.,SÃO PAULO,24538,2018-09-17 00:00:00,2022-06-30 00:00:00,Securitização de Recebíveis,PRIVADO,SEDE,SP,Categoria B
CANCELADA,71.550.388/0001-42,RUMO LOGÍSTICA OPERADORA MULTIMODAL S.A.,SÃO PAULO,23450,2014-08-07 00:00:00,2016-12-19 00:00:00,Serviços Transporte e Logística,PRIVADO,SEDE,SP,Categoria A
ATIVO,33.572.408/0001-97,RUMO MALHA CENTRAL S.A.,SÃO PAULO,26484,2021-12-17 00:00:00,2021-12-17 00:00:00,Serviços Transporte e Logística,PRIVADO,SEDE,SP,Categoria B
ATIVO,24.962.466/0001-36,RUMO MALHA NORTE S.A.,RONDONÓPOLIS,15300,1995-12-27 00:00:00,1995-12-27 00:00:00,Serviços Transporte e Logística,PRIVADO,SEDE,MT,Categoria B
ATIVO,39.115.514/0001-28,RUMO MALHA OESTE S.A.,SÃO PAULO,17850,1998-10-20 00:00:00,1998-10-20 00:00:00,Serviços Transporte e Logística,PRIVADO,SEDE,SP,Categoria B
ATIVO,02.502.844/0001-66,RUMO MALHA PAULISTA S.A.,SÃO PAULO,17930,1998-11-12 00:00:00,1998-11-12 00:00:00,Serviços Transporte e Logística,PRIVADO,SEDE,SP,Categoria B
ATIVO,01.258.944/0001-26,RUMO MALHA SUL S.A.,CURITIBA,15709,1996-08-29 00:00:00,1996-08-29 00:00:00,Serviços Transporte e Logística,PRIVADO,SEDE,PR,Categoria B
ATIVO,02.387.241/0001-60,RUMO S.A.,SÃO PAULO,17450,1998-07-02 00:00:00,1998-07-02 00:00:00,Emp. Adm. Part. - Serviços Transporte e Logística,PRIVADO HOLDING,SEDE,SP,Categoria A
ATIVO,02.387.241/0001-60,RUMO S.A.,SÃO PAULO,17450,1998-07-02 00:00:00,1998-07-02 00:00:00,Emp. Adm. Part. - Serviços Transporte e Logística,PRIVADO HOLDING,SEDE,SP,Categoria A
CANCELADA,92.772.821/0001-64,S.A. (VIAÇÃO AÉREA RIO-GRANDENSE) - FALIDA,PORTO ALEGRE,11681,1977-07-20 00:00:00,2011-01-04 00:00:00,Serviços Transporte e Logística,PRIVADO,SEDE,RS,Categoria A
CANCELADA,11.616.840/0001-08,SAAG INVESTIMENTOS S.A.,BELO HORIZONTE,22756,2012-03-01 00:00:00,2014-10-21 00:00:00,Emp. Adm. Part. - Telecomunicações,PRIVADO,SEDE,MG,Categoria A
CANCELADA,03.818.379/0001-30,SABER SERVIÇOS EDUCACIONAIS S.A.,BELO HORIZONTE,24490,2018-08-13 00:00:00,2024-09-27 00:00:00,Educação,PRIVADO,SEDE,MG,Categoria B
CANCELADA,13.522.948/0001-59,SAFIRA HOLDING S.A.,BARUERI,27138,2023-03-15 00:00:00,2025-02-13 00:00:00,Emp. Adm. Part. - Energia Elétrica,PRIVADO,SEDE,SP,Categoria A
CANCELADA,08.140.464/0001-05,SAFRA COMPANHIA SECURITIZADORA DE CREDITOS IMOBILIARIOS,SÃO PAULO,20400,2006-12-20 00:00:00,2011-10-27 00:00:00,Securitização de Recebíveis,PRIVADO,SEDE,SP,Categoria B
CANCELADA,62.063.177/0001-94,SAFRA LEASING SA ARRENDAMENTO  MERCANTIL,SÃO PAULO,19844,2005-10-27 00:00:00,2019-01-17 00:00:00,Arrendamento Mercantil,PRIVADO,SEDE,SP,Categoria B
CANCELADA,15.494.541/0001-90,SALUS INFRAESTRUTURA PORTUÁRIA S.A.,SÃO PAULO,23540,2015-01-05 00:00:00,2025-11-07 00:00:00,"Construção Civil, Mat. Constr. e Decoração",PRIVADO,SEDE,SP,Categoria B
ATIVO,01.616.929/0001-02,SANEAMENTO DE GOIAS SA,GOIÂNIA,19186,2001-12-11 00:00:00,2012-10-16 00:00:00,"Saneamento, Serv. Água e Gás",ESTATAL,SEDE,GO,Categoria B
CANCELADA,02.724.983/0001-34,SANESALTO SANEAMENTO SA,SALTO,19593,2004-09-21 00:00:00,2025-09-30 00:00:00,"Saneamento, Serv. Água e Gás",PRIVADO,SEDE,SP,Categoria B
ATIVO,14.807.945/0001-24,SANSUY SA INDÚSTRIA  DE PLASTICOS,CAMAÇARI,12696,1986-05-06 00:00:00,1986-05-06 00:00:00,Petroquímicos e Borracha,PRIVADO,SEDE,BA,Categoria A
ATIVO,00.897.864/0001-58,SANTA CATARINA PART INVEST SA,FLORIANÓPOLIS,15199,1995-12-13 00:00:00,1995-12-13 00:00:00,Emp. Adm. Part. - Intermediação Financeira,ESTATAL,SEDE,SC,Categoria B
CANCELADA,00.589.171/0001-06,SANTANDER BRASIL ARRENDAMENTO MERCANTIL S.A.,BARUERI,14940,1995-07-06 00:00:00,2009-11-30 00:00:00,Arrendamento Mercantil,PRIVADO,SEDE,SP,Categoria A
CANCELADA,47.193.149/0001-06,SANTANDER LEASING S.A. ARRENDAMENTO MERCANTIL,SÃO PAULO,20559,2007-03-19 00:00:00,2020-12-29 00:00:00,Arrendamento Mercantil,ESTRANGEIRO,SEDE,SP,Categoria B
CANCELADA,61.101.895/0001-45,SANTHER FAB.DE PAPEL SANTA THEREZINHA SA,SÃO PAULO,14923,1995-06-29 00:00:00,2021-03-05 00:00:00,Papel e Celulose,PRIVADO,SEDE,SP,Categoria A
ATIVO,09.391.823/0001-60,SANTO ANTONIO ENERGIA S.A.,RIO DE JANEIRO,23388,2014-04-28 00:00:00,2014-04-28 00:00:00,Energia Elétrica,PRIVADO,SEDE,RJ,Categoria B
ATIVO,02.762.121/0001-04,SANTOS BRASIL PARTICIPAÇÕES S.A.,SÃO PAULO,17892,1998-11-09 00:00:00,1998-11-09 00:00:00,Emp. Adm. Part. - Serviços Transporte e Logística,ESTATAL HOLDING,SEDE,SP,Categoria B
ATIVO,02.762.121/0001-04,SANTOS BRASIL PARTICIPAÇÕES S.A.,SÃO PAULO,17892,1998-11-09 00:00:00,1998-11-09 00:00:00,Emp. Adm. Part. - Serviços Transporte e Logística,ESTATAL HOLDING,SEDE,SP,Categoria B
ATIVO,29.780.061/0001-09,SAO CARLOS EMPREEND E PARTICIPACOES S.A.,SÃO PAULO,13781,1991-03-25 00:00:00,1991-03-25 00:00:00,Emp. Adm. Part. - Sem Setor Principal,PRIVADO,SEDE,SP,Categoria A
ATIVO,29.780.061/0001-09,SAO CARLOS EMPREEND E PARTICIPACOES S.A.,SÃO PAULO,13781,1991-03-25 00:00:00,1991-03-25 00:00:00,Emp. Adm. Part. - Sem Setor Principal,PRIVADO,SEDE,SP,Categoria A
ATIVO,51.466.860/0001-56,SÃO MARTINHO SA,PRADÓPOLIS,20516,2007-02-07 00:00:00,2007-02-07 00:00:00,"Agricultura (Açúcar, Álcool e Cana)",PRIVADO,SEDE,SP,Categoria A
ATIVO,62.002.886/0001-60,SÃO PAULO TURISMO S.A.,SÃO PAULO,9415,1977-10-20 00:00:00,1977-10-20 00:00:00,Emp. Adm. Part. - Hospedagem e Turismo,ESTATAL,SEDE,SP,Categoria A
CANCELADA,44.841.035/0001-29,SAP SECURITIZADORA DE CREDITOS FINANCEIROS S.A.,RIO DE JANEIRO,26840,2022-06-21 00:00:00,2022-06-30 00:00:00,Securitização de Recebíveis,PRIVADO,SEDE,RJ,Categoria B
ATIVO,60.500.139/0001-26,SARAIVA LIVREIROS S.A. - FALIDA,SÃO PAULO,10472,1977-07-20 00:00:00,1977-07-20 00:00:00,Comércio (Atacado e Varejo),PRIVADO,SEDE,SP,Categoria A
CANCELADA,00.866.577/0001-80,SAUIPE SA,MATA DE SÃO JOÃO,15261,1995-12-20 00:00:00,2018-04-04 00:00:00,Hospedagem e Turismo,PRIVADO,SEDE,BA,Categoria A
ATIVO,06.347.409/0001-65,SBF COMÉRCIO DE PRODUTOS ESPORTIVOS S.A.,SÃO PAULO,25410,2021-01-06 00:00:00,2021-01-06 00:00:00,Comércio (Atacado e Varejo),PRIVADO HOLDING,SEDE,SP,Categoria B
CANCELADA,19.288.959/0001-00,SCCA - SECURITIZADORA DE CRÉDITOS DO AGRONEGÓCIO S.A.,SÃO PAULO,23400,2014-05-27 00:00:00,2015-05-26 00:00:00,Securitização de Recebíveis,PRIVADO,SEDE,SP,Categoria B
CANCELADA,17.568.683/0001-80,SCCI - SECURITIZADORA DE CRÉDITOS IMOBILIÁRIOS S.A.,SÃO PAULO,23337,2014-01-16 00:00:00,2017-09-01 00:00:00,Securitização de Recebíveis,PRIVADO,SEDE,SP,Categoria B
ATIVO,84.693.183/0001-68,SCHULZ SA,JOINVILLE,14664,1994-12-19 00:00:00,1994-12-19 00:00:00,Metalurgia e Siderurgia,PRIVADO,SEDE,SC,Categoria A
CANCELADA,93.167.658/0001-73,SDV ADM-DE SHOPPING CENTERS SA,PORTO ALEGRE,13790,1991-04-15 00:00:00,2017-04-12 00:00:00,Comércio (Atacado e Varejo),PRIVADO,SEDE,RS,Categoria B
CANCELADA,14.042.551/0001-22,SEABRAS SERVIÇOS DE PETROLEO S/A,RIO DE JANEIRO,22730,2012-02-13 00:00:00,2014-05-23 00:00:00,Petróleo e Gás,PRIVADO,SEDE,RJ,Categoria A
CANCELADA,20.445.827/0001-16,SEC TWO COMPANHIA SECURITIZADORA DE CRÉDITOS,BLUMENAU,23752,2015-11-11 00:00:00,2017-06-14 00:00:00,Securitização de Recebíveis,PRIVADO,SEDE,SC,Categoria B
ATIVO,07.119.838/0001-48,SECME - COMPANHIA SECURITIZADORA DE CRÉDITOS IMOBILIÁRIOS,SÃO PAULO,19720,2005-05-02 00:00:00,2005-05-02 00:00:00,Securitização de Recebíveis,PRIVADO,SEDE,SP,Categoria B
ATIVO,07.119.838/0001-48,SECME - COMPANHIA SECURITIZADORA DE CRÉDITOS IMOBILIÁRIOS,SÃO PAULO,19720,2005-05-02 00:00:00,2005-05-02 00:00:00,Securitização de Recebíveis,PRIVADO,SEDE,SP,Categoria B
ATIVO,87.043.832/0001-73,SEIVA S.A. - FLORESTAS E INDÚSTRIAS,SÃO PAULO,10561,1981-12-11 00:00:00,1981-12-11 00:00:00,Reflorestamento,PRIVADO,SEDE,SP,Categoria A
CANCELADA,22.902.694/0001-95,SELF IT ACADEMIAS HOLDING S.A.,RECIFE,26794,2022-05-13 00:00:00,2023-02-10 00:00:00,Emp. Adm. Part. - Brinquedos e Lazer,PRIVADO,SEDE,PE,Categoria A
ATIVO,06.057.223/0001-71,SENDAS DISTRIBUIDORA S.A.,SÃO PAULO,25372,2020-12-11 00:00:00,2020-12-11 00:00:00,Comércio (Atacado e Varejo),PRIVADO HOLDING,SEDE,SP,Categoria A
CANCELADA,22.495.265/0001-40,SENECA COMPANHIA SECURITIZADORA,CURITIBA,23698,2015-08-17 00:00:00,2022-06-30 00:00:00,Securitização de Recebíveis,PRIVADO,SEDE,PR,Categoria B
ATIVO,80.680.093/0001-81,SENIOR SISTEMAS S.A.,BLUMENAU,26786,2022-05-12 00:00:00,2022-05-12 00:00:00,Comunicação e Informática,PRIVADO,SEDE,SC,Categoria A
ATIVO,01.599.101/0001-93,SEQUOIA LOGÍSTICA E TRANSPORTES S.A.,BARUERI,25160,2020-10-05 00:00:00,2020-10-05 00:00:00,Serviços Transporte e Logística,PRIVADO,SEDE,SP,Categoria A
ATIVO,04.986.320/0001-13,SER EDUCACIONAL S.A.,RECIFE,23221,2013-10-18 00:00:00,2013-10-18 00:00:00,Educação,PRIVADO,SEDE,PE,Categoria A
ATIVO,42.500.384/0001-51,SERENA ENERGIA S.A.,SÃO PAULO,26441,2021-12-01 00:00:00,2021-12-01 00:00:00,Emp. Adm. Part. - Energia Elétrica,PRIVADO,SEDE,SP,Categoria B
CANCELADA,09.149.503/0001-06,SERENA GERAÇÃO S.A.,SÃO PAULO,22110,2010-07-29 00:00:00,2013-09-20 00:00:00,Emp. Adm. Part. - Energia Elétrica,PRIVADO,SEDE,SP,Categoria B
ATIVO,09.149.503/0001-06,SERENA GERAÇÃO S.A.,SÃO PAULO,23426,2014-07-07 00:00:00,2014-07-07 00:00:00,Emp. Adm. Part. - Energia Elétrica,PRIVADO,SEDE,SP,Categoria B
CANCELADA,33.161.340/0001-53,SERGEN SERVS GERAIS DE ENG SA,RIO DE JANEIRO,10596,1977-07-20 00:00:00,2014-07-30 00:00:00,"Construção Civil, Mat. Constr. e Decoração",PRIVADO,SEDE,RJ,Categoria A
CANCELADA,00.545.378/0001-70,SERRA AZUL WATER PARK SA,ITUPEVA,14966,1995-07-26 00:00:00,2024-04-25 00:00:00,Emp. Adm. Part. - Brinquedos e Lazer,PRIVADO,SEDE,SP,Categoria A
CANCELADA,08.638.269/0001-00,SETIBA PARTICIPAÇÕES S/A,SÃO PAULO,20834,2007-07-02 00:00:00,2014-01-08 00:00:00,Emp. Adm. Part. - Sem Setor Principal,PRIVADO HOLDING,SEDE,SP,Categoria A
CANCELADA,00.115.890/0001-87,SHOPPING CENTER TACARUNA SA,RECIFE,15733,1996-09-11 00:00:00,2019-03-13 00:00:00,Emp. Adm. Part. - Comércio (Atacado e Varejo),PRIVADO,SEDE,PE,Categoria B
ATIVO,07.415.333/0001-20,SIMPAR S.A.,SÃO PAULO,25003,2020-07-29 00:00:00,2020-07-29 00:00:00,Serviços Transporte e Logística,PRIVADO,SEDE,SP,Categoria A
CANCELADA,04.065.791/0001-99,SINQIA S.A.,SÃO PAULO,22799,2012-04-26 00:00:00,2024-01-19 00:00:00,Comunicação e Informática,PRIVADO,SEDE,SP,Categoria A
CANCELADA,04.065.791/0001-99,SINQIA S.A.,SÃO PAULO,22799,2012-04-26 00:00:00,2024-01-19 00:00:00,Comunicação e Informática,PRIVADO,SEDE,SP,Categoria A
ATIVO,89.096.457/0001-55,SLC AGRICOLA SA,PORTO ALEGRE,20745,2007-06-12 00:00:00,2007-06-12 00:00:00,"Agricultura (Açúcar, Álcool e Cana)",PRIVADO,SEDE,RS,Categoria A
CANCELADA,31.910.308/0001-06,SLOT URBANISMO S.A.,JUIZ DE FORA,24678,2019-03-21 00:00:00,2020-01-31 00:00:00,"Construção Civil, Mat. Constr. e Decoração",PRIVADO,SEDE,MG,Categoria A
ATIVO,07.594.978/0001-78,SMARTFIT ESCOLA DE GINÁSTICA E DANÇA S.A.,SÃO PAULO,24260,2017-10-20 00:00:00,2017-10-20 00:00:00,Brinquedos e Lazer,PRIVADO,SEDE,SP,Categoria A
ATIVO,07.594.978/0001-78,SMARTFIT ESCOLA DE GINÁSTICA E DANÇA S.A.,SÃO PAULO,24260,2017-10-20 00:00:00,2017-10-20 00:00:00,Brinquedos e Lazer,PRIVADO,SEDE,SP,Categoria A
CANCELADA,05.730.375/0001-20,SMILES FIDELIDADE S.A.,BARUERI,24252,2017-10-10 00:00:00,2021-09-01 00:00:00,Comércio (Atacado e Varejo),PRIVADO,SEDE,SP,Categoria A
CANCELADA,15.912.764/0001-20,SMILES S.A.,BARUERI,23140,2013-04-25 00:00:00,2017-07-01 00:00:00,Comércio (Atacado e Varejo),PRIVADO,SEDE,SP,Categoria A
ATIVO,73.903.718/0001-61,SNB PARTICIPACOES SA,BLUMENAU,14303,1994-03-09 00:00:00,1994-03-09 00:00:00,Emp. Adm. Part. - Comércio (Atacado e Varejo),PRIVADO,SEDE,SC,Categoria B
ATIVO,46.119.855/0001-37,SOCIEDADE ABASTECIMENTO DE AGUA E SANEAMENTO SA,CAMPINAS,16241,1997-04-29 00:00:00,1997-04-29 00:00:00,"Saneamento, Serv. Água e Gás",ESTATAL,SEDE,SP,Categoria A
CANCELADA,32.286.411/0001-81,SOLA SA INDS ALIMENTICIAS,TRÊS RIOS,14710,1995-01-10 00:00:00,2011-04-08 00:00:00,Alimentos,PRIVADO,SEDE,RJ,Categoria A
ATIVO,41.052.420/0001-07,SOLAR BEBIDAS S.A.,FORTALEZA,27014,2022-11-11 00:00:00,2022-11-11 00:00:00,Bebidas e Fumo,PRIVADO,SEDE,CE,Categoria A
CANCELADA,01.368.194/0001-45,SOLE DO BRASIL S.A. TELECOMUNICAÇÕES E COMERCIO EXTERIOR,SÃO PAULO,16004,1996-12-26 00:00:00,2010-01-04 00:00:00,Telecomunicações,PRIVADO,SEDE,SP,Categoria A
ATIVO,40.263.170/0001-83,SOLVI ESSENCIS AMBIENTAL S.A.,SÃO PAULO,27073,2023-01-10 00:00:00,2023-01-10 00:00:00,"Saneamento, Serv. Água e Gás",PRIVADO,SEDE,SP,Categoria B
CANCELADA,02.541.982/0001-54,SOMOS EDUCAÇÃO S.A.,SÃO PAULO,22551,2011-07-22 00:00:00,2019-05-22 00:00:00,Gráficas e Editoras,PRIVADO,SEDE,SP,Categoria A
ATIVO,33.386.210/0001-19,SONDOTECNICA ENGENHARIA SOLOS S.A.,RIO DE JANEIRO,10880,1980-08-19 00:00:00,1980-08-19 00:00:00,"Construção Civil, Mat. Constr. e Decoração",PRIVADO,SEDE,RJ,Categoria A
CANCELADA,33.009.911/0001-39,SOUZA CRUZ SA,RIO DE JANEIRO,4057,1969-09-18 00:00:00,2015-12-01 00:00:00,Bebidas e Fumo,ESTRANGEIRO,SEDE,RJ,Categoria A
CANCELADA,19.511.433/0001-30,SPE AKRO SECURITIZADORA S.A.,RIO DE JANEIRO,23361,2014-03-26 00:00:00,2015-07-07 00:00:00,Securitização de Recebíveis,PRIVADO,SEDE,RJ,Categoria B
ATIVO,48.710.127/0001-20,SPE NOVO NORTE AEROPORTOS S.A,BELÉM,27758,2025-01-16 00:00:00,2025-01-16 00:00:00,Emp. Adm. Part. - Serviços Transporte e Logística,PRIVADO,SEDE,PA,Categoria B
CANCELADA,92.929.520/0001-00,SPRINGER SA,COTIA,10960,1968-10-24 00:00:00,2020-12-15 00:00:00,"Máquinas, Equipamentos, Veículos e Peças",PRIVADO,SEDE,SP,Categoria A
CANCELADA,07.718.269/0001-57,SPRINGS GLOBAL PARTICIPAÇÕES S/A - EM RECUPERAÇÃO JUDICIAL,MONTES CLAROS,20966,2007-07-25 00:00:00,2026-01-09 00:00:00,Emp. Adm. Part. - Têxtil e Vestuário,PRIVADO HOLDING,SEDE,MG,Categoria A
CANCELADA,59.290.239/0001-96,SPSCS INDUSTRIAL SA,SÃO PAULO,1953,1977-07-20 00:00:00,2010-01-04 00:00:00,"Máquinas, Equipamentos, Veículos e Peças",PRIVADO,SEDE,SP,Categoria A
CANCELADA,91.495.499/0001-00,STARA S.A. - INDÚSTRIA DE IMPLEMENTOS AGRÍCOLAS,NÃO-ME-TOQUE,24201,2017-09-18 00:00:00,2022-08-02 00:00:00,"Máquinas, Equipamentos, Veículos e Peças",PRIVADO HOLDING,SEDE,RS,Categoria A
CANCELADA,00.622.416/0001-41,STATKRAFT ENERGIAS RENOVÁVEIS S.A.,FLORIANÓPOLIS,22594,2011-09-19 00:00:00,2024-11-14 00:00:00,Energia Elétrica,PRIVADO,SEDE,SC,Categoria B
CANCELADA,12.592.746/0001-10,STEIN SP II PARTICIPAÇÕES S.A.,SÃO PAULO,22292,2010-12-16 00:00:00,2012-10-29 00:00:00,Emp. Adm. Part. - Petróleo e Gás,PRIVADO HOLDING,SEDE,SP,Categoria A
CANCELADA,02.286.509/0001-78,SUBESTAÇÃO ELETROMETRÔ S/A,RIO DE JANEIRO,17787,1998-09-25 00:00:00,2015-03-04 00:00:00,Emp. Adm. Part. - Energia Elétrica,PRIVADO,SEDE,RJ,Categoria B
ATIVO,02.062.747/0001-08,SUDESTE SA,RIO DE JANEIRO,16586,1997-11-10 00:00:00,1997-11-10 00:00:00,Emp. Adm. Part. - Sem Setor Principal,PRIVADO,SEDE,RJ,Categoria A
SUSPENSO(A) - DECISÃO ADM,13.584.310/0001-42,SUGOI S.A.,SÃO PAULO,23957,2016-07-19 00:00:00,2025-11-24 00:00:00,"Emp. Adm. Part. - Const. Civil, Mat. Const. e Decoração",PRIVADO,SEDE,SP,Categoria A
ATIVO,01.957.772/0001-89,SUL 116 PARTICIPAÇÕES S.A.,RIO DE JANEIRO,16438,1997-09-03 00:00:00,2023-11-17 00:00:00,Emp. Adm. Part. - Telecomunicações,PRIVADO HOLDING,SEDE,RJ,Categoria A
CANCELADA,29.978.814/0001-87,SUL AMERICA S/A,RIO DE JANEIRO,21121,2007-10-03 00:00:00,2022-04-14 00:00:00,Emp. Adm. Part. - Seguradoras e Corretoras,PRIVADO,SEDE,RJ,Categoria A
CANCELADA,29.978.814/0001-87,SUL AMERICA S/A,RIO DE JANEIRO,21121,2007-10-03 00:00:00,2022-04-14 00:00:00,Emp. Adm. Part. - Seguradoras e Corretoras,PRIVADO,SEDE,RJ,Categoria A
CANCELADA,11.181.400/0001-67,SUL INVEST SECURITIZADORA S.A.,CURITIBA,23345,2014-02-26 00:00:00,2016-08-10 00:00:00,Securitização de Recebíveis,PRIVADO,SEDE,PR,Categoria B
CANCELADA,72.129.083/0001-24,SUPERAGRO SA FERT INSETICIDAS,CAMPO LIMPO PAULISTA,11061,1972-11-22 00:00:00,2010-01-04 00:00:00,Petroquímicos e Borracha,PRIVADO,SEDE,SP,Categoria A
ATIVO,60.651.809/0001-05,SUZANO HOLDING S.A.,SÃO PAULO,9067,1982-03-11 00:00:00,1982-03-11 00:00:00,Emp. Adm. Part. - Papel e Celulose,PRIVADO,SEDE,SP,Categoria A
ATIVO,16.404.287/0001-55,SUZANO S.A.,SALVADOR,13986,1992-04-15 00:00:00,1992-04-15 00:00:00,Papel e Celulose,PRIVADO,SEDE,BA,Categoria A
ATIVO,08.801.621/0001-86,SYN PROP & TECH S.A.,SÃO PAULO,21040,2007-08-01 00:00:00,2007-08-01 00:00:00,"Emp. Adm. Part. - Const. Civil, Mat. Const. e Decoração",PRIVADO,SEDE,SP,Categoria A
ATIVO,08.801.621/0001-86,SYN PROP & TECH S.A.,SÃO PAULO,21040,2007-08-01 00:00:00,2007-08-01 00:00:00,"Emp. Adm. Part. - Const. Civil, Mat. Const. e Decoração",PRIVADO,SEDE,SP,Categoria A
ATIVO,02.860.694/0001-62,T4F ENTRETENIMENTO SA,SÃO PAULO,22454,2011-04-11 00:00:00,2011-04-11 00:00:00,Brinquedos e Lazer,PRIVADO,SEDE,SP,Categoria A
CANCELADA,28.573.830/0001-27,TAIPE TRANCOSO EMPREENDIMENTOS S/A,PORTO SEGURO,20508,2007-02-07 00:00:00,2016-03-11 00:00:00,Hospedagem e Turismo,PRIVADO,SEDE,BA,Categoria B
CANCELADA,01.832.635/0001-18,TAM S.A.,SÃO PAULO,16390,1997-08-08 00:00:00,2012-07-18 00:00:00,Serviços Transporte e Logística,PRIVADO,SEDE,SP,Categoria A
ATIVO,27.967.244/0001-02,TAPAJÓS TRANSMISSORA DE ENERGIA S.A.,RIO DE JANEIRO,24481,2018-06-28 00:00:00,2018-06-28 00:00:00,Energia Elétrica,PRIVADO,SEDE,RJ,Categoria B
CANCELADA,05.341.549/0001-63,TARPON INVESTIMENTOS S/A,SÃO PAULO,21717,2009-05-21 00:00:00,2019-07-17 00:00:00,Emp. Adm. Part. - Intermediação Financeira,PRIVADO HOLDING,SEDE,SP,Categoria A
ATIVO,92.781.335/0001-02,TAURUS ARMAS S.A.,SÃO LEOPOLDO,6173,1982-03-02 00:00:00,1982-03-02 00:00:00,"Máquinas, Equipamentos, Veículos e Peças",PRIVADO,SEDE,RS,Categoria A
ATIVO,92.781.335/0001-02,TAURUS ARMAS S.A.,SÃO LEOPOLDO,6173,1982-03-02 00:00:00,1982-03-02 00:00:00,"Máquinas, Equipamentos, Veículos e Peças",PRIVADO,SEDE,RS,Categoria A
ATIVO,26.345.998/0001-50,TC S.A.,SÃO PAULO,26077,2021-07-26 00:00:00,2021-07-26 00:00:00,Comunicação e Informática,PRIVADO,SEDE,SP,Categoria A
CANCELADA,67.437.434/0001-24,TC SECURITIES CIA DE SECURITIZAÇÃO,SANTA RITA DO PASSA QUATRO,20389,2006-12-15 00:00:00,2018-03-19 00:00:00,Securitização de Recebíveis,PRIVADO,SEDE,SP,Categoria B
CANCELADA,12.919.786/0001-24,TCP - TERMINAL DE CONTÊINERES DE PARANAGUÁ S.A.,PARANAGUÁ,24066,2016-10-27 00:00:00,2025-05-23 00:00:00,Serviços Transporte e Logística,PRIVADO,SEDE,PR,Categoria B
CANCELADA,22.770.366/0001-82,TEC TOY S/A,MANAUS,14133,1993-06-21 00:00:00,2019-08-01 00:00:00,"Máquinas, Equipamentos, Veículos e Peças",PRIVADO,SEDE,AM,Categoria A
ATIVO,08.424.178/0001-71,TECBLU - TECELAGEM BLUMENAU S/A.,PARNAMIRIM,11215,1971-04-28 00:00:00,1971-04-28 00:00:00,Têxtil e Vestuário,PRIVADO,SEDE,RN,Categoria A
ATIVO,09.295.063/0001-97,TECHNOS SA,RIO DE JANEIRO,22519,2011-06-28 00:00:00,2011-06-28 00:00:00,Comércio (Atacado e Varejo),PRIVADO,SEDE,RJ,Categoria A
ATIVO,17.359.233/0001-88,TECIDOS E ARMARINHOS MIGUEL BARTOLOMEU S.A.,CONTAGEM,26760,2022-04-27 00:00:00,2022-04-27 00:00:00,Comércio (Atacado e Varejo),PRIVADO,SEDE,MG,Categoria A
ATIVO,08.065.557/0001-12,TECNISA S/A,SÃO PAULO,20435,2007-01-09 00:00:00,2007-01-09 00:00:00,"Construção Civil, Mat. Constr. e Decoração",PRIVADO,SEDE,SP,Categoria A
ATIVO,08.065.557/0001-12,TECNISA S/A,SÃO PAULO,20435,2007-01-09 00:00:00,2007-01-09 00:00:00,"Construção Civil, Mat. Constr. e Decoração",PRIVADO,SEDE,SP,Categoria A
CANCELADA,13.720.879/0001-98,TECNO WASTE S.A.,CURITIBA,23051,2013-02-25 00:00:00,2016-01-07 00:00:00,Emp. Adm. Part. - Sem Setor Principal,PRIVADO,SEDE,PR,Categoria A
ATIVO,08.100.057/0001-74,TECNOGERA-LOCAÇÃO E TRANSFORMAÇÃO DE ENERGIA S.A.,SÃO BERNARDO DO CAMPO,27847,2025-07-01 00:00:00,2025-07-01 00:00:00,"Máquinas, Equipamentos, Veículos e Peças",PRIVADO,SEDE,SP,Categoria B
ATIVO,02.351.144/0001-18,TEGMA GESTÃO LOGÍSTICA SA,SÃO BERNARDO DO CAMPO,20800,2007-06-28 00:00:00,2007-06-28 00:00:00,Serviços Transporte e Logística,PRIVADO,SEDE,SP,Categoria A
ATIVO,30.213.493/0001-09,TEGRA INCORPORADORA S.A.,SÃO PAULO,25844,2021-05-12 00:00:00,2021-05-12 00:00:00,"Emp. Adm. Part. - Const. Civil, Mat. Const. e Decoração",PRIVADO,SEDE,SP,Categoria A
SUSPENSO(A) - DECISÃO ADM,82.636.986/0001-55,TEKA TECELAGEM KUEHNRICH SA - EM RECUPERAÇÃO JUDICIAL,BLUMENAU,11223,1969-12-04 00:00:00,2026-05-19 00:00:00,Têxtil e Vestuário,PRIVADO,SEDE,SC,Categoria A
CANCELADA,33.467.572/0001-34,TEKNO S.A. INDÚSTRIA E COMÉRCIO,GUARATINGUETÁ,11231,1977-07-20 00:00:00,2026-05-14 00:00:00,Emp. Adm. Part. - Metalurgia e Siderurgia,PRIVADO,SEDE,SP,Categoria A
CANCELADA,02.558.154/0001-29,TELE NORTE CELULAR PARTICIPAÇÕES SA,RIO DE JANEIRO,17604,1998-08-18 00:00:00,2013-01-07 00:00:00,Telecomunicações,PRIVADO HOLDING,SEDE,RJ,Categoria A
CANCELADA,02.558.134/0001-58,TELE NORTE LESTE PARTICIPAÇÕES SA,RIO DE JANEIRO,17655,1998-08-19 00:00:00,2012-02-27 00:00:00,Telecomunicações,PRIVADO HOLDING,SEDE,RJ,Categoria A
ATIVO,00.336.701/0001-04,TELEC. BRASILEIRAS S.A. - TELEBRÁS,BRASÍLIA,11258,1981-01-21 00:00:00,1981-01-21 00:00:00,Telecomunicações,ESTATAL,SEDE,DF,Categoria A
ATIVO,02.558.157/0001-62,TELEFÔNICA BRASIL S.A.,SÃO PAULO,17671,1998-08-19 00:00:00,1998-08-19 00:00:00,Telecomunicações,PRIVADO,SEDE,SP,Categoria A
CANCELADA,33.000.118/0001-79,TELEMAR NORTE LESTE SA,RIO DE JANEIRO,11320,1979-12-12 00:00:00,2012-05-11 00:00:00,Telecomunicações,PRIVADO,SEDE,RJ,Categoria A
CANCELADA,33.000.118/0001-79,TELEMAR NORTE LESTE SA,RIO DE JANEIRO,11320,1979-12-12 00:00:00,2012-05-11 00:00:00,Telecomunicações,PRIVADO,SEDE,RJ,Categoria A
CANCELADA,02.107.946/0001-87,TELEMAR PARTICIPAÇÕES SA,RIO DE JANEIRO,18678,2000-07-11 00:00:00,2015-09-01 00:00:00,Emp. Adm. Part. - Telecomunicações,PRIVADO,SEDE,RJ,Categoria B
CANCELADA,02.476.710/0001-18,TELINVEST SA,SÃO PAULO,17418,1998-06-18 00:00:00,2018-06-11 00:00:00,Emp. Adm. Part. - Telecomunicações,PRIVADO HOLDING,SEDE,SP,Categoria A
CANCELADA,06.977.739/0001-34,TEMPO PARTICIPAÇOES S/A,SÃO PAULO,19917,2006-01-04 00:00:00,2016-05-10 00:00:00,Emp. Adm. Part. - Serviços médicos,ESTRANGEIRO HOLDING,SEDE,SP,Categoria A
CANCELADA,11.566.501/0001-56,TEREOS INTERNACIONAL S/A,SÃO PAULO,22136,2010-08-11 00:00:00,2016-09-28 00:00:00,Alimentos,ESTRANGEIRO HOLDING,SEDE,SP,Categoria A
ATIVO,10.502.676/0001-37,TERMELÉTRICA PERNAMBUCO III S.A.,IGARASSU,23329,2013-12-10 00:00:00,2015-07-17 00:00:00,Energia Elétrica,PRIVADO,SEDE,PE,Categoria B
CANCELADA,02.664.042/0001-52,TERMINAL GARAGEM MENEZES CORTES SA,RIO DE JANEIRO,18538,2000-01-17 00:00:00,2025-12-17 00:00:00,Serviços Transporte e Logística,PRIVADO,SEDE,RJ,Categoria A
CANCELADA,03.795.050/0001-09,TERMOPERNAMBUCO SA,RIO DE JANEIRO,19852,2005-10-31 00:00:00,2025-11-04 00:00:00,Energia Elétrica,PRIVADO,SEDE,RJ,Categoria B
ATIVO,21.748.188/0001-20,TERP GLBL BRASIL I PARTICIPAÇÕES S.A.,RIO DE JANEIRO,27804,2025-05-09 00:00:00,2025-05-09 00:00:00,Emp. Adm. Part. - Energia Elétrica,PRIVADO,SEDE,RJ,Categoria B
CANCELADA,05.799.312/0001-20,TERRA SANTA AGRO S.A.,SÃO PAULO,20354,2006-11-09 00:00:00,2021-10-19 00:00:00,"Agricultura (Açúcar, Álcool e Cana)",PRIVADO,SEDE,SP,Categoria A
ATIVO,40.337.136/0001-06,TERRA SANTA PROPRIEDADES AGRÍCOLAS S.A.,SÃO PAULO,26000,2021-07-14 00:00:00,2021-07-14 00:00:00,"Agricultura (Açúcar, Álcool e Cana)",PRIVADO,SEDE,SP,Categoria A
ATIVO,82.982.075/0001-80,TÊXTIL RENAUXVIEW S/A,BRUSQUE,7544,1969-08-11 00:00:00,1969-08-11 00:00:00,Têxtil e Vestuário,PRIVADO,SEDE,SC,Categoria A
CANCELADA,08.253.728/0001-37,TFA SECURITIZADORA S/A,SÃO PAULO,20460,2007-01-19 00:00:00,2013-03-14 00:00:00,Securitização de Recebíveis,PRIVADO,SEDE,SP,Categoria B
ATIVO,84.684.455/0001-63,TIGRE S.A. PARTICIPAÇÕES,JOINVILLE,26255,2021-10-01 00:00:00,2021-10-01 00:00:00,"Construção Civil, Mat. Constr. e Decoração",PRIVADO,SEDE,SC,Categoria B
ATIVO,02.600.854/0001-34,TIM BRASIL SERVIÇOS E PARTICIPAÇÕES S.A.,RIO DE JANEIRO,27090,2023-02-17 00:00:00,2023-02-17 00:00:00,Telecomunicações,ESTRANGEIRO HOLDING,SEDE,RJ,Categoria B
CANCELADA,02.558.115/0001-21,TIM PARTICIPAÇÕES SA,RIO DE JANEIRO,17639,1998-08-19 00:00:00,2020-08-31 00:00:00,Emp. Adm. Part. - Telecomunicações,PRIVADO,SEDE,RJ,Categoria A
ATIVO,02.421.421/0001-11,TIM S.A.,RIO DE JANEIRO,24929,2020-03-17 00:00:00,2020-03-17 00:00:00,Telecomunicações,PRIVADO HOLDING,SEDE,RJ,Categoria A
CANCELADA,07.073.027/0001-53,"TIVIT TERCEIRIZAÇÃO DE PROCESSOS, SERVIÇOS E TECNOLOGIA S/A",SÃO PAULO,21768,2009-09-24 00:00:00,2011-01-11 00:00:00,Comunicação e Informática,PRIVADO,SEDE,SP,Categoria A
ATIVO,53.113.791/0001-22,TOTVS S.A,SÃO PAULO,19992,2006-03-07 00:00:00,2006-03-07 00:00:00,Comunicação e Informática,PRIVADO,SEDE,SP,Categoria A
ATIVO,03.014.553/0001-91,TPI - TRIUNFO PARTICIPACOES E INVESTIMENTOS S.A.,SÃO PAULO,19330,2002-12-05 00:00:00,2002-12-05 00:00:00,Emp. Adm. Part. - Serviços Transporte e Logística,PRIVADO HOLDING,SEDE,SP,Categoria A
ATIVO,59.418.806/0001-47,TRACK & FIELD CO S.A,SÃO PAULO,25208,2020-10-22 00:00:00,2020-10-22 00:00:00,Têxtil e Vestuário,PRIVADO,SEDE,SP,Categoria A
CANCELADA,90.286.105/0001-41,TRAFO EQUIPAMENTOS ELETRICOS S.A.,GRAVATAÍ,11452,1969-11-04 00:00:00,2009-12-30 00:00:00,"Máquinas, Equipamentos, Veículos e Peças",PRIVADO,SEDE,RS,Categoria A
CANCELADA,60.872.173/0001-21,TRANSBRASIL SA LINHAS AEREAS - FALIDA,BRASÍLIA,11479,1977-07-20 00:00:00,2010-01-04 00:00:00,Serviços Transporte e Logística,PRIVADO,SEDE,DF,Categoria A
ATIVO,09.074.183/0001-64,TRANSBRASILIANA CONCESSIONÁRIA DE RODOVIA SA,LINS,22225,2010-11-05 00:00:00,2010-11-05 00:00:00,Serviços Transporte e Logística,PRIVADO,SEDE,SP,Categoria B
ATIVO,07.859.971/0001-30,TRANSMISSORA ALIANÇA DE ENERGIA ELÉTRICA S.A.,RIO DE JANEIRO,20257,2006-09-06 00:00:00,2006-09-06 00:00:00,Emp. Adm. Part. - Energia Elétrica,PRIVADO,SEDE,RJ,Categoria A
ATIVO,07.859.971/0001-30,TRANSMISSORA ALIANÇA DE ENERGIA ELÉTRICA S.A.,RIO DE JANEIRO,20257,2006-09-06 00:00:00,2006-09-06 00:00:00,Emp. Adm. Part. - Energia Elétrica,PRIVADO,SEDE,RJ,Categoria A
ATIVO,21.728.083/0001-00,TRANSMISSORA JOSÉ MARIA DE MACEDO DE ELETRICIDADE S.A.,SÃO PAULO,26654,2022-03-21 00:00:00,2022-03-21 00:00:00,Energia Elétrica,PRIVADO HOLDING,SEDE,SP,Categoria B
ATIVO,02.281.836/0001-37,TRANSNORDESTINA LOGISTICA SA,FORTALEZA,20443,2007-01-11 00:00:00,2007-01-11 00:00:00,Serviços Transporte e Logística,PRIVADO,SEDE,CE,Categoria B
ATIVO,38.042.694/0001-00,TRAVESSIA SECURITIZADORA DE CRÉDITOS FINANCEIROS S.A.,SÃO PAULO,25240,2020-11-04 00:00:00,2020-11-04 00:00:00,Securitização de Recebíveis,PRIVADO,SEDE,SP,Categoria B
ATIVO,43.335.774/0001-86,TRAVESSIA SECURITIZADORA DE CRÉDITOS MERCANTIS VI S.A.,SÃO PAULO,26824,2022-06-08 00:00:00,2022-06-08 00:00:00,Securitização de Recebíveis,PRIVADO,SEDE,SP,Categoria B
ATIVO,26.609.050/0001-64,TRAVESSIA SECURITIZADORA S.A.,SÃO PAULO,24082,2017-02-09 00:00:00,2017-02-09 00:00:00,Securitização de Recebíveis,PRIVADO,SEDE,SP,Categoria B
ATIVO,26.609.050/0001-64,TRAVESSIA SECURITIZADORA S.A.,SÃO PAULO,24082,2017-02-09 00:00:00,2017-02-09 00:00:00,Securitização de Recebíveis,PRIVADO,SEDE,SP,Categoria B
ATIVO,94.813.102/0001-70,TRÊS TENTOS AGROINDUSTRIAL S.A.,SANTA BÁRBARA DO SUL,25950,2021-06-21 00:00:00,2021-06-21 00:00:00,"Agricultura (Açúcar, Álcool e Cana)",PRIVADO,SEDE,RS,Categoria A
ATIVO,92.660.570/0001-26,TREVISA  INVESTIMENTOS SA,PORTO ALEGRE,8192,1980-12-15 00:00:00,1980-12-15 00:00:00,Emp. Adm. Part. - Sem Setor Principal,PRIVADO,SEDE,RS,Categoria A
CANCELADA,02.509.186/0001-34,TRIÂNGULO DO SOL AUTO-ESTRADAS S.A.,MATÃO,23060,2013-02-25 00:00:00,2023-08-01 00:00:00,Serviços Transporte e Logística,PRIVADO,SEDE,SP,Categoria B
CANCELADA,24.717.074/0001-01,TRÍPLICE SECURITIZADORA DE ATIVOS MERCANTIS S.A.,NATAL,24023,2016-10-04 00:00:00,2017-11-30 00:00:00,Securitização de Recebíveis,PRIVADO,SEDE,RN,Categoria B
ATIVO,08.811.643/0001-27,TRISUL S/A,SÃO PAULO,21130,2007-10-10 00:00:00,2007-10-10 00:00:00,"Emp. Adm. Part. - Const. Civil, Mat. Const. e Decoração",PRIVADO,SEDE,SP,Categoria A
ATIVO,08.811.643/0001-27,TRISUL S/A,SÃO PAULO,21130,2007-10-10 00:00:00,2007-10-10 00:00:00,"Emp. Adm. Part. - Const. Civil, Mat. Const. e Decoração",PRIVADO,SEDE,SP,Categoria A
CANCELADA,24.955.657/0001-70,TRIUNFO SECURITIZADORA DE ATIVOS S.A.,MACAÍBA,24031,2016-10-04 00:00:00,2017-12-21 00:00:00,Securitização de Recebíveis,PRIVADO,SEDE,RN,Categoria B
CANCELADA,20.553.221/0001-02,TROCAFONE S.A.,SÃO PAULO,26573,2022-01-03 00:00:00,2022-05-16 00:00:00,Comércio (Atacado e Varejo),PRIVADO,SEDE,SP,Categoria A
ATIVO,15.115.504/0001-24,TRONOX PIGMENTOS DO BRASIL S.A.,CAMAÇARI,11398,1970-12-23 00:00:00,1970-12-23 00:00:00,Petroquímicos e Borracha,PRIVADO HOLDING,SEDE,BA,Categoria A
CANCELADA,61.418.430/0001-12,TRORION SA,DIADEMA,11525,1969-09-16 00:00:00,2011-03-30 00:00:00,Petroquímicos e Borracha,PRIVADO,SEDE,SP,Categoria A
CANCELADA,42.603.513/0001-37,TRUE SECURITIZADORA DE CREDITOS FINANCEIROS IV S.A.,SÃO PAULO,26492,2021-12-17 00:00:00,2022-06-22 00:00:00,Securitização de Recebíveis,PRIVADO,SEDE,SP,Categoria B
CANCELADA,12.130.744/0001-00,TRUE SECURITIZADORA S.A.,SÃO PAULO,22276,2010-11-25 00:00:00,2022-06-30 00:00:00,Securitização de Recebíveis,PRIVADO,SEDE,SP,Categoria B
CANCELADA,12.130.744/0001-00,TRUE SECURITIZADORA S.A.,SÃO PAULO,22276,2010-11-25 00:00:00,2022-06-30 00:00:00,Securitização de Recebíveis,PRIVADO,SEDE,SP,Categoria B
CANCELADA,43.107.119/0001-70,TRUFANA TEXTIL SA,SÃO PAULO,12963,1986-08-07 00:00:00,2010-01-04 00:00:00,Têxtil e Vestuário,PRIVADO,SEDE,SP,Categoria A
CANCELADA,11.716.471/0001-17,TRX SECURITIZADORA S.A.,SÃO PAULO,22420,2011-03-02 00:00:00,2023-06-21 00:00:00,Securitização de Recebíveis,PRIVADO HOLDING,SEDE,SP,Categoria B
CANCELADA,06.033.448/0001-98,TSL SECURITIZADORA E PARTICIPAÇÕES S.A.,RIO DE JANEIRO,19526,2004-03-17 00:00:00,2017-03-07 00:00:00,Securitização de Recebíveis,PRIVADO,SEDE,RJ,Categoria B
ATIVO,59.115.685/0001-64,TUPI ENERGIAS RENOVÁVEIS S.A.,SÃO PAULO,27944,2025-10-29 00:00:00,2025-10-29 00:00:00,Emp. Adm. Part. - Energia Elétrica,PRIVADO,SEDE,SP,Categoria B
ATIVO,84.683.374/0001-49,TUPY SA,JOINVILLE,6343,1966-07-01 00:00:00,1966-07-01 00:00:00,Metalurgia e Siderurgia,PRIVADO,SEDE,SC,Categoria A
ATIVO,26.982.634/0001-80,TURBI COMPARTILHAMENTO DE VEÍCULOS S.A.,SÃO PAULO,27197,2023-05-11 00:00:00,2023-05-11 00:00:00,Serviços Transporte e Logística,PRIVADO,SEDE,SP,Categoria B
CANCELADA,05.388.437/0001-68,ULBRA RECEBIVEIS S/A,CANOAS,19461,2003-10-09 00:00:00,2011-07-15 00:00:00,Securitização de Recebíveis,PRIVADO,SEDE,RS,Categoria B
ATIVO,33.256.439/0001-39,ULTRAPAR PARTICIPAÇÕES SA,SÃO PAULO,18465,1999-09-27 00:00:00,1999-09-27 00:00:00,Emp. Adm. Part. - Petróleo e Gás,PRIVADO,SEDE,SP,Categoria A
CANCELADA,07.394.616/0001-33,UNI CIDADE SPTRUST DE RECEBÍVEIS SA,SÃO PAULO,20079,2006-05-23 00:00:00,2014-05-16 00:00:00,Securitização de Recebíveis,PRIVADO,SEDE,SP,Categoria B
ATIVO,53.153.938/0001-08,UNIÃO PET PARTICIPAÇÕES S.A.,SÃO PAULO,27766,2025-01-21 00:00:00,2025-01-21 00:00:00,Comércio (Atacado e Varejo),PRIVADO,SEDE,SP,Categoria A
ATIVO,60.665.981/0001-18,UNIÃO QUÍMICA FARMACÊUTICA NACIONAL S.A.,EMBU-GUAÇU,26867,2022-07-07 00:00:00,2022-07-07 00:00:00,Farmacêutico e Higiene,PRIVADO,SEDE,SP,Categoria B
ATIVO,90.441.460/0001-48,UNICASA INDÚSTRIA DE MÓVEIS S.A.,BENTO GONÇALVES,22780,2012-04-25 00:00:00,2012-04-25 00:00:00,"Construção Civil, Mat. Constr. e Decoração",PRIVADO,SEDE,RS,Categoria A
ATIVO,75.609.123/0001-23,UNIDAS LOCAÇÕES E SERVIÇOS S.A.,CURITIBA,23280,2013-11-14 00:00:00,2013-11-14 00:00:00,Serviços Transporte e Logística,PRIVADO,SEDE,PR,Categoria A
ATIVO,45.736.131/0001-70,UNIDAS LOCADORA S.A.,BELO HORIZONTE,27162,2023-05-05 00:00:00,2023-05-05 00:00:00,Serviços Transporte e Logística,PRIVADO,SEDE,MG,Categoria B
ATIVO,02.255.187/0001-08,UNIFIQUE TELECOMUNICAÇÕES S.A.,TIMBÓ,26050,2021-07-23 00:00:00,2021-07-23 00:00:00,Emp. Adm. Part. - Telecomunicações,PRIVADO,SEDE,SC,Categoria A
CANCELADA,05.303.439/0001-07,UNIGEL PARTICIPAÇÕES S.A.,SÃO PAULO,26301,2021-11-03 00:00:00,2025-09-29 00:00:00,Petroquímicos e Borracha,PRIVADO,SEDE,SP,Categoria A
ATIVO,33.958.695/0001-78,UNIPAR CARBOCLORO S.A.,SÃO PAULO,11592,1971-12-08 00:00:00,1971-12-08 00:00:00,Petroquímicos e Borracha,PRIVADO,SEDE,SP,Categoria A
ATIVO,33.958.695/0001-78,UNIPAR CARBOCLORO S.A.,SÃO PAULO,11592,1971-12-08 00:00:00,1971-12-08 00:00:00,Petroquímicos e Borracha,PRIVADO,SEDE,SP,Categoria A
CANCELADA,07.203.904/0001-63,UNITEXTIL - UNIAO INDUSTRIAL TEXTIL S/A,FORTALEZA,11606,1982-09-22 00:00:00,2013-08-14 00:00:00,Têxtil e Vestuário,PRIVADO,SEDE,CE,Categoria A
CANCELADA,06.027.566/0001-93,UNIVER CIDADE TRUST DE RECEBIVEIS SA,RIO DE JANEIRO,19585,2004-09-02 00:00:00,2013-12-27 00:00:00,Securitização de Recebíveis,PRIVADO,SEDE,RJ,Categoria B
CANCELADA,01.109.184/0001-95,UNIVERSO ONLINE SA,SÃO PAULO,19887,2005-12-14 00:00:00,2012-01-18 00:00:00,Telecomunicações,PRIVADO HOLDING,SEDE,SP,Categoria A
CANCELADA,34.591.574/0001-01,UP ENGENHARIA E URBANISMO S.A.,ASTOLFO DUTRA,24856,2019-11-04 00:00:00,2021-09-29 00:00:00,"Construção Civil, Mat. Constr. e Decoração",PRIVADO,SEDE,MG,Categoria A
CANCELADA,02.162.616/0001-94,UPTICK PARTICIPACOES S.A. - EM LIQUIDAÇÃO,RIO DE JANEIRO,16624,1997-11-19 00:00:00,2025-04-30 00:00:00,Emp. Adm. Part. - Energia Elétrica,PRIVADO,SEDE,RJ,Categoria A
ATIVO,10.571.175/0001-02,URBA DESENVOLVIMENTO URBANO S.A.,BELO HORIZONTE,25437,2021-01-25 00:00:00,2021-01-25 00:00:00,"Construção Civil, Mat. Constr. e Decoração",PRIVADO,SEDE,MG,Categoria A
ATIVO,04.739.720/0001-24,USINA TERMELÉTRICA PAMPA SUL S.A.,PELOTAS,24945,2020-05-04 00:00:00,2020-05-04 00:00:00,Energia Elétrica,PRIVADO,SEDE,RS,Categoria B
CANCELADA,26.643.756/0001-42,USINAGEM EDLYN PARTICIPAÇÕES S.A.,SÃO PAULO,24449,2018-06-06 00:00:00,2020-08-28 00:00:00,"Emp. Adm. Part. - Const. Civil, Mat. Const. e Decoração",PRIVADO,SEDE,SP,Categoria B
ATIVO,60.894.730/0001-05,USINAS SID DE MINAS GERAIS S.A.-USIMINAS,BELO HORIZONTE,14320,1994-04-11 00:00:00,1994-04-11 00:00:00,Metalurgia e Siderurgia,PRIVADO,SEDE,MG,Categoria A
ATIVO,60.894.730/0001-05,USINAS SID DE MINAS GERAIS S.A.-USIMINAS,BELO HORIZONTE,14320,1994-04-11 00:00:00,1994-04-11 00:00:00,Metalurgia e Siderurgia,PRIVADO,SEDE,MG,Categoria A
CANCELADA,12.394.991/0001-13,UTILIUM PARTICIPAÇÕES S.A.,RIO DE JANEIRO,23094,2013-03-06 00:00:00,2017-11-28 00:00:00,Emp. Adm. Part. - Sem Setor Principal,PRIVADO,SEDE,RJ,Categoria A
ATIVO,02.041.460/0001-93,V. TAL - REDE NEUTRA DE TELECOMUNICAÇÕES S.A.,SÃO PAULO,27022,2022-11-11 00:00:00,2022-11-11 00:00:00,Telecomunicações,PRIVADO,SEDE,SP,Categoria B
CANCELADA,19.443.985/0001-58,VALE FERTILIZANTES S.A.,UBERABA,14028,1992-08-11 00:00:00,2011-12-23 00:00:00,Petroquímicos e Borracha,PRIVADO,SEDE,MG,Categoria A
ATIVO,33.592.510/0001-54,VALE S.A.,RIO DE JANEIRO,4170,1970-01-02 00:00:00,1970-01-02 00:00:00,Extração Mineral,PRIVADO,SEDE,RJ,Categoria A
ATIVO,33.592.510/0001-54,VALE S.A.,RIO DE JANEIRO,4170,1970-01-02 00:00:00,1970-01-02 00:00:00,Extração Mineral,PRIVADO,SEDE,RJ,Categoria A
CANCELADA,01.772.313/0001-20,VALETRON SA,RIO DE JANEIRO,16225,1997-04-23 00:00:00,2015-12-23 00:00:00,Emp. Adm. Part. - Sem Setor Principal,PRIVADO HOLDING,SEDE,RJ,Categoria A
ATIVO,33.113.309/0001-47,VALID SOLUÇÕES S.A.,SOROCABA,20028,2006-04-12 00:00:00,2006-04-12 00:00:00,Comunicação e Informática,PRIVADO,SEDE,SP,Categoria A
ATIVO,23.373.000/0001-32,"VAMOS LOCAÇÃO DE CAMINHÕES, MÁQUINAS E EQUIPAMENTOS S.A.",SÃO PAULO,24716,2019-04-30 00:00:00,2019-04-30 00:00:00,Serviços Transporte e Logística,PRIVADO,SEDE,SP,Categoria A
CANCELADA,03.634.795/0001-88,VARIG PARTIC. EM SERVIÇOS COMPLEMENTARES,PORTO ALEGRE,18694,2000-07-20 00:00:00,2011-01-04 00:00:00,Emp. Adm. Part. - Serviços Transporte e Logística,PRIVADO,SEDE,RS,Categoria A
CANCELADA,03.634.777/0001-04,VARIG PARTICIPAÇÕES EM TRANSP AÉREOS S/A,PORTO ALEGRE,18686,2000-07-20 00:00:00,2011-01-04 00:00:00,Emp. Adm. Part. - Serviços Transporte e Logística,PRIVADO HOLDING,SEDE,RS,Categoria A
CANCELADA,00.095.147/0001-02,VBC ENERGIA SA,SÃO PAULO,14540,1994-08-30 00:00:00,2011-11-07 00:00:00,Emp. Adm. Part. - Energia Elétrica,PRIVADO,SEDE,SP,Categoria A
CANCELADA,06.016.348/0001-53,VENTOS DO SUL ENERGIA S.A.,FLORIANÓPOLIS,24767,2019-09-12 00:00:00,2026-01-27 00:00:00,Energia Elétrica,PRIVADO,SEDE,SC,Categoria B
CANCELADA,24.241.659/0001-06,VENTURE CAPITAL PARTICIPAÇÕES E INVESTIMENTOS S.A.,SÃO PAULO,24309,2017-12-12 00:00:00,2021-08-19 00:00:00,Emp. Adm. Part. - Hospedagem e Turismo,PRIVADO,SEDE,SP,Categoria B
CANCELADA,36.243.187/0001-00,VERO CAPITAL MARKETS S.A.,SÃO PAULO,25054,2020-08-12 00:00:00,2022-06-30 00:00:00,Securitização de Recebíveis,PRIVADO,SEDE,SP,Categoria B
ATIVO,31.748.174/0001-60,VERO S.A.,SÃO PAULO,26409,2021-11-26 00:00:00,2021-11-26 00:00:00,Telecomunicações,PRIVADO,SEDE,SP,Categoria A
CANCELADA,25.005.683/0001-09,VERT COMPANHIA SECURITIZADORA,SÃO PAULO,23990,2016-08-25 00:00:00,2022-06-30 00:00:00,Securitização de Recebíveis,PRIVADO,SEDE,SP,Categoria B
CANCELADA,42.945.876/0001-50,VERT-10 CIA SECURITIZADORA DE CREDITOS FINANCEIROS,SÃO PAULO,26751,2022-04-04 00:00:00,2022-06-30 00:00:00,Securitização de Recebíveis,PRIVADO,SEDE,SP,Categoria B
CANCELADA,42.937.550/0001-81,VERT-11 COMPANHIA SECURITIZADORA DE CRÉDITOS FINANCEIROS E COMERCIAIS,SÃO PAULO,26778,2022-05-09 00:00:00,2022-06-30 00:00:00,Securitização de Recebíveis,PRIVADO,SEDE,SP,Categoria B
CANCELADA,42.938.083/0001-04,VERT-9 COMPANHIA SECURITIZADORA DE CRÉDITOS FINANCEIROS,SÃO PAULO,26450,2021-12-07 00:00:00,2022-06-30 00:00:00,Securitização de Recebíveis,PRIVADO,SEDE,SP,Categoria B
ATIVO,49.669.856/0001-43,VESTE SA ESTILO,SÃO PAULO,21440,2008-04-18 00:00:00,2008-04-18 00:00:00,Emp. Adm. Part. - Comércio (Atacado e Varejo),PRIVADO,SEDE,SP,Categoria A
ATIVO,47.155.252/0001-53,VIA ARAUCÁRIA CONCESSIONÁRIA DE RODOVIAS S.A.,CURITIBA,27936,2025-10-10 00:00:00,2025-10-10 00:00:00,Serviços Transporte e Logística,PRIVADO,SEDE,PR,Categoria B
ATIVO,44.067.725/0001-72,VIA BRASIL BR 163 CONCESSIONARIA DE RODOVIAS S.A.,SINOP,26913,2022-08-10 00:00:00,2022-08-10 00:00:00,Serviços Transporte e Logística,PRIVADO,SEDE,MT,Categoria B
CANCELADA,10.670.314/0001-55,VIABAHIA CONCESSIONÁRIA DE RODOVIAS SA,SALVADOR,22926,2012-08-24 00:00:00,2025-05-29 00:00:00,Serviços Transporte e Logística,PRIVADO,SEDE,BA,Categoria B
CANCELADA,60.703.923/0001-31,VIACAO AEREA S PAULO SA VASP,SÃO PAULO,11703,1982-09-28 00:00:00,2010-01-04 00:00:00,Serviços Transporte e Logística,PRIVADO,SEDE,SP,Categoria A
CANCELADA,02.366.097/0001-86,VIANORTE S/A,RIBEIRÃO PRETO,21830,2009-11-27 00:00:00,2018-06-12 00:00:00,Serviços Transporte e Logística,PRIVADO HOLDING,SEDE,SP,Categoria B
ATIVO,28.019.100/0001-89,VIAPAULISTA S.A.,RIBEIRÃO PRETO,25607,2021-02-19 00:00:00,2021-02-19 00:00:00,Serviços Transporte e Logística,PRIVADO,SEDE,SP,Categoria B
ATIVO,10.635.691/0001-53,VIARONDON CONCESSIONÁRIA DE RODOVIA SA,LINS,22543,2011-07-21 00:00:00,2011-07-21 00:00:00,Serviços Transporte e Logística,PRIVADO HOLDING,SEDE,SP,Categoria B
ATIVO,34.274.233/0001-02,VIBRA ENERGIA S/A,RIO DE JANEIRO,24295,2017-12-12 00:00:00,2017-12-12 00:00:00,Comércio (Atacado e Varejo),PRIVADO,SEDE,RJ,Categoria A
ATIVO,34.274.233/0001-02,VIBRA ENERGIA S/A,RIO DE JANEIRO,24295,2017-12-12 00:00:00,2017-12-12 00:00:00,Comércio (Atacado e Varejo),PRIVADO,SEDE,RJ,Categoria A
CANCELADA,02.871.007/0001-04,VICUNHA SIDERURGIA SA,SÃO PAULO,18902,2001-03-14 00:00:00,2013-05-06 00:00:00,Emp. Adm. Part. - Metalurgia e Siderurgia,PRIVADO,SEDE,SP,Categoria B
CANCELADA,07.332.190/0001-93,VICUNHA TEXTIL SA,FORTALEZA,5991,1971-12-27 00:00:00,2013-12-12 00:00:00,Têxtil e Vestuário,PRIVADO,SEDE,CE,Categoria A
CANCELADA,13.324.184/0001-97,VIGOR ALIMENTOS S.A.,SÃO PAULO,22772,2012-04-02 00:00:00,2016-08-12 00:00:00,Emp. Adm. Part. - Alimentos,PRIVADO,SEDE,SP,Categoria A
CANCELADA,08.937.002/0001-13,VISION SECURITIZADORA S.A.,SÃO PAULO,21075,2007-08-29 00:00:00,2023-02-17 00:00:00,Securitização de Recebíveis,PRIVADO,SEDE,SP,Categoria B
ATIVO,02.536.066/0001-26,VITAL ENGENHARIA AMBIENTAL S.A.,RIO DE JANEIRO,27510,2024-07-02 00:00:00,2024-07-02 00:00:00,"Saneamento, Serv. Água e Gás",PRIVADO,SEDE,RJ,Categoria A
ATIVO,20.512.706/0001-40,VITRU EDUCAÇÃO S.A.,SÃO PAULO,27057,2023-01-05 00:00:00,2023-01-05 00:00:00,Educação,PRIVADO HOLDING,SEDE,SP,Categoria A
ATIVO,45.365.558/0001-09,VITTIA S.A.,SÃO JOAQUIM DA BARRA,25763,2021-04-28 00:00:00,2021-04-28 00:00:00,"Agricultura (Açúcar, Álcool e Cana)",PRIVADO,SEDE,SP,Categoria A
ATIVO,33.839.910/0001-11,VIVARA PARTICIPAÇÕES S.A.,SÃO PAULO,24805,2019-10-08 00:00:00,2019-10-08 00:00:00,Comércio (Atacado e Varejo),PRIVADO,SEDE,SP,Categoria A
ATIVO,67.571.414/0001-41,VIVER INCORPORADORA E CONSTRUTORA S.A,SÃO PAULO,20702,2007-05-23 00:00:00,2007-05-23 00:00:00,"Construção Civil, Mat. Constr. e Decoração",PRIVADO HOLDING,SEDE,SP,Categoria A
CANCELADA,02.558.074/0001-73,VIVO PARTICIPAÇÕES SA,SÃO PAULO,17710,1998-08-19 00:00:00,2011-10-03 00:00:00,Telecomunicações,PRIVADO HOLDING,SEDE,SP,Categoria A
CANCELADA,02.558.074/0001-73,VIVO PARTICIPAÇÕES SA,SÃO PAULO,17710,1998-08-19 00:00:00,2011-10-03 00:00:00,Telecomunicações,PRIVADO HOLDING,SEDE,SP,Categoria A
ATIVO,32.681.371/0001-72,VIX LOGÍSTICA S/A,VITÓRIA,21202,2007-11-27 00:00:00,2007-11-27 00:00:00,Serviços Transporte e Logística,PRIVADO,SEDE,ES,Categoria A
ATIVO,32.681.371/0001-72,VIX LOGÍSTICA S/A,VITÓRIA,21202,2007-11-27 00:00:00,2007-11-27 00:00:00,Serviços Transporte e Logística,PRIVADO,SEDE,ES,Categoria A
ATIVO,04.212.396/0001-91,VOKE S.A.,SÃO PAULO,27324,2023-10-03 00:00:00,2023-10-03 00:00:00,Emp. Adm. Part. - Comunicação e Informática,PRIVADO,SEDE,SP,Categoria A
CANCELADA,12.499.618/0001-27,VOSTOK PARTICIPAÇÕES SA,SÃO PAULO,22322,2010-12-23 00:00:00,2013-12-31 00:00:00,Emp. Adm. Part. - Sem Setor Principal,PRIVADO HOLDING,SEDE,SP,Categoria B
ATIVO,01.637.895/0001-32,VOTORANTIM CIMENTOS S.A.,SÃO PAULO,27189,2023-05-10 00:00:00,2023-05-10 00:00:00,"Construção Civil, Mat. Constr. e Decoração",PRIVADO,SEDE,SP,Categoria A
CANCELADA,01.386.256/0001-41,VOTORANTIM FINANCAS S/A,BARUERI,18988,2001-07-13 00:00:00,2011-05-05 00:00:00,Comércio (Atacado e Varejo),PRIVADO,SEDE,SP,Categoria B
ATIVO,41.570.356/0001-48,VRENTAL LOCAÇÃO DE MÁQUINAS E EQUIPAMENTOS S.A.,INDAIATUBA,27235,2023-07-11 00:00:00,2023-07-11 00:00:00,"Máquinas, Equipamentos, Veículos e Peças",PRIVADO,SEDE,SP,Categoria B
ATIVO,50.926.955/0001-42,VULCABRAS S.A.,JUNDIAÍ,11762,1977-07-20 00:00:00,1977-07-20 00:00:00,Têxtil e Vestuário,PRIVADO,SEDE,SP,Categoria A
ATIVO,09.813.204/0001-16,W2W E-COMMERCE DE VINHOS S.A.,SERRA,25852,2021-05-12 00:00:00,2021-05-12 00:00:00,Comércio (Atacado e Varejo),PRIVADO,SEDE,ES,Categoria A
ATIVO,84.429.695/0001-11,WEG SA,JARAGUÁ DO SUL,5410,1982-02-09 00:00:00,1982-02-09 00:00:00,"Emp. Adm. Part. - Máqs., Equip., Veíc. e Peças",PRIVADO HOLDING,SEDE,SC,Categoria A
CANCELADA,25.329.319/0001-96,WEMBLEY SOCIEDADE ANÔNIMA,BELO HORIZONTE,11800,1973-10-08 00:00:00,2017-02-09 00:00:00,Têxtil e Vestuário,PRIVADO,SEDE,MG,Categoria A
ATIVO,14.776.142/0001-50,WESTWING COMÉRCIO VAREJISTA S.A.,SÃO PAULO,25518,2021-02-09 00:00:00,2021-02-09 00:00:00,Comércio (Atacado e Varejo),PRIVADO,SEDE,SP,Categoria A
ATIVO,84.683.671/0001-94,WETZEL S.A.,JOINVILLE,11991,1984-10-09 00:00:00,1984-10-09 00:00:00,Metalurgia e Siderurgia,PRIVADO,SEDE,SC,Categoria A
ATIVO,59.105.999/0001-86,WHIRLPOOL S.A,SÃO PAULO,14346,1994-04-22 00:00:00,1994-04-22 00:00:00,"Máquinas, Equipamentos, Veículos e Peças",ESTRANGEIRO,SEDE,SP,Categoria A
CANCELADA,79.313.086/0001-62,WIEST SA,JARAGUÁ DO SUL,14397,1994-05-24 00:00:00,2014-01-09 00:00:00,Metalurgia e Siderurgia,PRIVADO HOLDING,SEDE,SC,Categoria A
CANCELADA,33.130.691/0001-05,WILSON SONS S.A.,RIO DE JANEIRO,26247,2021-09-29 00:00:00,2025-12-10 00:00:00,Emp. Adm. Part. - Serviços Transporte e Logística,ESTRANGEIRO HOLDING,SEDE,RJ,Categoria A
ATIVO,42.278.473/0001-03,WIZ CO PARTICIPAÇÕES E CORRETAGEM DE SEGUROS S.A.,BRASÍLIA,23590,2015-05-11 00:00:00,2015-05-11 00:00:00,Seguradoras e Corretoras,PRIVADO,SEDE,DF,Categoria A
ATIVO,33.228.024/0001-51,WLM PART. E COMÉRCIO DE MÁQUINAS E VEÍCULOS S.A.,RIO DE JANEIRO,11070,1971-01-07 00:00:00,1971-01-07 00:00:00,"Emp. Adm. Part. - Máqs., Equip., Veíc. e Peças",PRIVADO,SEDE,RJ,Categoria A
ATIVO,01.319.044/0001-41,WTC AMAZONAS SUITE HOTEL S.A.,SÃO PAULO,15741,1996-09-18 00:00:00,1996-09-18 00:00:00,Hospedagem e Turismo,PRIVADO,SEDE,SP,Categoria B
ATIVO,01.989.044/0001-59,WTC RIO EMPREEND. E PARTICIPAÇÕES S.A.,SÃO PAULO,16551,1997-10-30 00:00:00,1997-10-30 00:00:00,Hospedagem e Turismo,PRIVADO,SEDE,SP,Categoria B
CANCELADA,16.838.421/0001-26,XP INVESTIMENTOS S/A,RIO DE JANEIRO,27111,2023-02-28 00:00:00,2026-03-18 00:00:00,Emp. Adm. Part. - Sem Setor Principal,PRIVADO,SEDE,RJ,Categoria B
ATIVO,03.538.833/0001-07,XX DE NOVEMBRO INVESTIMENTOS E PARTICIPAÇÕES S.A,RIO DE JANEIRO,20001,2006-03-22 00:00:00,2006-03-22 00:00:00,Emp. Adm. Part. - Sem Setor Principal,PRIVADO HOLDING,SEDE,RJ,Categoria B
CANCELADA,92.660.604/0001-82,YARA BRASIL FERTILIZANTES,PORTO ALEGRE,140,1981-09-10 00:00:00,2011-11-18 00:00:00,Petroquímicos e Borracha,ESTRANGEIRO,SEDE,RS,Categoria A
ATIVO,02.217.319/0001-07,YBYRA CAPITAL S.A,SÃO PAULO,16705,1997-12-08 00:00:00,1997-12-08 00:00:00,Emp. Adm. Part. - Sem Setor Principal,PRIVADO,SEDE,SP,Categoria A
ATIVO,08.807.432/0001-10,YDUQS PARTICIPACOES S.A.,RIO DE JANEIRO,21016,2007-07-26 00:00:00,2007-07-26 00:00:00,Emp. Adm. Part. - Educação,PRIVADO,SEDE,RJ,Categoria A
ATIVO,08.807.432/0001-10,YDUQS PARTICIPACOES S.A.,RIO DE JANEIRO,21016,2007-07-26 00:00:00,2007-07-26 00:00:00,Emp. Adm. Part. - Educação,PRIVADO,SEDE,RJ,Categoria A
ATIVO,11.284.204/0001-18,YOU INC INCORPORADORA E PARTICIPAÇÃO S.A,SÃO PAULO,23604,2015-05-26 00:00:00,2015-05-26 00:00:00,"Construção Civil, Mat. Constr. e Decoração",PRIVADO HOLDING,SEDE,SP,Categoria A
CANCELADA,09.267.996/0001-70,YUNY INCORPORADORA HOLDING S.A.,SÃO PAULO,25976,2021-07-07 00:00:00,2025-04-22 00:00:00,"Construção Civil, Mat. Constr. e Decoração",PRIVADO,SEDE,SP,Categoria A
CANCELADA,02.363.918/0001-20,ZAIN PARTICIPAÇÕES S/A,RIO DE JANEIRO,17361,1998-06-15 00:00:00,2020-08-14 00:00:00,Emp. Adm. Part. - Telecomunicações,PRIVADO HOLDING,SEDE,RJ,Categoria A
ATIVO,13.574.594/0001-96,ZAMP S.A.,SÃO PAULO,24317,2017-12-14 00:00:00,2017-12-14 00:00:00,Alimentos,PRIVADO,SEDE,SP,Categoria B
CANCELADA,24.744.012/0001-99,ZH OPERAÇÕES S/A,SÃO PAULO,24007,2016-09-16 00:00:00,2017-08-07 00:00:00,Emp. Adm. Part. - Sem Setor Principal,PRIVADO HOLDING,SEDE,SP,Categoria B
