SIT,CNPJ_CIA,DENOM_SOCIAL,MUN,CEP,CD_CVM,DT_REG,DT_INI_SIT,SETOR_ATIV,CONTROLE_ACIONARIO,TP_ENDER,UF
SUSPENSO(A) - DECISÃO ADM,08.773.135/0001-00,2W ECOBANK S.A. - EM RECUPERAÇÃO JUDICIAL,SÃO PAULO,4.71113e+06,25224,2020-10-29 00:00:00,2026-05-19 00:00:00,Energia Elétrica,PRIVADO,SEDE,SP
CANCELADA,11.396.633/0001-87,3A COMPANHIA SECURITIZADORA,RIO DE JANEIRO,2.002e+07,21954,2010-03-08 00:00:00,2015-12-18 00:00:00,Securitização de Recebíveis,PRIVADO,SEDE,RJ
ATIVO,01.547.749/0001-16,521 PARTICIPAÇOES S.A. - EM LIQUIDAÇÃO EXTRAJUDICIAL,RIO DE JANEIRO,2.2775e+07,16330,1997-07-11 00:00:00,1997-07-11 00:00:00,Emp. Adm. Part. - Energia Elétrica,PRIVADO,SEDE,RJ
ATIVO,01.851.771/0001-55,524 PARTICIPAÇOES SA,RIO DE JANEIRO,2.002e+07,16284,1997-05-30 00:00:00,1997-05-30 00:00:00,Emp. Adm. Part. - Sem Setor Principal,PRIVADO,SEDE,RJ
CANCELADA,01.919.008/0001-19,525 PARTICIPAÇOES SA,RIO DE JANEIRO,2.22902e+07,16349,1997-07-16 00:00:00,2006-05-30 00:00:00,Emp. Adm. Part. - Sem Setor Principal,PRIVADO HOLDING,SEDE,RJ
CANCELADA,92.659.614/0001-06,A J RENNER SA IND E PARTIP,PORTO ALEGRE,9.02401e+07,35,1969-06-24 00:00:00,1998-06-17 00:00:00,Emp. Adm. Participações,PRIVADO,SEDE,RS
CANCELADA,02.288.752/0001-25,A.P. PARTICIPAÇOES SA,RIO DE JANEIRO,2.003e+07,16802,1998-01-21 00:00:00,2004-12-23 00:00:00,Emp. Adm. Participações,ESTATAL,SEDE,RJ
CANCELADA,21.649.280/0001-33,ABC DADOS E INFORMATICA SA,SÃO PAULO,4.565e+06,13307,1988-06-03 00:00:00,1993-03-05 00:00:00,"Máquinas, Equipamentos, Veículos e Peças",PRIVADO,SEDE,SP
CANCELADA,02.258.274/0001-00,ABC SUPERMERCADOS SA,PETRÓPOLIS,2.5635e+07,16934,1998-02-27 00:00:00,2001-12-17 00:00:00,Comércio (Atacado e Varejo),PRIVADO,SEDE,RJ
CANCELADA,42.275.727/0001-21,ABC XTAL MICROELETRONICA SA,RIO DE JANEIRO,2.1515e+07,13005,1986-09-15 00:00:00,1997-09-11 00:00:00,"Máquinas, Equipamentos, Veículos e Peças",PRIVADO,SEDE,RJ
CANCELADA,34.033.779/0001-63,ABN AMRO ARRENDAMENTO MERCANTIL SA,BARUERI,6.455e+06,15270,1995-12-20 00:00:00,2009-09-30 00:00:00,Arrendamento Mercantil,PRIVADO,SEDE,SP
CANCELADA,44.597.052/0001-62,ABRIL SA,SÃO PAULO,5.4259e+06,14370,1994-05-06 00:00:00,1999-12-21 00:00:00,Gráficas e Editoras,PRIVADO,SEDE,SP
CANCELADA,07.794.351/0001-60,ABYARA PLANEJAMENTO IMOBILIÁRIO S/A,SÃO PAULO,4.028e+06,20206,2006-07-24 00:00:00,2010-05-28 00:00:00,"Emp. Adm. Part. - Const. Civil, Mat. Const. e Decoração",PRIVADO,SEDE,SP
ATIVO,07.636.657/0001-99,ACO VERDE DO BRASIL S.A,AÇAILÂNDIA,6.593e+07,26425,2021-11-29 00:00:00,2021-11-29 00:00:00,Metalurgia e Siderurgia,PRIVADO,SEDE,MA
CANCELADA,18.451.005/0001-04,ACOPALMA CIA INDL ACOS V PALMA,VÁRZEA DA PALMA,3.925e+07,60,1978-05-09 00:00:00,2007-08-07 00:00:00,Metalurgia e Siderurgia,PRIVADO,SEDE,MG
CANCELADA,61.150.660/0001-43,ACOS ANHANGUERA SA,SÃO PAULO,4.6699e+06,78,1971-10-20 00:00:00,1994-02-09 00:00:00,Metalurgia e Siderurgia,PRIVADO,SEDE,SP
CANCELADA,60.890.688/0001-54,ACOS DO BRASIL SA IND E COM,SANTO ANDRÉ,9.22e+06,86,1972-08-16 00:00:00,1989-12-14 00:00:00,Metalurgia e Siderurgia,PRIVADO,SEDE,SP
CANCELADA,92.767.409/0001-56,AÇOS FINOS PIRATINI S/A,PORTALEGRE,9.022e+07,14508,1994-07-21 00:00:00,1995-09-05 00:00:00,Metalurgia e Siderurgia,PRIVADO,SEDE,RS
CANCELADA,60.852.316/0001-33,ACOS IPANEMA (VILLARES) SA,SÃO PAULO,4.669e+06,10715,1977-10-20 00:00:00,1993-01-11 00:00:00,Metalurgia e Siderurgia,PRIVADO,SEDE,SP
CANCELADA,60.664.810/0001-74,AÇOS VILLARES SA,SÃO PAULO,5.42507e+06,108,1969-05-16 00:00:00,2010-12-30 00:00:00,Metalurgia e Siderurgia,ESTRANGEIRO,SEDE,SP
CANCELADA,13.546.353/0001-33,ACRINOR ACRILONITRILA DO NE SA,CAMAÇARI,4.281e+07,116,1981-12-23 00:00:00,2000-02-21 00:00:00,Petroquímicos e Borracha,PRIVADO,SEDE,BA
CANCELADA,07.825.881/0001-29,ACRUX SECURITIZADORA S/A,RIO DE JANEIRO,2.1011e+07,20230,2006-08-09 00:00:00,2016-02-04 00:00:00,Securitização de Recebíveis,PRIVADO,SEDE,RJ
CANCELADA,02.808.627/0001-07,ACTORI PARTICIPAÇÕES SA,SÃO PAULO,4.5389e+06,18040,1998-12-09 00:00:00,2002-04-24 00:00:00,Emp. Adm. Participações,PRIVADO HOLDING,SEDE,SP
CANCELADA,47.080.619/0001-17,AÇUCAR GUARANI S/A,OLÍMPIA,1.54e+07,20940,2007-07-20 00:00:00,2010-08-13 00:00:00,"Agricultura (Açúcar, Álcool e Cana)",PRIVADO HOLDING,SEDE,SP
CANCELADA,43.631.183/0001-56,ADEPAR ASSESSORIA ADM SERV SA,PORTO ALEGRE,9.001e+07,7625,1981-04-14 00:00:00,1989-08-02 00:00:00,Emp. Adm. Participações,PRIVADO,SEDE,RS
CANCELADA,11.029.808/0001-18,ADESENE ADESIVOS NO NORDESTE SA,JOÃO PESSOA,5.8e+07,132,1974-12-10 00:00:00,2005-08-09 00:00:00,Petroquímicos e Borracha,PRIVADO,SEDE,PB
CANCELADA,17.157.215/0001-13,ADUBOS VIANNA SA INDUSTRIA E COMERCIO,COTIA,6.7e+06,159,1969-09-22 00:00:00,2005-12-20 00:00:00,Petroquímicos e Borracha,PRIVADO,SEDE,SP
CANCELADA,10.345.009/0001-98,ADVANCED DIGITAL HEALTH MEDICINA PREVENTIVA S.A.,SÃO PAULO,5.42507e+06,21725,2009-06-24 00:00:00,2022-07-12 00:00:00,Farmacêutico e Higiene,ESTRANGEIRO,SEDE,SP
ATIVO,08.827.501/0001-58,AEGEA SANEAMENTO E PARTICIPAÇÕES S.A.,SÃO PAULO,1.452e+06,23396,2014-05-21 00:00:00,2014-05-21 00:00:00,"Saneamento, Serv. Água e Gás",PRIVADO HOLDING,SEDE,SP
ATIVO,12.528.708/0001-07,AERIS IND. E COM. DE EQUIP. PARA GER. DE ENG. S.A.,CAUCAIA,6.1642e+07,25283,2020-11-09 00:00:00,2020-11-09 00:00:00,"Máquinas, Equipamentos, Veículos e Peças",PRIVADO,SEDE,CE
ATIVO,12.528.708/0001-07,AERIS IND. E COM. DE EQUIP. PARA GER. DE ENG. S.A.,CAUCAIA,6.1642e+07,25283,2020-11-09 00:00:00,2020-11-09 00:00:00,"Máquinas, Equipamentos, Veículos e Peças",PRIVADO,SEDE,CE
CANCELADA,33.037.169/0001-75,AEROFOTO CRUZEIRO SA,RIO DE JANEIRO,2.103e+07,167,1977-07-20 00:00:00,1992-12-01 00:00:00,Serviços Diversos,PRIVADO,SEDE,RJ
CANCELADA,01.917.705/0001-30,AES ELPA SA,BARUERI,6.46004e+06,19313,2002-10-14 00:00:00,2018-09-05 00:00:00,Emp. Adm. Part. - Energia Elétrica,PRIVADO HOLDING,SEDE,SP
CANCELADA,04.128.563/0001-10,AES TIETÊ ENERGIA S.A,SÃO PAULO,4.578e+06,18970,2001-06-29 00:00:00,2021-05-13 00:00:00,Emp. Adm. Part. - Energia Elétrica,PRIVADO,SEDE,SP
CANCELADA,04.128.563/0001-10,AES TIETÊ ENERGIA S.A,SÃO PAULO,4.578e+06,18970,2001-06-29 00:00:00,2021-05-13 00:00:00,Emp. Adm. Part. - Energia Elétrica,PRIVADO,SEDE,SP
CANCELADA,02.998.609/0001-27,AES TIETE SA,BARUERI,6.46004e+06,18350,1999-07-14 00:00:00,2015-10-26 00:00:00,Energia Elétrica,PRIVADO,SEDE,SP
CANCELADA,02.998.609/0001-27,AES TIETE SA,BARUERI,6.46004e+06,18350,1999-07-14 00:00:00,2015-10-26 00:00:00,Energia Elétrica,PRIVADO,SEDE,SP
CANCELADA,02.808.481/0001-91,AETATIS SECURITIZADORA S.A.,SÃO PAULO,4.543e+06,18104,1998-12-17 00:00:00,2016-06-24 00:00:00,Securitização de Recebíveis,PRIVADO HOLDING,SEDE,SP
CANCELADA,07.620.094/0001-40,AFLUENTE GERAÇÃO DE ENERGIA ELÉTRICA S.A.,SÃO PAULO,4.542e+06,20150,2006-07-12 00:00:00,2017-11-24 00:00:00,Energia Elétrica,PRIVADO,SEDE,SP
ATIVO,10.338.320/0001-00,AFLUENTE TRANSMISSÃO DE ENERGIA ELETRICA S/A,RIO DE JANEIRO,2.22109e+07,22179,2010-09-24 00:00:00,2010-09-24 00:00:00,Energia Elétrica,PRIVADO HOLDING,SEDE,RJ
CANCELADA,61.573.796/0001-66,AGF BRASIL SEGUROS SA,SÃO PAULO,1.3099e+06,12343,1985-04-09 00:00:00,2005-05-30 00:00:00,Seguradoras e Corretoras,PRIVADO,SEDE,SP
CANCELADA,33.058.793/0001-59,AGGS INDS GRAFICAS SA,RIO DE JANEIRO,2.27e+07,175,1971-05-14 00:00:00,1987-05-04 00:00:00,Gráficas e Editoras,PRIVADO,SEDE,RJ
CANCELADA,61.442.752/0001-05,AGIP DISTRIBUIDORA SA,SÃO PAULO,1.31194e+06,3921,1975-10-10 00:00:00,2000-01-14 00:00:00,Petróleo e Gás,PRIVADO,SEDE,SP
CANCELADA,07.698.047/0001-10,AGRA EMPREENDIMENTOS IMOBILIÁRIOS S/A,SÃO PAULO,4.547e+06,20664,2007-04-19 00:00:00,2010-05-28 00:00:00,"Construção Civil, Mat. Constr. e Decoração",PRIVADO,SEDE,SP
CANCELADA,88.610.324/0001-92,AGRALE SA,CAXIAS DO SUL,9.50552e+07,183,1977-07-20 00:00:00,2000-06-26 00:00:00,"Máquinas, Equipamentos, Veículos e Peças",PRIVADO,SEDE,RS
CANCELADA,11.040.082/0001-14,AGRE EMPREENDIMENTOS IMOBILIÁRIOS SA,SÃO PAULO,4.547e+06,21911,2009-12-22 00:00:00,2010-07-19 00:00:00,"Construção Civil, Mat. Constr. e Decoração",PRIVADO,SEDE,SP
CANCELADA,88.070.990/0001-85,AGRILEASING SA ARREND MERC,PORTO ALEGRE,9e+07,191,1983-01-24 00:00:00,1985-09-30 00:00:00,Arrendamento Mercantil,ESTRANGEIRO,SEDE,RS
CANCELADA,09.378.563/0001-92,AGRO PASTORIL CARIRI SA CARIRISA,CAMPINA GRANDE,5.81001e+07,205,1977-07-20 00:00:00,2005-08-09 00:00:00,"Agricultura (Açúcar, Álcool e Cana)",PRIVADO,SEDE,PB
ATIVO,21.240.146/0001-84,AGROGALAXY PARTICIPAÇÕES S.A. - EM RECUPERAÇÃO JUDICIAL,GOIÂNIA,7.423e+07,25658,2021-03-19 00:00:00,2021-03-19 00:00:00,Comércio (Atacado e Varejo),PRIVADO,SEDE,GO
CANCELADA,21.444.765/0001-90,AGRONORTE SA,BELO HORIZONTE,3.051e+07,221,1977-07-20 00:00:00,2005-12-20 00:00:00,"Agricultura (Açúcar, Álcool e Cana)",PRIVADO,SEDE,MG
CANCELADA,03.143.716/0001-36,AGROPECUARIA TAMAKAVY SA,SÃO FÉLIX DO ARAGUAIA,7.867e+07,213,1983-09-16 00:00:00,1988-02-25 00:00:00,"Agricultura (Açúcar, Álcool e Cana)",PRIVADO,SEDE,MT
ATIVO,27.157.474/0001-06,ÁGUAS DE TERESINA SANEAMENTO SPE S.A.,TERESINA,6.4089e+07,25615,2021-02-25 00:00:00,2021-02-25 00:00:00,"Saneamento, Serv. Água e Gás",PRIVADO,SEDE,PI
ATIVO,61.067.901/0001-95,ÁGUAS DO PARÁ A SPE S.A,BELÉM,6.6093e+07,27979,2026-01-15 00:00:00,2026-01-15 00:00:00,"Saneamento, Serv. Água e Gás",PRIVADO,SEDE,PA
ATIVO,61.067.902/0001-30,ÁGUAS DO PARÁ B SPE S.A.,BRAGANÇA,6.86e+07,27960,2026-01-15 00:00:00,2026-01-15 00:00:00,"Saneamento, Serv. Água e Gás",PRIVADO,SEDE,PA
ATIVO,61.067.904/0001-29,ÁGUAS DO PARÁ D SPE S.A.,PARAUAPEBAS,6.8515e+07,27987,2026-01-15 00:00:00,2026-01-15 00:00:00,"Saneamento, Serv. Água e Gás",PRIVADO,SEDE,PA
ATIVO,42.310.775/0001-03,ÁGUAS DO RIO 1 SPE S.A.,RIO DE JANEIRO,2.00812e+07,26735,2022-03-30 00:00:00,2022-03-30 00:00:00,"Saneamento, Serv. Água e Gás",PRIVADO,SEDE,RJ
ATIVO,42.644.220/0001-06,ÁGUAS DO RIO 4 SPE S.A.,RIO DE JANEIRO,2.00812e+07,26743,2022-03-30 00:00:00,2022-03-30 00:00:00,"Saneamento, Serv. Água e Gás",PRIVADO,SEDE,RJ
ATIVO,45.456.117/0001-12,ÁGUAS DO SERTAO S.A.,PENEDO,5.72e+07,27359,2023-11-03 00:00:00,2023-11-03 00:00:00,"Saneamento, Serv. Água e Gás",PRIVADO HOLDING,SEDE,AL
ATIVO,04.089.570/0001-50,AGUAS GUARIROBA S.A.,CAMPO GRANDE,7.90212e+07,23442,2014-08-06 00:00:00,2014-08-06 00:00:00,"Saneamento, Serv. Água e Gás",PRIVADO,SEDE,MS
CANCELADA,09.594.796/0001-22,AGV HOLDING S/A,VINHEDO,1.328e+07,21806,2009-11-05 00:00:00,2014-03-10 00:00:00,Emp. Adm. Part. - Serviços Transporte e Logística,PRIVADO,SEDE,SP
CANCELADA,60.830.296/0001-08,AIR LIQUIDE,SÃO PAULO,4.2059e+06,9288,1970-09-17 00:00:00,1998-11-19 00:00:00,Outras Atividades Industriais,ESTRANGEIRO,SEDE,SP
CANCELADA,56.994.791/0001-77,AL-CAR EMPREENDIMENTOS E PARTICIPAÇÕES SA,SÃO PAULO,4.553e+06,17957,1998-11-27 00:00:00,2007-11-13 00:00:00,Emp. Adm. Part. - Sem Setor Principal,PRIVADO,SEDE,SP
ATIVO,23.438.929/0001-00,ALARES INTERNET PARTICIPAÇÕES S/A,SÃO PAULO,4.55108e+06,25194,2020-10-14 00:00:00,2020-10-14 00:00:00,Emp. Adm. Part. - Telecomunicações,PRIVADO,SEDE,SP
CANCELADA,02.783.422/0001-06,ALBAE PARTICIPACOES SA,SÃO PAULO,4.5389e+06,18074,1998-12-10 00:00:00,2002-05-15 00:00:00,Emp. Adm. Participações,PRIVADO HOLDING,SEDE,SP
CANCELADA,57.912.396/0001-60,ALBATROZ SA,SÃO PAULO,1.31e+06,13242,1987-11-05 00:00:00,1990-12-27 00:00:00,Emp. Adm. Participações,PRIVADO,SEDE,SP
CANCELADA,08.240.673/0001-20,ALCALIS RIO GRANDE DO NORTE SA,MACAU,5.95e+07,15067,1995-07-28 00:00:00,2010-01-04 00:00:00,Petroquímicos e Borracha,PRIVADO,SEDE,RN
CANCELADA,60.561.800/0001-03,ALCAN ALUMINIO DO BRASIL SA,SÃO PAULO,1.31e+06,256,1983-11-11 00:00:00,1987-07-28 00:00:00,Metalurgia e Siderurgia,ESTRANGEIRO,SEDE,SP
CANCELADA,23.637.697/0001-01,ALCOA ALUMINIO SA,SÃO PAULO,5.805e+06,264,1981-10-20 00:00:00,1993-10-19 00:00:00,Metalurgia e Siderurgia,ESTRANGEIRO,SEDE,SP
ATIVO,17.167.396/0001-69,ALFA HOLDINGS S.A.,SÃO PAULO,1.3103e+06,9954,1977-07-20 00:00:00,1977-07-20 00:00:00,Emp. Adm. Part. - Intermediação Financeira,PRIVADO HOLDING,SEDE,SP
CANCELADA,15.167.984/0001-77,ALFA NORDESTE SA INDUSTRIA DO VESTUARIO,SALVADOR,4.0445e+07,272,1980-11-17 00:00:00,2007-11-13 00:00:00,Têxtil e Vestuário,PRIVADO,SEDE,BA
CANCELADA,92.689.173/0001-87,ALFRED SA COMERCIO DO VESTUARIO,CAXIAS DO SUL,9.50204e+07,280,1982-01-22 00:00:00,2005-08-09 00:00:00,Têxtil e Vestuário,PRIVADO,SEDE,RS
ATIVO,71.208.516/0001-74,ALGAR TELECOM S/A,UBERLÂNDIA,3.84007e+07,21032,2007-07-27 00:00:00,2007-07-27 00:00:00,Telecomunicações,PRIVADO,SEDE,MG
CANCELADA,06.082.980/0001-03,ALIANSCE SHOPPING CENTERS S/A,RIO DE JANEIRO,2.2431e+07,21300,2008-01-18 00:00:00,2019-08-05 00:00:00,Emp. Adm. Part. - Comércio (Atacado e Varejo),PRIVADO,SEDE,RJ
CANCELADA,02.997.713/0001-05,ALIMENTA PARTICIPAÇÕES E SERVIÇOS SA,BARUERI,6.455e+06,18260,1999-05-26 00:00:00,2003-11-10 00:00:00,Emp. Adm. Participações,PRIVADO,SEDE,SP
CANCELADA,33.826.637/0001-90,ALIPAR ALIMENTOS E PARTS SA,SALVADOR,4.02231e+07,14079,1992-12-28 00:00:00,1995-09-27 00:00:00,Emp. Adm. Participações,PRIVADO,SEDE,BA
ATIVO,61.156.931/0001-78,ALIPERTI S.A.,SÃO PAULO,4.15609e+06,12823,1986-06-06 00:00:00,1986-06-06 00:00:00,"Emp. Adm. Part. - Agricultura (Açúcar, Álcool e Cana)",PRIVADO,SEDE,SP
CANCELADA,02.783.425/0001-40,ALIUM PARTICIPAÇÕES SA,RIO DE JANEIRO,2.004e+07,18082,1998-12-10 00:00:00,2011-08-31 00:00:00,Emp. Adm. Part. - Sem Setor Principal,PRIVADO,SEDE,RJ
ATIVO,42.771.949/0001-35,ALLIANÇA SAÚDE E PARTICIPAÇÕES S.A.,SÃO PAULO,4.00605e+06,24058,2016-10-26 00:00:00,2016-10-26 00:00:00,Serviços Médicos,PRIVADO,SEDE,SP
ATIVO,20.247.322/0001-47,ALLIED TECNOLOGIA S.A.,SÃO PAULO,4.57891e+06,25330,2020-11-25 00:00:00,2020-11-25 00:00:00,Comércio (Atacado e Varejo),PRIVADO,SEDE,SP
ATIVO,20.247.322/0001-47,ALLIED TECNOLOGIA S.A.,SÃO PAULO,4.57891e+06,25330,2020-11-25 00:00:00,2020-11-25 00:00:00,Comércio (Atacado e Varejo),PRIVADO,SEDE,SP
CANCELADA,08.648.295/0001-19,ALLIS PARTICIPAÇÕES S.A.,SÃO PAULO,1.452e+06,20850,2007-07-02 00:00:00,2015-08-26 00:00:00,Emp. Adm. Part. - Sem Setor Principal,PRIVADO HOLDING,SEDE,SP
ATIVO,05.878.397/0001-32,ALLOS S.A.,RIO DE JANEIRO,2.24301e+07,22357,2011-02-01 00:00:00,2011-02-01 00:00:00,Emp. Adm. Part. - Comércio (Atacado e Varejo),PRIVADO HOLDING,SEDE,RJ
ATIVO,05.878.397/0001-32,ALLOS S.A.,RIO DE JANEIRO,2.24301e+07,22357,2011-02-01 00:00:00,2011-02-01 00:00:00,Emp. Adm. Part. - Comércio (Atacado e Varejo),PRIVADO HOLDING,SEDE,RJ
ATIVO,60.537.263/0001-66,"ALLPARK EMPREENDIMENTOS, PARTICIPAÇÕES E SERVIÇOS S.A.",SÃO PAULO,4.543e+06,24953,2020-05-13 00:00:00,2020-05-13 00:00:00,Serviços Transporte e Logística,PRIVADO,SEDE,SP
ATIVO,60.537.263/0001-66,"ALLPARK EMPREENDIMENTOS, PARTICIPAÇÕES E SERVIÇOS S.A.",SÃO PAULO,4.543e+06,24953,2020-05-13 00:00:00,2020-05-13 00:00:00,Serviços Transporte e Logística,PRIVADO,SEDE,SP
CANCELADA,18.012.393/0001-19,ALMEC INDUSTRIAS MECANICA SA,MONTES CLAROS,3.94e+07,302,1975-01-03 00:00:00,2005-03-22 00:00:00,Metalurgia e Siderurgia,PRIVADO,SEDE,MG
ATIVO,82.120.676/0001-83,ALMEIDA JUNIOR SHOPPING CENTERS S.A.,SÃO PAULO,1.452e+06,26395,2021-11-22 00:00:00,2021-11-22 00:00:00,Emp. Adm. Part. - Comércio (Atacado e Varejo),PRIVADO,SEDE,SP
ATIVO,61.079.117/0001-05,ALPARGATAS SA,SÃO PAULO,4.794e+06,10456,1977-07-20 00:00:00,1977-07-20 00:00:00,Têxtil e Vestuário,PRIVADO,SEDE,SP
ATIVO,61.079.117/0001-05,ALPARGATAS SA,SÃO PAULO,4.794e+06,10456,1977-07-20 00:00:00,1977-07-20 00:00:00,Têxtil e Vestuário,PRIVADO,SEDE,SP
CANCELADA,47.848.684/0001-40,ALPART ALPA PARTICIPACOES SA,SÃO PAULO,4.501e+06,310,1982-09-03 00:00:00,1989-10-19 00:00:00,Emp. Adm. Participações,PRIVADO,SEDE,SP
CANCELADA,11.721.921/0001-60,ALPER CONSULTORIA E CORRETORA DE SEGUROS S.A.,SÃO PAULO,5.42502e+06,22217,2010-10-28 00:00:00,2024-09-23 00:00:00,Emp. Adm. Part. - Seguradoras e Corretoras,PRIVADO,SEDE,SP
ATIVO,16.811.931/0001-00,ALPHAVILLE S.A.,SÃO PAULO,4.794e+06,25275,2020-11-05 00:00:00,2020-11-05 00:00:00,"Construção Civil, Mat. Constr. e Decoração",PRIVADO,SEDE,SP
CANCELADA,87.819.926/0001-91,ALPINA BRASIL SA MAQ IMP AGRIC,CAXIAS DO SUL,9.50202e+07,329,1976-08-20 00:00:00,2005-08-09 00:00:00,"Máquinas, Equipamentos, Veículos e Peças",PRIVADO,SEDE,RS
CANCELADA,49.705.528/0001-55,ALPLAN SA IND COM CH MAD AGLOM,SÃO PAULO,1.311e+06,337,1982-12-02 00:00:00,1989-08-02 00:00:00,"Construção Civil, Mat. Constr. e Decoração",PRIVADO,SEDE,SP
CANCELADA,02.282.923/0001-09,ALTA - AMER.LAT.TELEC.AVANÇADAS S/A,RIO DE JANEIRO,2.021e+07,17310,1998-05-11 00:00:00,2003-12-29 00:00:00,Telecomunicações,PRIVADO,SEDE,RJ
CANCELADA,02.783.423/0001-50,ALTERE SECURITIZADORA S.A.,SÃO PAULO,3.6361e+06,18066,1998-12-10 00:00:00,2024-08-09 00:00:00,Securitização de Recebíveis,PRIVADO HOLDING,SEDE,SP
ATIVO,48.344.725/0007-19,ALTHAIA S.A. INDÚSTRIA FARMACÊUTICA,ATIBAIA,1.29528e+07,27030,2022-11-30 00:00:00,2022-11-30 00:00:00,Farmacêutico e Higiene,PRIVADO,SEDE,SP
CANCELADA,92.859.974/0001-43,ALTUS SISTEMA DE AUTOMAÇÃO S.A.,SÃO LEOPOLDO,9.30227e+07,23183,2013-07-02 00:00:00,2017-12-08 00:00:00,"Máquinas, Equipamentos, Veículos e Peças",PRIVADO,SEDE,RS
ATIVO,08.262.121/0001-13,ALUBAR METAIS E CABOS S.A.,BARCARENA,6.8447e+07,27430,2024-01-29 00:00:00,2024-01-29 00:00:00,Metalurgia e Siderurgia,PRIVADO,SEDE,PA
CANCELADA,10.886.893/0001-78,ALUMINIO EXTRUSAO LAMINACAO,RIO DE JANEIRO,2.0943e+07,345,1979-12-12 00:00:00,1997-01-30 00:00:00,Emp. Adm. Participações,ESTATAL,SEDE,RJ
ATIVO,08.364.948/0001-38,ALUPAR INVESTIMENTO S/A,SÃO PAULO,4.5479e+06,21490,2008-06-18 00:00:00,2008-06-18 00:00:00,Emp. Adm. Part. - Energia Elétrica,PRIVADO,SEDE,SP
CANCELADA,82.998.600/0001-55,ALUSUD ALUMINIO DO SUL SA,TUBARÃO,8.87e+07,353,1975-12-17 00:00:00,1987-05-15 00:00:00,Metalurgia e Siderurgia,PRIVADO,SEDE,SC
ATIVO,42.233.757/0001-75,ALVAREZ & MARSAL INVESTIMENTOS I S.A.,SÃO PAULO,4.57105e+06,26433,2021-11-30 00:00:00,2021-11-30 00:00:00,Emp. Adm. Part. - Sem Setor Principal,PRIVADO,SEDE,SP
CANCELADA,07.196.934/0001-90,"ALVORADA CARTOES, CREDITO, FINANCIAMENTO E INVESTIMENTO S/A",SÃO PAULO,1.31092e+06,1147,1977-07-20 00:00:00,2006-05-31 00:00:00,Bancos,ESTATAL,SEDE,SP
CANCELADA,96.735.105/0001-68,AMADEO ROSSI SA MET MUNICOES,SÃO LEOPOLDO,9.30302e+07,361,1971-12-08 00:00:00,2002-09-18 00:00:00,Metalurgia e Siderurgia,PRIVADO,SEDE,RS
CANCELADA,24.170.211/0001-30,AMALFI EMPREENDIMENTOS E PARTICIPAÇÕES S.A.,RIO DE JANEIRO,2.2431e+07,24503,2018-08-14 00:00:00,2018-11-05 00:00:00,Emp. Adm. Part. - Energia Elétrica,PRIVADO,SEDE,RJ
CANCELADA,02.036.227/0001-12,AMARANTE PARTICIPACOES SA,RIO DE JANEIRO,2.00579e+07,16918,1998-02-26 00:00:00,2000-06-20 00:00:00,Emp. Adm. Participações,PRIVADO,SEDE,RJ
CANCELADA,47.959.697/0001-96,AMAZONAS PRODS P CALCADOS SA,FRANCA,1.44e+07,370,1983-02-28 00:00:00,1988-06-15 00:00:00,Têxtil e Vestuário,PRIVADO,SEDE,SP
CANCELADA,38.543.489/0001-10,AMAZONE FUN PARKS S/A,PENHA,8.8385e+07,26930,2022-08-26 00:00:00,2023-06-16 00:00:00,Hospedagem e Turismo,ESTRANGEIRO HOLDING,SEDE,SC
CANCELADA,02.340.278/0001-33,AMAZONIA CELULAR S/A,BELÉM,6.60533e+07,17280,1998-05-06 00:00:00,2009-03-09 00:00:00,Telecomunicações,PRIVADO HOLDING,SEDE,PA
ATIVO,07.526.557/0001-00,AMBEV S.A.,SÃO PAULO,4.53e+06,23264,2013-10-30 00:00:00,2013-10-30 00:00:00,Bebidas e Fumo,ESTRANGEIRO HOLDING,SEDE,SP
ATIVO,07.526.557/0001-00,AMBEV S.A.,SÃO PAULO,4.53e+06,23264,2013-10-30 00:00:00,2013-10-30 00:00:00,Bebidas e Fumo,ESTRANGEIRO HOLDING,SEDE,SP
ATIVO,12.648.266/0001-24,AMBIPAR PARTICIPAÇÕES E EMPREENDIMENTOS S.A.,SÃO PAULO,1.234e+06,24961,2020-05-15 00:00:00,2020-05-15 00:00:00,"Saneamento, Serv. Água e Gás",PRIVADO,SEDE,SP
ATIVO,12.648.266/0001-24,AMBIPAR PARTICIPAÇÕES E EMPREENDIMENTOS S.A.,SÃO PAULO,1.234e+06,24961,2020-05-15 00:00:00,2020-05-15 00:00:00,"Saneamento, Serv. Água e Gás",PRIVADO,SEDE,SP
CANCELADA,57.009.078/0001-94,AMELCO SA IND ELETRONICA,EMBU DAS ARTES,6.8359e+06,12750,1986-05-23 00:00:00,2003-07-21 00:00:00,"Máquinas, Equipamentos, Veículos e Peças",PRIVADO,SEDE,SP
CANCELADA,44.081.677/0001-77,AMERICA DO SUL LEAS SA ARR MER,SÃO PAULO,1.31091e+06,388,1982-09-28 00:00:00,2000-03-02 00:00:00,Arrendamento Mercantil,PRIVADO,SEDE,SP
ATIVO,00.776.574/0001-56,AMERICANAS S.A. - EM RECUPERAÇÃO JUDICIAL,RIO DE JANEIRO,2.00819e+07,20990,2007-07-26 00:00:00,2007-07-26 00:00:00,Comércio (Atacado e Varejo),PRIVADO,SEDE,RJ
ATIVO,00.776.574/0001-56,AMERICANAS S.A. - EM RECUPERAÇÃO JUDICIAL,RIO DE JANEIRO,2.00819e+07,20990,2007-07-26 00:00:00,2007-07-26 00:00:00,Comércio (Atacado e Varejo),PRIVADO,SEDE,RJ
CANCELADA,01.223.522/0001-15,AMERICAS EMPRS ARTISTICOS SA,RIO DE JANEIRO,2.2631e+07,15679,1996-08-19 00:00:00,2008-03-18 00:00:00,Hospedagem e Turismo,PRIVADO,SEDE,RJ
CANCELADA,01.685.903/0001-16,AMERICEL SA,BRASÍLIA,7.0713e+07,16195,1997-03-26 00:00:00,2012-09-04 00:00:00,Telecomunicações,PRIVADO,SEDE,DF
CANCELADA,36.461.242/0001-20,AMIL PARTICIPAÇÕES S/A,RIO DE JANEIRO,2.26409e+07,21172,2007-10-24 00:00:00,2013-05-09 00:00:00,Serviços Médicos,PRIVADO HOLDING,SEDE,RJ
CANCELADA,03.494.776/0001-01,AMMO VAREJO S.A.,SÃO PAULO,1.31092e+06,26476,2021-12-14 00:00:00,2025-05-23 00:00:00,Emp. Adm. Part. - Têxtil e Vestuário,PRIVADO,SEDE,SP
ATIVO,33.050.071/0001-58,AMPLA ENERGIA E SERVIÇOS S.A.,RIO DE JANEIRO,2.02203e+07,3050,1969-08-15 00:00:00,1969-08-15 00:00:00,Energia Elétrica,ESTRANGEIRO,SEDE,RJ
CANCELADA,07.809.905/0001-56,AMPLA INVESTIMENTOS E SERVIÇOS S/A,NITERÓI,2.42102e+07,20214,2006-07-27 00:00:00,2012-05-23 00:00:00,Emp. Adm. Part. - Energia Elétrica,PRIVADO HOLDING,SEDE,RJ
CANCELADA,40.430.571/0001-80,ANCAR EMPREENDIMENTOS COMERCIAIS S/A,RIO DE JANEIRO,2.0011e+07,19259,2002-02-26 00:00:00,2006-12-18 00:00:00,Emp. Adm. Part. - Comércio (Atacado e Varejo),PRIVADO,SEDE,RJ
CANCELADA,00.979.769/0001-01,ANCAR SHOPPING SA,RIO DE JANEIRO,2.0011e+07,15326,1996-01-11 00:00:00,2001-11-30 00:00:00,Emp. Adm. Participações,PRIVADO,SEDE,RJ
CANCELADA,76.491.661/0001-29,ANCORA COMERCIAL SA,CURITIBA,8.005e+07,396,1977-07-20 00:00:00,1989-05-26 00:00:00,"Máquinas, Equipamentos, Veículos e Peças",PRIVADO,SEDE,PR
CANCELADA,60.503.232/0001-94,ANDERSON CLAYTON SA IND E COM,SÃO PAULO,5.804e+06,400,1977-07-20 00:00:00,1987-12-23 00:00:00,Alimentos,ESTRANGEIRO,SEDE,SP
CANCELADA,03.601.314/0001-38,ANDRADE GUTIERREZ CONCESSOES SA,BELO HORIZONTE,3.01109e+07,19437,2003-09-01 00:00:00,2018-12-31 00:00:00,Emp. Adm. Part. - Sem Setor Principal,PRIVADO,SEDE,MG
CANCELADA,04.031.960/0001-70,ANDRADE GUTIERREZ PARTICIPAÇÕES SA,BELO HORIZONTE,3.01101e+07,19062,2001-10-29 00:00:00,2019-08-12 00:00:00,Emp. Adm. Part. - Sem Setor Principal,PRIVADO HOLDING,SEDE,MG
CANCELADA,38.482.780/0001-26,ANEMUS WIND HOLDING S.A.,SÃO PAULO,4.71104e+06,26832,2022-06-08 00:00:00,2025-12-19 00:00:00,Energia Elétrica,PRIVADO,SEDE,SP
CANCELADA,04.310.392/0001-46,ANHANGUERA EDUCACIONAL PARTICIPAÇÕES S.A.,VALINHOS,1.32782e+07,18961,2001-06-08 00:00:00,2014-10-08 00:00:00,Emp. Adm. Part. - Educação,PRIVADO,SEDE,SP
ATIVO,09.288.252/0001-32,ANIMA HOLDING S/A,SÃO PAULO,5.435e+06,23248,2013-10-24 00:00:00,2013-10-24 00:00:00,Educação,PRIVADO HOLDING,SEDE,SP
CANCELADA,60.661.451/0001-00,ANSON SA ENG FUND RECUPERACOES,SÃO PAULO,5.423e+06,12416,1985-07-15 00:00:00,1986-04-02 00:00:00,"Construção Civil, Mat. Constr. e Decoração",PRIVADO,SEDE,SP
CANCELADA,33.017.088/0001-03,APOLO PRODUTOS DE ACO SA,RIO DE JANEIRO,2.0021e+07,426,1971-07-09 00:00:00,1990-10-30 00:00:00,Metalurgia e Siderurgia,PRIVADO,SEDE,RJ
CANCELADA,11.197.023/0001-54,AQUA-RIO S/A,RIO DE JANEIRO,2.226e+07,22101,2010-07-26 00:00:00,2012-06-26 00:00:00,Brinquedos e Lazer,PRIVADO,SEDE,RJ
CANCELADA,45.169.000/0001-58,AQUATEC QUIMICA SA,SÃO PAULO,1.02e+06,12564,1985-12-17 00:00:00,2007-01-09 00:00:00,Petroquímicos e Borracha,ESTRANGEIRO,SEDE,SP
CANCELADA,09.439.783/0001-89,ÁQUILLA SECURITIZADORA SA,SÃO PAULO,5.083e+06,21512,2008-06-24 00:00:00,2021-03-16 00:00:00,Securitização de Recebíveis,PRIVADO,SEDE,SP
CANCELADA,15.914.972/0001-69,AR CAPITAL SECURITIES COMPANHIA SECURITIZADORA S.A.,PAULÍNIA,1.31407e+07,22950,2012-09-05 00:00:00,2018-12-04 00:00:00,Securitização de Recebíveis,PRIVADO,SEDE,SP
CANCELADA,42.157.511/0001-61,ARACRUZ CELULOSE S/A,ARACRUZ,2.9197e+07,434,1980-02-05 00:00:00,2009-12-31 00:00:00,Papel e Celulose,PRIVADO,SEDE,ES
CANCELADA,17.805.110/0001-23,ARAFERTIL SA,ARAXÁ,3.818e+07,485,1982-08-26 00:00:00,1989-01-13 00:00:00,Petroquímicos e Borracha,PRIVADO,SEDE,MG
CANCELADA,02.517.787/0001-99,ARAGUAIA CIA INDL DE PROD ALIM,GURUPI,7.74e+07,442,1973-11-29 00:00:00,1987-06-05 00:00:00,Alimentos,PRIVADO,SEDE,TO
CANCELADA,01.543.362/0001-91,ARAGUAIA SA MIN RACOES FERTIL,BRASÍLIA,7e+07,13161,1987-04-29 00:00:00,1988-07-05 00:00:00,Extração Mineral,PRIVADO,SEDE,DF
ATIVO,14.127.813/0001-51,ARANDU INVESTIMENTOS S.A.,SÃO PAULO,5.42304e+06,25887,2021-05-13 00:00:00,2021-05-13 00:00:00,Emp. Adm. Part. - Intermediação Financeira,PRIVADO,SEDE,SP
CANCELADA,76.516.921/0001-73,ARAPUA IMPORTACAO COMERCIO SA,CURITIBA,8.13502e+07,9806,1977-07-20 00:00:00,1996-10-10 00:00:00,Comércio (Atacado e Varejo),PRIVADO,SEDE,PR
CANCELADA,03.616.277/0001-31,ARAUCÁRIA PARTICIPAÇÕES SA,RIO DE JANEIRO,2.003e+07,18651,2000-04-18 00:00:00,2014-11-14 00:00:00,Emp. Adm. Part. - Sem Setor Principal,PRIVADO,SEDE,RJ
CANCELADA,00.237.000/0001-00,ARBRA SA,RIO DE JANEIRO,2.004e+07,14788,1995-02-20 00:00:00,2003-01-16 00:00:00,Emp. Adm. Participações,PRIVADO,SEDE,RJ
CANCELADA,24.315.012/0001-73,ARCELOR BRASIL S.A.,BELO HORIZONTE,3.01309e+07,3964,1969-12-19 00:00:00,2007-06-15 00:00:00,Metalurgia e Siderurgia,ESTRANGEIRO,SEDE,MG
CANCELADA,33.390.170/0001-89,ARCELORMITTAL INOX BRASIL S.A.,BELO HORIZONTE,3.01302e+07,2658,1971-12-22 00:00:00,2008-04-24 00:00:00,Metalurgia e Siderurgia,PRIVADO,SEDE,MG
CANCELADA,92.660.158/0001-06,ARCON SA IND ELETROMETALURGICA,PORTO ALEGRE,9.02e+07,507,1968-08-05 00:00:00,1987-12-03 00:00:00,Metalurgia e Siderurgia,PRIVADO,SEDE,RS
CANCELADA,02.036.233/0001-70,ARDOSIA PARTICIPACOES SA,RIO DE JANEIRO,2.00579e+07,16926,1998-02-26 00:00:00,2000-11-24 00:00:00,Emp. Adm. Participações,PRIVADO,SEDE,RJ
CANCELADA,02.036.220/0001-09,ARGENTUM PARTICIPACOES SA,RIO DE JANEIRO,2.00579e+07,16888,1998-02-12 00:00:00,2000-06-20 00:00:00,Emp. Adm. Participações,PRIVADO,SEDE,RJ
ATIVO,24.624.551/0001-94,ARGO ENERGIA EMPREENDIMENTOS E PARTICIPAÇÕES S.A.,SÃO PAULO,4.53301e+06,24120,2017-04-24 00:00:00,2017-04-24 00:00:00,Emp. Adm. Part. - Energia Elétrica,PRIVADO HOLDING,SEDE,SP
ATIVO,24.624.490/0001-65,ARGO TRANSMISSÃO DE ENERGIA S.A.,SÃO PAULO,4.53301e+06,24210,2017-09-22 00:00:00,2017-09-22 00:00:00,Energia Elétrica,PRIVADO,SEDE,SP
ATIVO,20.514.590/0001-88,ARGO V TRANSMISSAO DE ENERGIA S.A.,SÃO PAULO,4.53301e+06,26662,2022-03-21 00:00:00,2022-03-21 00:00:00,Energia Elétrica,PRIVADO HOLDING,SEDE,SP
ATIVO,20.514.555/0001-69,ARGO VI TRANSMISSAO DE ENERGIA S.A.,SÃO PAULO,4.53301e+06,26670,2022-03-21 00:00:00,2022-03-21 00:00:00,Energia Elétrica,PRIVADO HOLDING,SEDE,SP
CANCELADA,02.605.028/0001-88,ARGOLIS HOLDINGS S.A.,RIO DE JANEIRO,2.22902e+07,17566,1998-07-20 00:00:00,2008-06-30 00:00:00,Emp. Adm. Part. - Telecomunicações,PRIVADO HOLDING,SEDE,RJ
CANCELADA,02.992.440/0001-06,ARGOLIS PARTICIPAÇÕES S/A,RIO DE JANEIRO,2.22902e+07,18341,1999-06-21 00:00:00,2008-04-18 00:00:00,Emp. Adm. Part. - Telecomunicações,PRIVADO HOLDING,SEDE,RJ
ATIVO,00.242.184/0001-04,"ARMAC LOCAÇÃO, LOGÍSTICA E SERVIÇOS S.A.",BARUERI,6.74251e+06,26069,2021-07-26 00:00:00,2021-07-26 00:00:00,Serviços Transporte e Logística,PRIVADO,SEDE,SP
ATIVO,00.242.184/0001-04,"ARMAC LOCAÇÃO, LOGÍSTICA E SERVIÇOS S.A.",BARUERI,6.74251e+06,26069,2021-07-26 00:00:00,2021-07-26 00:00:00,Serviços Transporte e Logística,PRIVADO,SEDE,SP
CANCELADA,15.109.747/0001-50,ARMAZENS GERAIS EMPR UNIAO SA,SALVADOR,4.0015e+07,515,1977-07-20 00:00:00,1991-03-08 00:00:00,Serviços Transporte e Logística,PRIVADO,SEDE,BA
CANCELADA,61.064.978/0001-01,ARNO SA,SÃO PAULO,3.1089e+06,523,1968-09-23 00:00:00,2000-05-16 00:00:00,"Máquinas, Equipamentos, Veículos e Peças",PRIVADO,SEDE,SP
CANCELADA,10.976.124/0001-60,ARTEFATOS PAPEL NE SA ARTEPE,IGARASSU,5.36e+07,531,1970-12-30 00:00:00,1986-11-05 00:00:00,Outras Atividades Industriais,PRIVADO,SEDE,PE
ATIVO,02.919.555/0001-67,ARTERIS S.A.,SÃO PAULO,4.54391e+06,19771,2005-07-06 00:00:00,2005-07-06 00:00:00,Serviços Transporte e Logística,ESTRANGEIRO,SEDE,SP
CANCELADA,92.189.356/0001-33,ARTHUR LANGE SA IND E COM,TURUÇU,9.6148e+07,574,1977-07-20 00:00:00,2011-01-04 00:00:00,Têxtil e Vestuário,PRIVADO,SEDE,RS
ATIVO,09.359.927/0001-97,ASA BRANCA HOLDING S.A.,SÃO PAULO,4.53601e+06,26514,2021-12-20 00:00:00,2021-12-20 00:00:00,Emp. Adm. Part. - Energia Elétrica,PRIVADO HOLDING,SEDE,SP
CANCELADA,33.319.617/0001-23,ASBERIT SA,RIO DE JANEIRO,2.001e+07,582,1981-02-24 00:00:00,1986-03-18 00:00:00,Outras Atividades Industriais,PRIVADO,SEDE,RJ
CANCELADA,04.944.815/0001-80,ASO METAL SA,ANANINDEUA,6.7e+07,590,1970-04-27 00:00:00,1992-07-06 00:00:00,Metalurgia e Siderurgia,PRIVADO,SEDE,PA
ATIVO,38.286.323/0001-66,ASSURUÁ 4 E 5 HOLDING ENERGIA S.A.,SÃO PAULO,4.5439e+06,27545,2024-07-15 00:00:00,2024-07-15 00:00:00,Emp. Adm. Part. - Energia Elétrica,PRIVADO HOLDING,SEDE,SP
CANCELADA,75.315.333/0001-09,ATACADÃO S.A.,SÃO PAULO,2.1709e+06,24171,2017-07-18 00:00:00,2025-12-22 00:00:00,Emp. Adm. Part. - Comércio (Atacado e Varejo),ESTRANGEIRO,SEDE,SP
CANCELADA,75.315.333/0001-09,ATACADÃO S.A.,SÃO PAULO,2.1709e+06,24171,2017-07-18 00:00:00,2025-12-22 00:00:00,Emp. Adm. Part. - Comércio (Atacado e Varejo),ESTRANGEIRO,SEDE,SP
CANCELADA,31.701.408/0001-14,ATHENA SAÚDE BRASIL S.A.,SÃO PAULO,5.42507e+06,25810,2021-05-11 00:00:00,2022-11-24 00:00:00,Emp. Adm. Part. - Serviços médicos,PRIVADO HOLDING,SEDE,SP
CANCELADA,13.720.918/0001-57,ATIVOS BRASILEIROS S.A.,CURITIBA,8.00401e+07,22918,2012-08-10 00:00:00,2016-01-07 00:00:00,Emp. Adm. Part. - Sem Setor Principal,PRIVADO,SEDE,PR
CANCELADA,02.445.817/0001-07,ATL - ALGAR TELECOM LESTE S.A.,RIO DE JANEIRO,2.22711e+07,18252,1999-05-13 00:00:00,2003-07-10 00:00:00,Telecomunicações,PRIVADO,SEDE,RJ
CANCELADA,01.431.728/0001-30,ATLÂNTICA EMPREEND.IMOBILIÁRIOS S/A,RIO DE JANEIRO,2.221e+07,17990,1998-12-03 00:00:00,2002-12-09 00:00:00,"Construção Civil, Mat. Constr. e Decoração",PRIVADO,SEDE,RJ
CANCELADA,12.610.165/0001-64,ATLETAS BRASILEIROS S/A,CURITIBA,8.024e+07,22934,2012-09-03 00:00:00,2017-09-20 00:00:00,Brinquedos e Lazer,PRIVADO,SEDE,PR
CANCELADA,61.510.996/0001-70,ATMA SA,RIO DE JANEIRO,2.0061e+07,604,1970-08-19 00:00:00,2005-03-22 00:00:00,Petroquímicos e Borracha,PRIVADO,SEDE,RJ
CANCELADA,00.886.257/0001-92,ATMOSFERA GESTÃO E HIGIENIZAÇÃO DE TÊXTEIS SA,CAJAMAR,7.76e+06,20591,2007-04-03 00:00:00,2009-04-20 00:00:00,Farmacêutico e Higiene,PRIVADO HOLDING,SEDE,SP
ATIVO,23.994.857/0001-70,ATOM EDUCAÇÃO E EDITORA S.A.,SOROCABA,1.80302e+07,27677,2024-10-18 00:00:00,2024-10-18 00:00:00,Educação,PRIVADO,SEDE,SP
CANCELADA,03.453.981/0001-10,AUFERVILLE TRUST SA,SÃO JOSÉ DO RIO PRETO,1.5015e+07,18562,2000-01-26 00:00:00,2008-03-18 00:00:00,Securitização de Recebíveis,PRIVADO,SEDE,SP
ATIVO,08.213.823/0001-07,AURA ALMAS MINERAÇÃO S.A.,SÃO PAULO,4.73009e+06,26590,2022-01-06 00:00:00,2022-01-06 00:00:00,Emp. Adm. Part. - Extração Mineral,PRIVADO,SEDE,SP
ATIVO,28.594.234/0001-23,AUREN ENERGIA S.A,SÃO PAULO,5.42507e+06,26620,2022-02-25 00:00:00,2022-02-25 00:00:00,Energia Elétrica,PRIVADO,SEDE,SP
ATIVO,28.594.234/0001-23,AUREN ENERGIA S.A,SÃO PAULO,5.42507e+06,26620,2022-02-25 00:00:00,2022-02-25 00:00:00,Energia Elétrica,PRIVADO,SEDE,SP
ATIVO,00.194.724/0001-13,AUREN OPERAÇÕES S.A.,BAURU,5.42507e+06,26174,2021-08-17 00:00:00,2021-08-17 00:00:00,Emp. Adm. Part. - Energia Elétrica,PRIVADO HOLDING,SEDE,SP
ATIVO,37.663.076/0001-07,AUREN PARTICIPAÇÕES S.A.,SÃO PAULO,5.42507e+06,25640,2021-03-18 00:00:00,2021-03-18 00:00:00,Energia Elétrica,PRIVADO HOLDING,SEDE,SP
CANCELADA,00.160.436/0001-48,AUSTRAL INVESTIMENTOS SA,RIO DE JANEIRO,2.004e+07,14656,1994-12-02 00:00:00,2003-01-13 00:00:00,Emp. Adm. Participações,PRIVADO,SEDE,RJ
CANCELADA,47.709.365/0001-53,AUTEL SA TELECOMUNICAÇOES,SÃO PAULO,4.686e+06,14419,1994-05-30 00:00:00,2007-08-07 00:00:00,"Máquinas, Equipamentos, Veículos e Peças",PRIVADO,SEDE,SP
CANCELADA,59.104.513/0001-95,AUTOMETAL S/A,DIADEMA,9.9509e+06,22381,2011-02-03 00:00:00,2014-10-14 00:00:00,"Máquinas, Equipamentos, Veículos e Peças",PRIVADO,SEDE,SP
ATIVO,35.654.688/0001-08,AUTOMOB PARTICIPAÇÕES S.A.,CUIABÁ,7.80983e+07,27707,2024-11-27 00:00:00,2024-11-27 00:00:00,Serviços Transporte e Logística,PRIVADO,SEDE,MT
CANCELADA,43.513.237/0001-89,AUTOMOB S.A.,MOGI DAS CRUZES,8.74514e+06,27413,2024-01-23 00:00:00,2024-12-31 00:00:00,Emp. Adm. Part. - Comércio (Atacado e Varejo),PRIVADO HOLDING,SEDE,SP
ATIVO,09.326.342/0001-70,AUTOPISTA FERNÃO DIAS SA,POUSO ALEGRE,3.75563e+07,21989,2010-03-29 00:00:00,2010-03-29 00:00:00,Serviços Transporte e Logística,PRIVADO HOLDING,SEDE,MG
ATIVO,09.324.949/0001-11,AUTOPISTA FLUMINENSE SA,NITERÓI,2.40201e+07,22004,2010-03-29 00:00:00,2010-03-29 00:00:00,Serviços Transporte e Logística,PRIVADO HOLDING,SEDE,RJ
ATIVO,09.313.969/0001-97,AUTOPISTA LITORAL SUL,SÃO JOSÉ DOS PINHAIS,8.30702e+07,21997,2010-03-29 00:00:00,2010-03-29 00:00:00,Serviços Transporte e Logística,PRIVADO HOLDING,SEDE,PR
ATIVO,09.325.109/0001-73,AUTOPISTA PLANALTO SUL SA,RIO NEGRO,8.388e+07,21970,2010-03-29 00:00:00,2010-03-29 00:00:00,Serviços Transporte e Logística,PRIVADO HOLDING,SEDE,PR
ATIVO,09.336.431/0001-06,AUTOPISTA REGIS BITTENCOURT SA,REGISTRO,1.19e+07,21962,2010-03-29 00:00:00,2010-03-29 00:00:00,Serviços Transporte e Logística,PRIVADO HOLDING,SEDE,SP
CANCELADA,40.281.347/0001-74,AUTOTRAC COMERCIO E TELECOMUNICAÇÕES,BRASÍLIA,7.09109e+07,20311,2006-10-04 00:00:00,2009-07-03 00:00:00,Serviços Transporte e Logística,PRIVADO,SEDE,DF
CANCELADA,02.679.185/0001-38,AUTOVIAS S/A,RIBEIRÃO PRETO,1.4079e+07,21822,2009-11-27 00:00:00,2019-09-16 00:00:00,Serviços Transporte e Logística,PRIVADO HOLDING,SEDE,SP
CANCELADA,51.996.601/0001-37,AUXILIAR LEASING SA ARR MERC,SÃO PAULO,1.014e+06,655,1981-11-26 00:00:00,1991-01-30 00:00:00,Arrendamento Mercantil,PRIVADO,SEDE,SP
CANCELADA,46.047.288/0001-50,AUXILIAR SA PARTICIPACOES,SÃO PAULO,4.08001e+06,11924,1984-06-20 00:00:00,2005-08-09 00:00:00,Emp. Adm. Participações,PRIVADO,SEDE,SP
CANCELADA,27.956.690/0001-03,AUZZA SECURITIZADORA S. A.,CURITIBA,8.04201e+07,24333,2018-01-19 00:00:00,2026-05-07 00:00:00,Securitização de Recebíveis,PRIVADO HOLDING,SEDE,PR
CANCELADA,15.011.696/0001-29,AVAL SECURITIZADORA DE CREDITOS S.A.,CUIABÁ,7.8032e+07,23973,2016-08-08 00:00:00,2017-11-30 00:00:00,Securitização de Recebíveis,PRIVADO,SEDE,MT
CANCELADA,54.649.819/0001-03,AVARA SA,SÃO PAULO,1.244e+06,12483,1971-10-19 00:00:00,1989-10-11 00:00:00,Emp. Adm. Participações,PRIVADO,SEDE,SP
ATIVO,00.357.038/0001-16,AXIA ENERGIA NORTE S.A.,BRASÍLIA,7.07305e+07,27472,2024-05-24 00:00:00,2024-05-24 00:00:00,Energia Elétrica,PRIVADO,SEDE,DF
ATIVO,00.001.180/0001-26,AXIA ENERGIA S.A.,RIO DE JANEIRO,2.00309e+07,2437,1971-01-28 00:00:00,1971-01-28 00:00:00,Emp. Adm. Part. - Energia Elétrica,ESTATAL,SEDE,RJ
ATIVO,02.016.507/0001-69,AXIA ENERGIA SUL S.A.,FLORIANÓPOLIS,8.80409e+07,27480,2024-05-24 00:00:00,2024-05-24 00:00:00,Energia Elétrica,PRIVADO,SEDE,SC
ATIVO,52.017.473/0001-03,AZEVEDO & TRAVASSOS ENERGIA S.A.,SÃO PAULO,1.452e+06,27626,2024-09-06 00:00:00,2024-09-06 00:00:00,Petróleo e Gás,PRIVADO,SEDE,SP
ATIVO,61.351.532/0001-68,AZEVEDO & TRAVASSOS SA,SÃO PAULO,2.95508e+06,11975,1984-08-20 00:00:00,1984-08-20 00:00:00,"Construção Civil, Mat. Constr. e Decoração",PRIVADO,SEDE,SP
ATIVO,09.305.994/0001-29,AZUL S.A.,BARUERI,6.46004e+06,24112,2017-04-07 00:00:00,2017-04-07 00:00:00,Emp. Adm. Part. - Serviços Transporte e Logística,PRIVADO,SEDE,SP
ATIVO,16.590.234/0001-76,AZZAS 2154 S.A.,BELO HORIZONTE,3.0112e+07,22349,2011-01-31 00:00:00,2011-01-31 00:00:00,Têxtil e Vestuário,PRIVADO,SEDE,MG
ATIVO,52.270.350/0001-71,B100 S.A.,SÃO PAULO,4.53813e+06,27634,2024-09-11 00:00:00,2024-09-11 00:00:00,Intermediação Financeira,PRIVADO,SEDE,SP
ATIVO,09.346.601/0001-25,"B3 S.A. - BRASIL, BOLSA, BALCÃO",SÃO PAULO,1.0109e+06,21610,2008-08-11 00:00:00,2008-08-11 00:00:00,Bolsas de Valores/Mercadorias e Futuros,PRIVADO,SEDE,SP
ATIVO,09.346.601/0001-25,"B3 S.A. - BRASIL, BOLSA, BALCÃO",SÃO PAULO,1.0109e+06,21610,2008-08-11 00:00:00,2008-08-11 00:00:00,Bolsas de Valores/Mercadorias e Futuros,PRIVADO,SEDE,SP
CANCELADA,15.195.464/0001-78,BACRAFT SA INDUSTRIA DE PAPEL,SANTO AMARO,4.42e+07,680,1977-07-20 00:00:00,2006-05-12 00:00:00,Papel e Celulose,PRIVADO,SEDE,BA
CANCELADA,04.781.143/0001-39,BAESA-ENERGETICA BARRA GRANDE SA,PINHAL DA SERRA,9.539e+07,19607,2004-09-29 00:00:00,2016-04-29 00:00:00,Energia Elétrica,PRIVADO,SEDE,RS
CANCELADA,13.605.696/0001-21,BAHEMA AGROPECUARIA SA,SALVADOR,4.035e+07,698,1977-07-20 00:00:00,1991-08-30 00:00:00,"Agricultura (Açúcar, Álcool e Cana)",PRIVADO,SEDE,BA
CANCELADA,96.832.365/0001-51,BAHEMA EQUIPAMENTOS SA,SALVADOR,4.03307e+07,18155,1999-02-10 00:00:00,2003-10-31 00:00:00,"Máquinas, Equipamentos, Veículos e Peças",PRIVADO,SEDE,BA
CANCELADA,15.258.023/0001-78,BAHIA OTHON PALACE HOTEL SA,SALVADOR,4e+07,710,1973-11-30 00:00:00,1984-10-26 00:00:00,Hospedagem e Turismo,PRIVADO,SEDE,BA
CANCELADA,01.554.970/0001-00,BAHIA TRUST DE RECEBIVEIS,SÃO CAETANO DO SUL,9.5209e+06,16098,1997-02-05 00:00:00,1999-10-28 00:00:00,Serviços Diversos,PRIVADO,SEDE,SP
CANCELADA,09.462.852/0001-75,BALADARE PARTICIPAÇÕES S/A,SÃO PAULO,1.40501e+06,21571,2008-07-31 00:00:00,2010-05-27 00:00:00,Emp. Adm. Part. - Sem Setor Principal,PRIVADO HOLDING,SEDE,SP
CANCELADA,76.659.101/0001-30,BAMERINDUS SA CRED IMOBILIARIO,CURITIBA,8.042e+07,752,1977-07-20 00:00:00,1987-11-27 00:00:00,Crédito Imobiliário,PRIVADO,SEDE,PR
CANCELADA,75.170.076/0001-64,BAMERINDUS SA FINANC CRED INV,CURITIBA,8.002e+07,760,1977-07-20 00:00:00,1989-05-09 00:00:00,Bancos,PRIVADO,SEDE,PR
CANCELADA,76.543.156/0001-80,BAMERINDUS SA PARTICIPAÇÕES E EMPREENDIMENTOS - EM LIQUIDAÇÃO EXTRAJUDICIAL,CURITIBA,8.001e+07,744,1977-07-20 00:00:00,2007-01-09 00:00:00,Emp. Adm. Part. - Intermediação Financeira,PRIVADO,SEDE,PR
ATIVO,28.195.667/0001-06,BANCO ABC BRASIL S/A,SÃO PAULO,1.453e+06,20958,2007-07-23 00:00:00,2007-07-23 00:00:00,Bancos,ESTRANGEIRO,SEDE,SP
CANCELADA,10.664.513/0001-50,BANCO AGIBANK S.A.,PORTO ALEGRE,9.043e+07,24465,2018-06-21 00:00:00,2019-01-18 00:00:00,Intermediação Financeira,PRIVADO,SEDE,RS
CANCELADA,24.986.770/0001-13,BANCO AGRIMISA SA,BELO HORIZONTE,3.01609e+07,779,1977-07-20 00:00:00,2005-03-22 00:00:00,Bancos,PRIVADO,SEDE,MG
CANCELADA,60.770.336/0001-65,BANCO ALFA DE INVESTIMENTO S.A.,SÃO PAULO,1.3103e+06,1384,1977-07-20 00:00:00,2024-03-28 00:00:00,Bancos,PRIVADO,SEDE,SP
CANCELADA,33.870.163/0001-84,BANCO ALVORADA S.A.,SALVADOR,4.00109e+07,15512,1996-05-02 00:00:00,2003-10-28 00:00:00,Bancos,PRIVADO,SEDE,BA
CANCELADA,76.543.115/0001-94,BANCO BAMERINDUS BRASIL SA,CURITIBA,8.001e+07,825,1977-07-20 00:00:00,2006-07-18 00:00:00,Bancos,PRIVADO,SEDE,PR
CANCELADA,63.090.609/0001-19,BANCO BANDEIRANTES DE INVESTIMENTOS SA,SÃO PAULO,5.4239e+06,833,1977-07-20 00:00:00,2001-10-31 00:00:00,Bancos,PRIVADO,SEDE,SP
CANCELADA,15.142.490/0001-38,BANCO BANEB SA,SÃO PAULO,1.452e+06,1066,1977-07-20 00:00:00,2000-12-01 00:00:00,Bancos,PRIVADO,SEDE,SP
CANCELADA,76.492.172/0001-91,BANCO BANESTADO SA,CURITIBA,8.00203e+07,1180,1977-07-20 00:00:00,2003-08-29 00:00:00,Bancos,PRIVADO,SEDE,PR
CANCELADA,10.781.532/0001-67,BANCO BANORTE SA EM LIQUIDAÇÃO EXTRAJUDICIAL,RECIFE,5.07109e+07,1473,1977-07-20 00:00:00,2006-07-18 00:00:00,Bancos,PRIVADO,SEDE,PE
CANCELADA,60.898.723/0001-81,BANCO BCN S.A.,SÃO PAULO,4.578e+06,957,1977-07-20 00:00:00,1998-07-28 00:00:00,Bancos,PRIVADO,SEDE,SP
CANCELADA,04.562.120/0001-33,BANCO BEA SA,MANAUS,6.9025e+07,1139,1977-07-20 00:00:00,2003-01-30 00:00:00,Bancos,PRIVADO,SEDE,AM
CANCELADA,01.540.541/0001-75,BANCO BEG S.A.,GOIÂNIA,7.401e+07,1074,1977-07-20 00:00:00,2003-08-29 00:00:00,Bancos,PRIVADO,SEDE,GO
CANCELADA,15.124.464/0001-87,BANCO BESA SA,SÃO PAULO,1.02901e+06,1244,1977-07-20 00:00:00,2023-04-10 00:00:00,Bancos,PRIVADO,SEDE,SP
CANCELADA,61.186.680/0001-74,BANCO BMG S/A,SÃO PAULO,4.5439e+06,1716,1977-07-20 00:00:00,1994-03-14 00:00:00,Bancos,PRIVADO,SEDE,SP
ATIVO,61.186.680/0001-74,BANCO BMG S/A,SÃO PAULO,4.5439e+06,24600,2018-12-17 00:00:00,2018-12-17 00:00:00,Bancos,PRIVADO,SEDE,SP
CANCELADA,33.485.541/0001-06,BANCO BOAVISTA INTERATLÂNTICO S.A.,OSASCO,6.0299e+06,850,1977-07-20 00:00:00,1999-12-08 00:00:00,Bancos,PRIVADO,SEDE,SP
CANCELADA,15.114.366/0001-69,BANCO BOCOM BBM S.A.,SALVADOR,4.182e+07,930,1977-07-20 00:00:00,1993-07-26 00:00:00,Bancos,PRIVADO,SEDE,BA
CANCELADA,06.271.464/0001-19,BANCO BRADESCO BBI S.A.,OSASCO,6.0299e+06,1163,1978-11-13 00:00:00,2004-08-06 00:00:00,Bancos,PRIVADO,SEDE,SP
CANCELADA,33.147.315/0001-15,BANCO BRADESCO BERJ S.A.,RIO DE JANEIRO,2.004e+07,1201,1977-07-20 00:00:00,2012-06-11 00:00:00,Bancos,PRIVADO,SEDE,RJ
ATIVO,60.746.948/0001-12,BANCO BRADESCO S.A.,OSASCO,6.0299e+06,906,1977-07-20 00:00:00,1977-07-20 00:00:00,Bancos,PRIVADO,SEDE,SP
CANCELADA,71.027.866/0001-34,BANCO BS2 S.A.,BELO HORIZONTE,3.03804e+07,20869,2007-07-09 00:00:00,2008-10-16 00:00:00,Bancos,PRIVADO HOLDING,SEDE,MG
ATIVO,30.306.294/0001-45,BANCO BTG PACTUAL S/A,RIO DE JANEIRO,2.225e+07,22616,2011-11-10 00:00:00,2011-11-10 00:00:00,Bancos,PRIVADO,SEDE,RJ
CANCELADA,33.349.358/0001-83,BANCO CACIQUE SA,SÃO PAULO,1.01491e+06,11380,1977-07-20 00:00:00,1988-12-27 00:00:00,Bancos,PRIVADO,SEDE,SP
CANCELADA,07.814.999/0001-51,BANCO COMERCIAL BANCESA S.A.,FORTALEZA,6.00351e+07,1031,1977-07-20 00:00:00,2005-03-22 00:00:00,Bancos,PRIVADO,SEDE,CE
CANCELADA,61.230.165/0001-44,BANCO COMERCIAL E DE INVESTIMENTO SUDAMERIS S.A.,SÃO PAULO,1.31092e+06,787,1977-07-20 00:00:00,2000-08-24 00:00:00,Bancos,PRIVADO,SEDE,SP
CANCELADA,21.562.962/0001-04,BANCO CREDITO REAL DE MG SA,BELO HORIZONTE,3.01609e+07,949,1977-07-20 00:00:00,1998-06-30 00:00:00,Bancos,ESTATAL,SEDE,MG
CANCELADA,52.940.350/0001-31,BANCO CREFISUL S.A.,SÃO PAULO,1.3113e+06,795,1977-07-20 00:00:00,2006-05-09 00:00:00,Bancos,PRIVADO,SEDE,SP
ATIVO,04.902.979/0001-44,BANCO DA AMAZÔNIA S.A.,BELÉM,6.60179e+07,922,1977-07-20 00:00:00,1977-07-20 00:00:00,Bancos,ESTATAL,SEDE,PA
ATIVO,62.232.889/0001-90,BANCO DAYCOVAL S.A.,SÃO PAULO,1.3112e+06,20796,2007-06-27 00:00:00,2007-06-27 00:00:00,Bancos,PRIVADO,SEDE,SP
CANCELADA,10.866.788/0001-77,BANCO DE PERNAMBUCO S.A. - BANDEPE,SÃO PAULO,4.54301e+06,1090,1977-07-20 00:00:00,2003-03-24 00:00:00,Bancos,PRIVADO,SEDE,SP
CANCELADA,15.163.587/0001-27,BANCO DESENV ESTADO BAHIA SA,SALVADOR,4.18239e+07,981,1977-07-20 00:00:00,1999-11-04 00:00:00,Bancos,ESTATAL,SEDE,BA
ATIVO,00.000.000/0001-91,BANCO DO BRASIL S.A.,BRASÍLIA,7.00409e+07,1023,1977-07-20 00:00:00,1977-07-20 00:00:00,Bancos,ESTATAL,SEDE,DF
CANCELADA,03.468.907/0001-78,BANCO DO ESTADO DE MATO GROSSO S.A.,CUIABÁ,7.80051e+07,12467,1985-10-17 00:00:00,2007-01-09 00:00:00,Bancos,ESTATAL,SEDE,MT
CANCELADA,83.876.003/0001-10,BANCO DO ESTADO DE SANTA CATARINA S/A - BESC,FLORIANÓPOLIS,8.80109e+07,1104,1977-07-20 00:00:00,2008-09-30 00:00:00,Bancos,ESTATAL,SEDE,SC
CANCELADA,61.411.633/0001-87,BANCO DO ESTADO DE SAO PAULO S.A. - BANESPA,SÃO PAULO,1.01e+06,1112,1977-07-20 00:00:00,2006-08-31 00:00:00,Bancos,PRIVADO,SEDE,SP
ATIVO,13.009.717/0001-46,BANCO DO ESTADO DE SERGIPE SA,ARACAJU,4.90408e+07,1120,1977-07-20 00:00:00,1977-07-20 00:00:00,Bancos,ESTATAL,SEDE,SE
ATIVO,04.913.711/0001-08,BANCO DO ESTADO DO PARÁ S/A.,BELÉM,6.601e+07,1171,1977-07-20 00:00:00,1977-07-20 00:00:00,Bancos,ESTATAL,SEDE,PA
CANCELADA,06.833.131/0001-36,BANCO DO ESTADO DO PIAUÍ S.A. - BEP,TERESINA,6.40002e+07,1198,1978-06-22 00:00:00,2008-11-28 00:00:00,Bancos,ESTATAL,SEDE,PI
ATIVO,92.702.067/0001-96,BANCO DO ESTADO DO RIO GRANDE DO SUL SA,PORTO ALEGRE,9.001e+07,1210,1977-07-20 00:00:00,1977-07-20 00:00:00,Bancos,ESTATAL,SEDE,RS
ATIVO,07.237.373/0001-20,BANCO DO NORDESTE DO BRASIL SA,FORTALEZA,6.07439e+07,1228,1977-07-20 00:00:00,1977-07-20 00:00:00,Bancos,ESTATAL,SEDE,CE
CANCELADA,22.531.842/0001-02,BANCO DO PROGRESSO S.A.,BELO HORIZONTE,3.01701e+07,1236,1977-07-20 00:00:00,2007-01-09 00:00:00,Bancos,PRIVADO,SEDE,MG
CANCELADA,52.940.319/0001-09,BANCO FENICIA SA,SÃO PAULO,4.5789e+06,1252,1977-07-20 00:00:00,1995-11-06 00:00:00,Bancos,PRIVADO,SEDE,SP
CANCELADA,33.098.518/0001-69,BANCO FININVEST SA,RIO DE JANEIRO,2.22909e+07,6092,1977-07-20 00:00:00,1998-06-12 00:00:00,Bancos,PRIVADO,SEDE,RJ
CANCELADA,53.518.684/0001-84,Banco HSBC S.A.,SÃO PAULO,4.5519e+06,12521,1985-11-04 00:00:00,2000-02-01 00:00:00,Arrendamento Mercantil,ESTRANGEIRO,SEDE,SP
CANCELADA,53.518.684/0001-84,Banco HSBC S.A.,SÃO PAULO,4.5519e+06,19755,2005-06-06 00:00:00,2015-09-14 00:00:00,Arrendamento Mercantil,PRIVADO,SEDE,SP
CANCELADA,31.895.683/0001-16,BANCO INDUSTRIAL DO BRASIL,SÃO PAULO,4.5439e+06,21377,2008-03-07 00:00:00,2018-11-14 00:00:00,Bancos,PRIVADO,SEDE,SP
CANCELADA,00.416.968/0001-01,BANCO INTER S.A.,BELO HORIZONTE,3.01101e+07,24406,2018-04-26 00:00:00,2022-12-02 00:00:00,Bancos,PRIVADO,SEDE,MG
CANCELADA,92.723.550/0001-57,BANCO ITABANCO S/A,BARUERI,6.4739e+06,914,1977-07-20 00:00:00,1996-03-08 00:00:00,Bancos,PRIVADO,SEDE,SP
CANCELADA,17.298.092/0001-30,BANCO ITAU BBA  S.A.,SÃO PAULO,4.53813e+06,1082,1977-07-20 00:00:00,2003-08-29 00:00:00,Bancos,ESTRANGEIRO,SEDE,SP
CANCELADA,49.925.225/0001-48,BANCO ITAULEASING S.A.,SÃO PAULO,4.34503e+06,3590,1981-05-29 00:00:00,2007-11-07 00:00:00,Bancos,PRIVADO,SEDE,SP
ATIVO,17.184.037/0001-10,BANCO MERCANTIL BRASIL SA,BELO HORIZONTE,3.011e+07,1325,1977-07-20 00:00:00,1977-07-20 00:00:00,Bancos,PRIVADO,SEDE,MG
ATIVO,34.169.557/0001-72,BANCO MERCANTIL DE INVESTIMENTOS S.A.,BELO HORIZONTE,3.011e+07,1309,1977-07-20 00:00:00,1977-07-20 00:00:00,Bancos,PRIVADO,SEDE,MG
CANCELADA,61.065.421/0001-95,BANCO MERCANTIL DE SÃO PAULO SA,SÃO PAULO,1.31092e+06,1317,1977-07-20 00:00:00,2003-09-30 00:00:00,Bancos,PRIVADO,SEDE,SP
CANCELADA,30.723.886/0001-62,BANCO MODAL S.A.,SÃO PAULO,4.55106e+06,25755,2021-04-28 00:00:00,2023-07-31 00:00:00,Bancos,PRIVADO,SEDE,SP
CANCELADA,17.157.777/0001-67,BANCO NACIONAL S.A. - EM LIQUIDAÇÃO EXTRAJUDICIAL,RIO DE JANEIRO,2.004e+07,1350,1977-07-20 00:00:00,2025-05-15 00:00:00,Bancos,PRIVADO,SEDE,RJ
CANCELADA,43.073.394/0001-10,BANCO NOSSA CAIXA S/A,SÃO PAULO,1.013e+06,19828,2005-10-14 00:00:00,2009-11-30 00:00:00,Bancos,ESTATAL,SEDE,SP
CANCELADA,59.285.411/0001-13,BANCO PAN SA,SÃO PAULO,1.3101e+06,21199,2007-11-12 00:00:00,2026-03-30 00:00:00,Bancos,PRIVADO,SEDE,SP
ATIVO,62.144.175/0001-20,BANCO PINE S/A,SÃO PAULO,4.543e+06,20567,2007-03-27 00:00:00,2007-03-27 00:00:00,Bancos,PRIVADO,SEDE,SP
ATIVO,62.307.848/0001-15,BANCO RCI BRASIL S.A.,CURITIBA,8.02501e+07,21466,2008-04-29 00:00:00,2008-04-29 00:00:00,Bancos,ESTRANGEIRO,SEDE,PR
CANCELADA,17.156.514/0001-33,BANCO REAL SA,SÃO PAULO,1.31092e+06,1392,1977-07-20 00:00:00,2000-04-28 00:00:00,Bancos,PRIVADO,SEDE,SP
CANCELADA,58.160.789/0001-28,BANCO SAFRA S/A,SÃO PAULO,1.31093e+06,1406,1977-07-20 00:00:00,1990-12-27 00:00:00,Bancos,PRIVADO,SEDE,SP
ATIVO,90.400.888/0001-42,BANCO SANTANDER (BRASIL) S.A.,SÃO PAULO,4.54301e+06,20532,2007-03-02 00:00:00,2007-03-02 00:00:00,Bancos,ESTRANGEIRO HOLDING,SEDE,SP
CANCELADA,60.700.556/0001-12,BANCO SANTANDER NOROESTE SA,SÃO PAULO,4.752e+06,1368,1977-07-20 00:00:00,1999-06-30 00:00:00,Bancos,PRIVADO,SEDE,SP
CANCELADA,60.889.128/0001-80,BANCO SOFISA SA,SÃO PAULO,1.4181e+06,20680,2007-04-26 00:00:00,2016-11-24 00:00:00,Bancos,PRIVADO,SEDE,SP
CANCELADA,60.942.638/0001-73,BANCO SUDAMERIS BRASIL SA,SÃO PAULO,1.013e+06,1422,1977-07-20 00:00:00,2007-05-25 00:00:00,Bancos,PRIVADO,SEDE,SP
CANCELADA,00.086.413/0001-30,BANCO ÚNICO S.A.,SÃO PAULO,5.4239e+06,1015,1977-07-20 00:00:00,1990-08-09 00:00:00,Bancos,PRIVADO,SEDE,SP
CANCELADA,61.024.352/0001-71,BANCO VOITER S.A.,SÃO PAULO,4.53813e+06,20885,2007-07-10 00:00:00,2021-02-10 00:00:00,Bancos,PRIVADO,SEDE,SP
CANCELADA,63.081.004/0001-61,BANCOCIDADE LEASING ARR MERC SA,OSASCO,6.0299e+06,7994,1983-08-08 00:00:00,2003-11-18 00:00:00,Arrendamento Mercantil,PRIVADO,SEDE,SP
CANCELADA,01.210.645/0001-11,BANEB LEASING SA ARREND MERC,NAZARÉ,4.44e+07,15628,1996-06-25 00:00:00,2000-06-20 00:00:00,Arrendamento Mercantil,ESTATAL,SEDE,BA
CANCELADA,62.527.346/0001-08,BANESTADO LEASING SA ARR MERC,CURITIBA,8.26309e+07,12017,1984-10-29 00:00:00,2001-02-22 00:00:00,Arrendamento Mercantil,ESTATAL,SEDE,PR
CANCELADA,76.550.748/0001-20,BANESTADO SA CRED FIN E INV,CURITIBA,8.001e+07,1457,1977-07-20 00:00:00,1989-09-12 00:00:00,Bancos,ESTATAL,SEDE,PR
CANCELADA,39.813.605/0001-37,BANESTES LEASING SA ARR MERC,VITÓRIA,2.90199e+07,15245,1995-12-15 00:00:00,2005-03-01 00:00:00,Arrendamento Mercantil,ESTATAL,SEDE,ES
ATIVO,28.127.603/0001-78,BANESTES SA BANCO DO ESTADO DO ESPIRITO SANTO,VITÓRIA,2.90109e+07,1155,1977-07-20 00:00:00,1977-07-20 00:00:00,Bancos,ESTATAL,SEDE,ES
CANCELADA,33.550.104/0001-29,"BANEX S/A - CRÉDITO, FINANCIAMENTO E INVESTIMENTO",SÃO PAULO,1.451e+06,8176,1977-07-20 00:00:00,2007-11-14 00:00:00,Intermediação Financeira,PRIVADO,SEDE,SP
CANCELADA,07.216.674/0001-77,BANFORT-BANCO FORTALEZA S.A.,SÃO PAULO,1.01403e+06,1376,1977-07-20 00:00:00,2007-01-09 00:00:00,Bancos,PRIVADO,SEDE,SP
CANCELADA,07.450.604/0001-89,BANK OF CHINA (BRASIL) BANCO MÚLTIPLO S.A.,SÃO PAULO,1.418e+06,21113,2007-09-17 00:00:00,2015-10-19 00:00:00,Bancos,PRIVADO,SEDE,SP
CANCELADA,01.377.222/0001-90,BANKBOSTON COMPANHIA HIPOTECÁRIA,SÃO PAULO,4.58311e+06,16500,1997-10-07 00:00:00,2004-01-26 00:00:00,Bancos,PRIVADO,SEDE,SP
CANCELADA,11.558.657/0001-95,BANORTE BANCO INVEST SA,RECIFE,5.071e+07,1465,1972-01-27 00:00:00,1990-08-09 00:00:00,Bancos,PRIVADO,SEDE,PE
CANCELADA,10.781.524/0001-10,BANORTE CRED FIN E INVEST SA,RECIFE,5.071e+07,1481,1977-07-20 00:00:00,1990-08-09 00:00:00,Bancos,PRIVADO,SEDE,PE
CANCELADA,10.925.675/0001-03,BANORTE CRED IMOBILIARIO SA,RECIFE,5.071e+07,1490,1977-07-20 00:00:00,1990-08-09 00:00:00,Crédito Imobiliário,PRIVADO,SEDE,PE
CANCELADA,34.260.158/0001-12,BANORTE LEASING ARRENDAMENTO MERCANTIL SA EM LIQUIDAÇÃO EXTRAJUDICIAL,RECIFE,5.07109e+07,14001,1992-05-12 00:00:00,2006-07-18 00:00:00,Arrendamento Mercantil,PRIVADO,SEDE,PE
CANCELADA,92.721.232/0001-57,BANRISUL ARMAZENS GERAIS SA,CANOAS,9.242e+07,15822,1996-10-18 00:00:00,2024-06-25 00:00:00,Serviços Transporte e Logística,PRIVADO,SEDE,RS
CANCELADA,92.692.979/0001-24,BANRISUL S.A.  ADMINISTRADORA DE CONSÓRCIOS,PORTO ALEGRE,9.00189e+07,15130,1995-11-29 00:00:00,2010-12-17 00:00:00,Bancos,ESTATAL,SEDE,RS
CANCELADA,92.934.215/0001-06,BANRISUL SOLUÇÕES EM PAGAMENTOS S.A. - INSTITUIÇÃO DE PAGAMENTO,CANOAS,9.201e+07,24554,2018-09-27 00:00:00,2022-11-07 00:00:00,Bancos,ESTATAL,SEDE,RS
CANCELADA,61.578.159/0001-82,BANYLSA TECELAGEM DO BRASIL SA,SIMÕES FILHO,4.37e+07,1503,1980-10-01 00:00:00,1993-06-17 00:00:00,Têxtil e Vestuário,PRIVADO,SEDE,BA
CANCELADA,10.809.341/0001-66,BAPTISTA DA SILVA PARTICIPAÇÕES E PROJETOS SA,RECIFE,5.07109e+07,12033,1984-10-30 00:00:00,2010-01-04 00:00:00,Emp. Adm. Part. - Sem Setor Principal,PRIVADO,SEDE,PE
CANCELADA,49.033.814/0001-11,BARBER GREENE BRASIL INDUSTRIA E COMERCIO SA,GUARULHOS,7.114e+06,1511,1971-11-26 00:00:00,2005-03-22 00:00:00,"Máquinas, Equipamentos, Veículos e Peças",PRIVADO,SEDE,SP
ATIVO,60.851.615/0001-53,BARDELLA S.A. INDUSTRIAS MECANICAS - EM RECUPERAÇÃO JUDICIAL,SOROCABA,1.80859e+07,1520,1969-11-26 00:00:00,1969-11-26 00:00:00,"Máquinas, Equipamentos, Veículos e Peças",PRIVADO,SEDE,SP
CANCELADA,10.608.405/0001-60,BARI SECURITIZADORA S.A.,SÃO PAULO,5.42101e+06,21920,2009-12-29 00:00:00,2022-06-01 00:00:00,Securitização de Recebíveis,PRIVADO,SEDE,SP
CANCELADA,15.125.339/0001-91,BARRETTO ARAUJO PROD CACAU SA,SALVADOR,4.00189e+07,11894,1984-05-16 00:00:00,2010-01-04 00:00:00,Alimentos,PRIVADO,SEDE,BA
CANCELADA,35.082.277/0001-95,BASE SECURITIZADORA DE CRÉDITOS IMOBILIÁRIOS S.A.,SÃO PAULO,1.452e+06,24970,2020-05-21 00:00:00,2022-06-30 00:00:00,Securitização de Recebíveis,PRIVADO,SEDE,SP
CANCELADA,09.462.140/0001-56,BASEL PARTICIPAÇÕES S/A,SÃO PAULO,1.405e+06,21601,2008-08-07 00:00:00,2017-09-22 00:00:00,Emp. Adm. Part. - Sem Setor Principal,PRIVADO HOLDING,SEDE,SP
CANCELADA,48.539.407/0001-18,BASF BRAS SA INDS QUIMICAS,SÃO PAULO,1.046e+06,1538,1981-02-24 00:00:00,1992-03-24 00:00:00,Petroquímicos e Borracha,ESTRANGEIRO,SEDE,SP
CANCELADA,61.064.937/0001-15,BATES SA,SÃO PAULO,1.009e+06,1546,1977-07-20 00:00:00,1989-11-29 00:00:00,Embalagens,PRIVADO,SEDE,SP
ATIVO,61.374.161/0001-30,BAUMER SA,MOGI MIRIM,1.38033e+07,1562,1970-05-20 00:00:00,1970-05-20 00:00:00,Metalurgia e Siderurgia,PRIVADO,SEDE,SP
ATIVO,17.344.597/0001-94,BB SEGURIDADE PARTICIPAÇÕES S.A.,BRASÍLIA,7.00409e+07,23159,2013-04-25 00:00:00,2013-04-25 00:00:00,Emp. Adm. Part. - Seguradoras e Corretoras,ESTATAL,SEDE,DF
CANCELADA,31.546.476/0001-56,BB-LEASING SA ARRENDAMENTO MERCANTIL,BRASÍLIA,7.00739e+07,13935,1991-10-30 00:00:00,2006-09-11 00:00:00,Arrendamento Mercantil,ESTATAL,SEDE,DF
CANCELADA,13.004.577/0001-13,BBC ADM E PARTICIPAÇÃO-EM LIQUIDAÇÃO ORDINÁRIA,GOIÂNIA,7.46333e+07,892,1981-01-30 00:00:00,2006-07-18 00:00:00,Emp. Adm. Part. - Sem Setor Principal,PRIVADO,SEDE,GO
CANCELADA,37.623.907/0001-17,BBC LEASING ARREND MERCANTIL-EM LIQUIDAÇÃO ORDINÁRIA,GOIÂNIA,7.401e+07,14800,1995-02-21 00:00:00,2006-07-18 00:00:00,Arrendamento Mercantil,PRIVADO,SEDE,GO
ATIVO,01.107.327/0001-20,BBM LOGÍSTICA S.A.,SÃO JOSÉ DOS PINHAIS,8.30054e+07,24660,2019-02-27 00:00:00,2019-02-27 00:00:00,Serviços Transporte e Logística,PRIVADO,SEDE,PR
ATIVO,01.107.327/0001-20,BBM LOGÍSTICA S.A.,SÃO JOSÉ DOS PINHAIS,8.30054e+07,24660,2019-02-27 00:00:00,2019-02-27 00:00:00,Serviços Transporte e Logística,PRIVADO,SEDE,PR
CANCELADA,00.162.760/0001-03,BBV LEASING BRASIL SA ARR MERC,BARUERI,6.455e+06,14842,1995-04-27 00:00:00,1999-07-01 00:00:00,Arrendamento Mercantil,PRIVADO,SEDE,SP
CANCELADA,19.276.528/0001-16,BCBF PARTICIPAÇÕES S.A.,SÃO PAULO,1.3111e+06,24775,2019-09-16 00:00:00,2023-05-25 00:00:00,Emp. Adm. Part. - Serviços médicos,PRIVADO,SEDE,SP
CANCELADA,60.885.100/0001-74,BCO AUXILIAR SA,SÃO PAULO,1.014e+06,809,1969-12-02 00:00:00,1991-01-30 00:00:00,Bancos,PRIVADO,SEDE,SP
CANCELADA,76.484.575/0001-99,BCO BAMERINDUS INVS SA,CURITIBA,8.15e+07,817,1977-07-20 00:00:00,1988-11-10 00:00:00,Bancos,PRIVADO,SEDE,PR
CANCELADA,60.885.092/0001-66,BCO BRADESCO INVESTIMENTO SA,OSASCO,6.029e+06,884,1977-07-20 00:00:00,1992-11-26 00:00:00,Bancos,PRIVADO,SEDE,SP
CANCELADA,33.132.044/0001-24,BCO CEDULA SA,RIO DE JANEIRO,2.005e+07,2380,1977-07-20 00:00:00,1992-09-22 00:00:00,Bancos,PRIVADO,SEDE,RJ
CANCELADA,13.007.703/0001-93,BCO CREDIPLAN SA,SÃO PAULO,1.22002e+06,973,1977-07-20 00:00:00,1996-07-10 00:00:00,Bancos,PRIVADO,SEDE,SP
CANCELADA,61.100.046/0001-77,BCO INV AMERICA SUL SA,SÃO PAULO,1.318e+06,990,1977-07-20 00:00:00,1989-05-19 00:00:00,Bancos,PRIVADO,SEDE,SP
CANCELADA,17.180.399/0001-32,BCO MAISONNAVE DE INV SA,PORTO ALEGRE,9e+07,1295,1976-05-21 00:00:00,1989-01-10 00:00:00,Bancos,PRIVADO,SEDE,RS
CANCELADA,33.222.241/0001-34,BCO NACIONAL INVS SA,RIO DE JANEIRO,2.004e+07,1341,1977-07-20 00:00:00,1991-06-18 00:00:00,Bancos,PRIVADO,SEDE,RJ
CANCELADA,61.391.090/0001-83,BCO SAVENA SA,SÃO PAULO,1.014e+06,1414,1977-07-20 00:00:00,1984-12-28 00:00:00,Bancos,PRIVADO,SEDE,SP
CANCELADA,87.125.019/0001-42,BCO SUL BRASILEIRO SA,PORTO ALEGRE,9e+07,1430,1973-02-20 00:00:00,1985-06-10 00:00:00,Bancos,PRIVADO,SEDE,RS
CANCELADA,40.432.544/0001-47,BCP S/A,SÃO PAULO,4.56591e+06,18600,2000-02-16 00:00:00,2004-06-18 00:00:00,Telecomunicações,PRIVADO,SEDE,SP
CANCELADA,92.691.328/0001-10,BCR BCO CREDITO REAL SA,PORTO ALEGRE,9.00102e+07,965,1977-07-20 00:00:00,1999-02-08 00:00:00,Bancos,PRIVADO,SEDE,RS
CANCELADA,01.608.571/0001-76,BELAPART SA,RIO DE JANEIRO,2.003e+07,16233,1997-04-23 00:00:00,2017-05-26 00:00:00,Emp. Adm. Part. - Crédito Imobiliário,PRIVADO HOLDING,SEDE,RJ
ATIVO,26.845.702/0001-60,BELÉM TRANSMISSORA DE ENERGIA S.A.,RIO DE JANEIRO,2.222e+07,24457,2018-06-14 00:00:00,2018-06-14 00:00:00,Energia Elétrica,PRIVADO,SEDE,RJ
CANCELADA,14.200.618/0001-00,BELEZA PARTICIPAÇÕES SA,SÃO PAULO,1.405e+06,22632,2011-12-12 00:00:00,2018-09-25 00:00:00,Emp. Adm. Part. - Sem Setor Principal,PRIVADO HOLDING,SEDE,SP
ATIVO,52.805.925/0001-03,BELORA RDVC CITY DESENVOLVIMENTO IMOBILIÁRIO S.A.,SÃO PAULO,1.45292e+06,27570,2024-07-25 00:00:00,2024-07-25 00:00:00,"Construção Civil, Mat. Constr. e Decoração",PRIVADO HOLDING,SEDE,SP
CANCELADA,28.564.391/0001-96,BELPRATO SA,BARRA DO PIRAÍ,2.71306e+07,13480,1989-05-19 00:00:00,2006-03-21 00:00:00,Alimentos,PRIVADO,SEDE,RJ
CANCELADA,82.373.077/0001-71,BEMATECH  S/A,SÃO JOSÉ DOS PINHAIS,8.30553e+07,20656,2007-04-17 00:00:00,2016-02-16 00:00:00,Comunicação e Informática,PRIVADO,SEDE,PR
ATIVO,09.042.817/0001-05,BEMOBI MOBILE TECH S.A.,RIO DE JANEIRO,2.02205e+07,25500,2021-02-08 00:00:00,2021-02-08 00:00:00,Comunicação e Informática,PRIVADO,SEDE,RJ
CANCELADA,61.288.916/0001-83,BENZENEX SA ADUBOS E INSET,OSASCO,6.21011e+06,1635,1971-08-17 00:00:00,1999-03-30 00:00:00,Petroquímicos e Borracha,PRIVADO,SEDE,SP
CANCELADA,09.400.937/0001-29,BERNA PARTICIPAÇÕES SA,SÃO PAULO,1.405e+06,21563,2008-07-31 00:00:00,2014-08-11 00:00:00,Emp. Adm. Part. - Sem Setor Principal,PRIVADO HOLDING,SEDE,SP
CANCELADA,00.510.570/0001-21,BESC SA ARRENDAMENTO MERCANTIL,SÃO JOSÉ,8.8101e+07,15040,1995-09-19 00:00:00,2010-04-13 00:00:00,Arrendamento Mercantil,ESTATAL,SEDE,SC
CANCELADA,04.381.091/0001-03,BETA SA INDUSTRIA E COMERCIO,SÃO PAULO,1.4269e+06,1660,1980-12-23 00:00:00,2007-11-13 00:00:00,Comércio (Atacado e Varejo),PRIVADO,SEDE,SP
CANCELADA,07.021.459/0001-10,BETA SECURITIZADORA S/A,SÃO PAULO,4.55208e+06,19747,2005-05-11 00:00:00,2019-10-30 00:00:00,Securitização de Recebíveis,ESTRANGEIRO,SEDE,SP
ATIVO,02.762.124/0001-30,BETAPART PARTICIPAÇÕES SA,RIO DE JANEIRO,2.002e+07,17884,1998-11-06 00:00:00,1998-11-12 00:00:00,Emp. Adm. Part. - Crédito Imobiliário,PRIVADO HOLDING,SEDE,RJ
CANCELADA,60.627.346/0001-46,BETUMARCO SA ENGENHARIA INDUSTRIA COMERCIO,SÃO BERNARDO DO CAMPO,9.81245e+06,1678,1977-07-20 00:00:00,2006-11-22 00:00:00,"Construção Civil, Mat. Constr. e Decoração",PRIVADO,SEDE,SP
CANCELADA,43.425.008/0001-02,BFB LEASING S.A. ARRENDAMENTO MERCANTIL,SÃO PAULO,8.55035e+06,6203,1983-02-21 00:00:00,1991-02-08 00:00:00,Arrendamento Mercantil,ESTRANGEIRO,SEDE,SP
CANCELADA,43.425.008/0001-02,BFB LEASING S.A. ARRENDAMENTO MERCANTIL,SÃO PAULO,8.55035e+06,14052,1992-12-01 00:00:00,2012-05-24 00:00:00,Arrendamento Mercantil,PRIVADO,SEDE,SP
CANCELADA,25.635.129/0001-05,BFC BANCO SA,RIO DE JANEIRO,2.004e+07,8796,1977-07-20 00:00:00,1990-07-16 00:00:00,Bancos,PRIVADO,SEDE,RJ
CANCELADA,04.987.555/0001-20,BGPAR SA,SÃO PAULO,4.101e+06,19500,2004-01-06 00:00:00,2011-10-26 00:00:00,Emp. Adm. Part. - Sem Setor Principal,PRIVADO,SEDE,SP
CANCELADA,08.723.106/0001-25,BHG S.A. - BRAZIL HOSPITALITY GROUP,RIO DE JANEIRO,2.00213e+07,20907,2007-07-12 00:00:00,2015-07-13 00:00:00,Emp. Adm. Part. - Hospedagem e Turismo,PRIVADO,SEDE,RJ
CANCELADA,07.112.325/0001-05,BI CIA SECURITIZADORA DE CREDITOS IMOBILIARIOS,SÃO PAULO,4.55106e+06,19704,2005-04-18 00:00:00,2018-05-30 00:00:00,Securitização de Recebíveis,PRIVADO,SEDE,SP
ATIVO,56.992.423/0001-90,BICICLETAS MONARK SA,INDAIATUBA,1.33474e+07,1694,1971-12-01 00:00:00,1971-12-01 00:00:00,Brinquedos e Lazer,PRIVADO,SEDE,SP
CANCELADA,16.921.603/0001-66,BIOBRAS SA,MONTES CLAROS,3.9404e+07,1708,1974-12-19 00:00:00,2002-11-27 00:00:00,Farmacêutico e Higiene,PRIVADO,SEDE,MG
ATIVO,45.987.245/0001-92,BIOMA EDUCAÇÃO S.A.,SÃO PAULO,4.549e+06,701,1974-01-02 00:00:00,1974-01-02 00:00:00,Emp. Adm. Part. - Educação,PRIVADO,SEDE,SP
ATIVO,04.752.991/0001-10,BIOMM SA,NOVA LIMA,3.4018e+07,19305,2002-08-19 00:00:00,2002-08-19 00:00:00,Farmacêutico e Higiene,PRIVADO,SEDE,MG
ATIVO,04.069.709/0001-02,BIONEXO S.A.,SÃO PAULO,4.543e+06,25925,2021-06-02 00:00:00,2021-06-02 00:00:00,Comunicação e Informática,PRIVADO,SEDE,SP
CANCELADA,15.527.906/0001-36,BIOSEV S.A.,SÃO PAULO,1.45292e+06,22845,2012-07-12 00:00:00,2021-06-25 00:00:00,"Agricultura (Açúcar, Álcool e Cana)",ESTRANGEIRO HOLDING,SEDE,SP
CANCELADA,49.341.506/0001-53,BIRMANN SA COM. E EMPREEND.,SÃO PAULO,1.31e+06,493,1982-08-23 00:00:00,1989-11-03 00:00:00,"Construção Civil, Mat. Constr. e Decoração",PRIVADO,SEDE,SP
ATIVO,58.430.828/0001-60,BLAU FARMACÊUTICA S.A.,COTIA,6.70503e+06,24627,2019-01-11 00:00:00,2019-01-11 00:00:00,Farmacêutico e Higiene,PRIVADO,SEDE,SP
ATIVO,58.430.828/0001-60,BLAU FARMACÊUTICA S.A.,COTIA,6.70503e+06,24627,2019-01-11 00:00:00,2019-01-11 00:00:00,Farmacêutico e Higiene,PRIVADO,SEDE,SP
SUSPENSO(A) - DECISÃO ADM,60.637.238/0001-54,BLUE TECH SOLUTIONS EQI S.A.,SÃO PAULO,5.06901e+06,12319,1985-03-14 00:00:00,2025-06-05 00:00:00,Alimentos,PRIVADO,SEDE,SP
CANCELADA,66.542.002/0001-10,BLUE TREE HOTELS & RESORTS DO BRASIL SA,SÃO PAULO,4.578e+06,17760,1998-09-15 00:00:00,2008-02-01 00:00:00,Hospedagem e Turismo,PRIVADO,SEDE,SP
ATIVO,24.921.465/0001-43,BLUEFIT ACADEMIAS DE GINÁSTICA E PARTICIPAÇÕES S.A,SÃO PAULO,4.547e+06,26204,2021-09-23 00:00:00,2021-09-23 00:00:00,Brinquedos e Lazer,PRIVADO,SEDE,SP
CANCELADA,20.451.953/0001-83,BLUM COMPANHIA DE SECURITIZAÇÃO DE CRÉDITOS S.A,BARUERI,6.454e+06,23760,2015-11-11 00:00:00,2022-06-01 00:00:00,Securitização de Recebíveis,PRIVADO,SEDE,SP
CANCELADA,46.521.357/0001-16,BMD LEASING SA ARREND MERC,SÃO PAULO,1.013e+06,15229,1995-12-13 00:00:00,1998-04-02 00:00:00,Arrendamento Mercantil,PRIVADO,SEDE,SP
CANCELADA,34.265.561/0001-34,BMG LEASING S.A. -  ARREND. MERCANTIL,SÃO PAULO,4.53813e+06,1724,1980-12-05 00:00:00,2019-08-12 00:00:00,Arrendamento Mercantil,PRIVADO,SEDE,SP
CANCELADA,61.146.577/0001-09,BNC BRAZIL LTDA,SÃO PAULO,4.5711e+06,1007,1977-07-20 00:00:00,2001-08-27 00:00:00,Bancos,ESTRANGEIRO,SEDE,SP
ATIVO,00.383.281/0001-09,BNDES PARTICIPAÇÕES S.A. - BNDESPAR,BRASÍLIA,7.03082e+07,16772,1998-01-13 00:00:00,1998-01-13 00:00:00,Emp. Adm. Part. - Sem Setor Principal,ESTATAL,SEDE,DF
ATIVO,10.807.374/0001-77,BOA SAFRA SEMENTES S.A,FORMOSA,7.3813e+07,25704,2021-04-19 00:00:00,2021-04-19 00:00:00,Alimentos,PRIVADO,SEDE,GO
CANCELADA,11.725.176/0001-27,BOA VISTA SERVIÇOS S.A.,BARUERI,6.46e+06,25135,2020-09-28 00:00:00,2023-10-18 00:00:00,Comunicação e Informática,PRIVADO,SEDE,SP
CANCELADA,42.419.846/0001-00,BOAVISTA SA ARREND MERCANTIL,OSASCO,6.0299e+06,1759,1983-12-23 00:00:00,1989-10-16 00:00:00,Arrendamento Mercantil,PRIVADO,SEDE,SP
CANCELADA,42.419.846/0001-00,BOAVISTA SA ARREND MERCANTIL,OSASCO,6.0299e+06,15172,1995-12-11 00:00:00,2003-11-12 00:00:00,Arrendamento Mercantil,PRIVADO,SEDE,SP
CANCELADA,33.528.720/0001-83,BOAVISTA SA CRED FIN E INV,RIO DE JANEIRO,2.0091e+07,1732,1977-07-20 00:00:00,1990-06-22 00:00:00,Bancos,PRIVADO,SEDE,RJ
CANCELADA,17.387.473/0001-96,BOCAIUVA TEXTIL SA,BOCAIÚVA,3.939e+07,12270,1971-06-24 00:00:00,1999-03-22 00:00:00,Têxtil e Vestuário,PRIVADO,SEDE,MG
CANCELADA,10.894.123/0001-77,BOLERO PARTICIPAÇÕES SA,RIO DE JANEIRO,2.24109e+07,22039,2010-05-27 00:00:00,2015-06-18 00:00:00,Emp. Adm. Part. - Sem Setor Principal,PRIVADO,SEDE,RJ
CANCELADA,08.936.812/0001-55,BOLSA DE MERCADORIAS & FUTUROS - BM&F S/A,SÃO PAULO,1.0109e+06,21210,2007-11-28 00:00:00,2008-05-08 00:00:00,Bolsas de Valores/Mercadorias e Futuros,PRIVADO,SEDE,SP
CANCELADA,00.257.846/0001-01,BOMBRIL HOLDING SA,SÃO BERNARDO DO CAMPO,9.696e+06,15334,1996-01-12 00:00:00,2011-08-18 00:00:00,Emp. Adm. Part. - Sem Setor Principal,PRIVADO,SEDE,SP
ATIVO,50.564.053/0001-03,BOMBRIL S.A. - EM RECUPERAÇÃO JUDICIAL,SÃO BERNARDO DO CAMPO,9.696e+06,12190,1984-09-26 00:00:00,1984-09-26 00:00:00,Farmacêutico e Higiene,PRIVADO,SEDE,SP
CANCELADA,97.422.620/0001-50,BOMPREÇO BAHIA SA,SALVADOR,4.03307e+07,14435,1994-06-22 00:00:00,2006-02-17 00:00:00,Emp. Adm. Part. - Comércio (Atacado e Varejo),PRIVADO,SEDE,BA
CANCELADA,13.004.510/0001-89,BOMPRECO SA SUPERMERCADO DO NE,RECIFE,5.06709e+07,15202,1995-12-13 00:00:00,2002-02-06 00:00:00,Comércio (Atacado e Varejo),PRIVADO,SEDE,PE
CANCELADA,01.269.202/0001-04,BOMPRECO TRUST RECEBIVEIS SA,RECIFE,5.06709e+07,15644,1996-07-12 00:00:00,1999-04-09 00:00:00,Serviços Diversos,PRIVADO,SEDE,PE
ATIVO,02.117.801/0001-67,BONAIRE PARTICIPAÇÕES S.A.- EM LIQUIDAÇÃO,RIO DE JANEIRO,2.2775e+07,16560,1997-11-03 00:00:00,1997-11-03 00:00:00,Emp. Adm. Part. - Energia Elétrica,PRIVADO,SEDE,RJ
CANCELADA,84.583.608/0001-86,BONATO SA COM E INDUSTRIA,JOAÇABA,8.96e+07,1775,1977-07-20 00:00:00,1992-03-11 00:00:00,"Construção Civil, Mat. Constr. e Decoração",PRIVADO,SEDE,SC
CANCELADA,60.858.586/0001-51,BONFIGLIOLI COML CONSTRUT SA,SÃO PAULO,1.407e+06,1783,1982-12-20 00:00:00,1991-09-05 00:00:00,"Construção Civil, Mat. Constr. e Decoração",PRIVADO,SEDE,SP
CANCELADA,96.734.884/0001-87,BORBONITE SA IND DE BORRACHAS,SÃO LEOPOLDO,9.311e+07,1791,1970-02-26 00:00:00,1992-10-01 00:00:00,Petroquímicos e Borracha,PRIVADO,SEDE,RS
CANCELADA,91.302.034/0001-96,BORELLA SA IND E COMERCIO,MARAU,9.915e+07,6238,1980-12-03 00:00:00,1987-01-21 00:00:00,Alimentos,PRIVADO,SEDE,RS
CANCELADA,33.323.742/0001-07,BORGHOFF SA,SÃO PAULO,5.03707e+06,1805,1977-07-20 00:00:00,1999-05-07 00:00:00,Comércio (Atacado e Varejo),PRIVADO,SEDE,SP
CANCELADA,60.943.388/0001-96,BORLEM SA EMPREEND INDUSTRIAIS,GUARULHOS,7.04205e+06,1813,1981-05-20 00:00:00,1999-03-10 00:00:00,"Máquinas, Equipamentos, Veículos e Peças",PRIVADO,SEDE,SP
ATIVO,87.870.952/0001-44,BORRACHAS VIPAL S.A.,NOVA PRATA,9.532e+07,26980,2022-10-21 00:00:00,2022-10-21 00:00:00,Petroquímicos e Borracha,PRIVADO,SEDE,RS
CANCELADA,00.183.435/0001-19,BOSFORO PARTICIPACOES SA,SÃO PAULO,1.141e+06,14591,1994-10-17 00:00:00,1999-09-21 00:00:00,Emp. Adm. Participações,PRIVADO HOLDING,SEDE,SP
CANCELADA,43.458.421/0001-73,BOSTON EXPORTADORA IMPORT SA,SÃO PAULO,1.009e+06,16160,1997-03-10 00:00:00,1998-03-17 00:00:00,Comércio Exterior,PRIVADO,SEDE,SP
CANCELADA,61.087.581/0001-35,BOTUCATU TÊXTIL S. A.,BOTUCATU,1.86084e+07,10987,1982-06-02 00:00:00,2012-07-09 00:00:00,Têxtil e Vestuário,PRIVADO,SEDE,SP
CANCELADA,08.695.953/0001-23,BOVESPA HOLDING SA,SÃO PAULO,1.013e+06,21164,2007-10-23 00:00:00,2008-08-29 00:00:00,Bolsas de Valores/Mercadorias e Futuros,PRIVADO HOLDING,SEDE,SP
CANCELADA,15.483.430/0001-89,BPMB I PARTICIPAÇÕES S.A.,SÃO PAULO,4.53813e+06,23108,2013-03-22 00:00:00,2015-09-15 00:00:00,Emp. Adm. Part. - Sem Setor Principal,PRIVADO HOLDING,SEDE,SP
CANCELADA,11.102.250/0001-59,BR HOME CENTERS S.A.,GOIÂNIA,7.42231e+07,23710,2015-09-30 00:00:00,2019-11-08 00:00:00,"Construção Civil, Mat. Constr. e Decoração",PRIVADO,SEDE,GO
ATIVO,06.977.745/0001-91,BR MALLS PARTICIPAÇOES S.A.,RIO DE JANEIRO,2.24301e+07,19909,2006-01-04 00:00:00,2006-01-04 00:00:00,Emp. Adm. Part. - Comércio (Atacado e Varejo),PRIVADO HOLDING,SEDE,RJ
ATIVO,06.977.745/0001-91,BR MALLS PARTICIPAÇOES S.A.,RIO DE JANEIRO,2.24301e+07,19909,2006-01-04 00:00:00,2006-01-04 00:00:00,Emp. Adm. Part. - Comércio (Atacado e Varejo),PRIVADO HOLDING,SEDE,RJ
CANCELADA,06.977.751/0001-49,BR PROPERTIES S.A.,SÃO PAULO,4.57891e+06,19925,2006-01-04 00:00:00,2023-12-20 00:00:00,Emp. Adm. Part. - Sem Setor Principal,PRIVADO,SEDE,SP
CANCELADA,06.977.751/0001-49,BR PROPERTIES S.A.,SÃO PAULO,4.57891e+06,19925,2006-01-04 00:00:00,2023-12-20 00:00:00,Emp. Adm. Part. - Sem Setor Principal,PRIVADO,SEDE,SP
CANCELADA,14.206.371/0001-39,BR TOWERS SPE1 S.A.,SÃO PAULO,4.551e+06,23205,2013-09-20 00:00:00,2018-12-05 00:00:00,"Máquinas, Equipamentos, Veículos e Peças",PRIVADO,SEDE,SP
CANCELADA,62.868.302/0001-33,BRADESCO BCN LEASING S/A ARR MERCANTIL,BARUERI,6.453e+06,1600,1977-07-20 00:00:00,2004-09-01 00:00:00,Arrendamento Mercantil,PRIVADO,SEDE,SP
CANCELADA,47.509.120/0001-82,BRADESCO LEASING S.A. - ARRENDAMENTO MERCANTIL,OSASCO,6.0299e+06,12386,1985-06-12 00:00:00,1989-09-15 00:00:00,Arrendamento Mercantil,PRIVADO,SEDE,SP
CANCELADA,47.509.120/0001-82,BRADESCO LEASING S.A. - ARRENDAMENTO MERCANTIL,OSASCO,6.0299e+06,17027,1998-04-06 00:00:00,2001-06-18 00:00:00,Arrendamento Mercantil,PRIVADO HOLDING,SEDE,SP
ATIVO,47.509.120/0001-82,BRADESCO LEASING S.A. - ARRENDAMENTO MERCANTIL,OSASCO,6.0299e+06,19640,2004-11-24 00:00:00,2004-11-24 00:00:00,Arrendamento Mercantil,PRIVADO,SEDE,SP
CANCELADA,43.833.821/0001-11,BRADESCO LEASING S.A. ARREND. MERCANTIL,OSASCO,6.0299e+06,7986,1981-06-24 00:00:00,1989-07-04 00:00:00,Arrendamento Mercantil,PRIVADO,SEDE,SP
CANCELADA,43.833.821/0001-11,BRADESCO LEASING S.A. ARREND. MERCANTIL,OSASCO,6.0299e+06,13757,1990-11-27 00:00:00,2003-02-28 00:00:00,Arrendamento Mercantil,PRIVADO,SEDE,SP
CANCELADA,60.885.068/0001-27,BRADESCO TURISMO SA ADM E SERV,OSASCO,6.029e+06,1848,1971-04-05 00:00:00,1988-06-15 00:00:00,Hospedagem e Turismo,PRIVADO,SEDE,SP
ATIVO,03.847.461/0001-92,BRADESPAR S/A,SÃO PAULO,4.54301e+06,18724,2000-08-07 00:00:00,2000-08-07 00:00:00,Emp. Adm. Part. - Extração Mineral,PRIVADO HOLDING,SEDE,SP
CANCELADA,61.782.769/0001-01,BRADESPLAN PARTICIPAÇOES SA,OSASCO,6.0299e+06,18180,1999-03-02 00:00:00,2006-02-07 00:00:00,Emp. Adm. Part. - Intermediação Financeira,PRIVADO HOLDING,SEDE,SP
ATIVO,58.119.199/0001-51,BRADSAÚDE S.A.,BARUERI,6.455e+06,20125,2006-06-13 00:00:00,2006-06-13 00:00:00,Serviços Médicos,PRIVADO,SEDE,SP
CANCELADA,68.587.724/0001-17,BRAFCO SA,RIO DE JANEIRO,2.004e+07,14478,1994-07-07 00:00:00,2005-12-20 00:00:00,Comércio (Atacado e Varejo),PRIVADO,SEDE,RJ
CANCELADA,17.246.695/0001-99,BRAFER INDL SA PRODS SIDERURG,CONTAGEM,3.20101e+07,1856,1977-07-20 00:00:00,1995-03-07 00:00:00,Metalurgia e Siderurgia,PRIVADO,SEDE,MG
CANCELADA,61.149.084/0001-14,BRAMPAC SA,SÃO PAULO,4.53003e+06,7714,1956-03-14 00:00:00,2000-09-19 00:00:00,Embalagens,PRIVADO,SEDE,SP
CANCELADA,01.187.338/0001-67,BRASCAN IMOBILIARIA SA,RIO DE JANEIRO,2.22999e+07,18147,1999-01-22 00:00:00,2003-07-10 00:00:00,"Construção Civil, Mat. Constr. e Decoração",PRIVADO HOLDING,SEDE,RJ
CANCELADA,84.489.996/0001-30,BRASIL & MOVIMENTOS S/A,MANAUS,6.90885e+07,20109,2006-06-09 00:00:00,2009-03-30 00:00:00,"Máquinas, Equipamentos, Veículos e Peças",PRIVADO,SEDE,AM
CANCELADA,04.833.448/0001-47,BRASIL BELEM HOTEIS E TURISMO SA,BELÉM,6.6013e+07,1937,1974-08-08 00:00:00,2010-01-04 00:00:00,Hospedagem e Turismo,PRIVADO,SEDE,PA
CANCELADA,66.890.369/0001-25,BRASIL BETON SA,RIO DE JANEIRO,2.0031e+07,13927,1991-10-24 00:00:00,1995-05-25 00:00:00,"Construção Civil, Mat. Constr. e Decoração",PRIVADO,SEDE,RJ
ATIVO,09.478.309/0001-66,BRASIL BIOFUELS S.A.,SÃO JOÃO DA BALIZA,6.9375e+07,27375,2023-12-15 00:00:00,2023-12-15 00:00:00,Energia Elétrica,PRIVADO,SEDE,RR
CANCELADA,00.311.787/0001-02,BRASIL CENTRAL HOTEIS E TUR SA,SÃO PAULO,1.427e+06,1880,1973-02-28 00:00:00,1998-12-30 00:00:00,Hospedagem e Turismo,PRIVADO,SEDE,SP
CANCELADA,02.457.269/0001-27,BRASIL FERROVIAS S.A.,SÃO PAULO,5.275e+06,17353,1998-06-12 00:00:00,2008-07-17 00:00:00,Serviços Transporte e Logística,PRIVADO,SEDE,SP
CANCELADA,33.206.475/0001-98,BRASIL OITICICA S/A,FORTALEZA,6.031e+07,13110,1987-01-09 00:00:00,2005-03-22 00:00:00,Alimentos,PRIVADO,SEDE,CE
CANCELADA,06.022.461/0001-41,BRASIL OLEOS INDUSTRIA COMERCIO SA BRASOLEO,BACABAL,6.57e+07,1899,1977-07-20 00:00:00,2005-12-20 00:00:00,Alimentos,PRIVADO,SEDE,MA
CANCELADA,12.610.764/0001-88,BRASIL PLURAL SECURITIZADORA S.A.,SÃO PAULO,4.533e+06,22233,2010-11-09 00:00:00,2018-04-30 00:00:00,Securitização de Recebíveis,PRIVADO HOLDING,SEDE,SP
CANCELADA,13.483.537/0001-00,BRASIL SECURITIZADORA S.A.,GUARAMIRIM,8.927e+07,24287,2017-12-12 00:00:00,2021-07-09 00:00:00,Securitização de Recebíveis,PRIVADO,SEDE,SC
ATIVO,35.764.708/0001-01,BRASIL TECNOLOGIA E PARTICIPAÇÕES S.A.,SÃO PAULO,4.547e+06,27499,2024-05-27 00:00:00,2024-05-27 00:00:00,Telecomunicações,PRIVADO,SEDE,SP
CANCELADA,02.570.688/0001-70,BRASIL TELECOM PARTICIPAÇÕES SA,RIO DE JANEIRO,2.24302e+07,17680,1998-08-19 00:00:00,2009-09-30 00:00:00,Emp. Adm. Part. - Telecomunicações,PRIVADO HOLDING,SEDE,RJ
CANCELADA,13.776.362/0001-10,BRASIL TRAVEL TURISMO E PARTICIPAÇÕES S/A,SÃO PAULO,4.55101e+06,22705,2012-01-30 00:00:00,2012-09-03 00:00:00,Emp. Adm. Part. - Hospedagem e Turismo,PRIVADO HOLDING,SEDE,SP
ATIVO,07.628.528/0001-59,BRASILAGRO CIA BRAS DE PROP AGRICOLAS,SÃO PAULO,5.4025e+06,20036,2006-04-25 00:00:00,2006-04-25 00:00:00,"Agricultura (Açúcar, Álcool e Cana)",ESTRANGEIRO,SEDE,SP
CANCELADA,05.482.166/0001-05,BRASILIANA ENERGIA SA,SÃO PAULO,4.5711e+06,19534,2004-04-15 00:00:00,2006-09-30 00:00:00,Energia Elétrica,PRIVADO,SEDE,SP
CANCELADA,08.773.191/0001-36,BRASILIANA PARTICIPAÇÕES S.A.,SÃO PAULO,4.578e+06,23930,2016-06-23 00:00:00,2025-01-08 00:00:00,Emp. Adm. Part. - Energia Elétrica,PRIVADO,SEDE,SP
CANCELADA,20.706.727/0001-04,BRASILINVEST INFORM.TELEC.S/A,SÃO PAULO,1.452e+06,1902,1983-02-22 00:00:00,1995-12-15 00:00:00,"Máquinas, Equipamentos, Veículos e Peças",PRIVADO,SEDE,SP
CANCELADA,61.064.838/0001-33,BRASILIT SA,SÃO PAULO,5.0369e+06,1910,1979-12-12 00:00:00,2001-06-01 00:00:00,Extração Mineral,ESTRANGEIRO,SEDE,SP
CANCELADA,33.177.734/0001-08,BRASILJUTA SA FIACAO TEC JUTA,MANAUS,2.227e+07,1929,1971-08-28 00:00:00,1993-03-01 00:00:00,Têxtil e Vestuário,PRIVADO,SEDE,RJ
CANCELADA,60.856.820/0001-01,BRASIMET COM E INDUSTRIA SA,SÃO PAULO,4.79591e+06,1945,1971-08-06 00:00:00,1993-09-15 00:00:00,"Construção Civil, Mat. Constr. e Decoração",PRIVADO,SEDE,SP
ATIVO,42.150.391/0001-70,BRASKEM S.A.,CAMAÇARI,4.28162e+07,4820,1978-12-18 00:00:00,1978-12-18 00:00:00,Petroquímicos e Borracha,PRIVADO,SEDE,BA
CANCELADA,60.837.689/0001-35,BRASMETAL CIA BRAS METALURGIA,SÃO PAULO,1.313e+06,1961,1969-07-29 00:00:00,1990-12-28 00:00:00,Emp. Adm. Participações,PRIVADO,SEDE,SP
CANCELADA,61.084.984/0001-20,BRASMOTOR SA,SÃO PAULO,4.578e+06,1970,1969-08-08 00:00:00,2016-12-22 00:00:00,"Máquinas, Equipamentos, Veículos e Peças",ESTRANGEIRO,SEDE,SP
CANCELADA,01.946.997/0001-30,BRAUSTAM HOTEIS REIT SA,CAUCAIA,6.16e+07,19399,2003-05-14 00:00:00,2005-07-21 00:00:00,Hospedagem e Turismo,PRIVADO,SEDE,CE
ATIVO,12.091.809/0001-55,BRAVA ENERGIA S.A.,RIO DE JANEIRO,2.22501e+07,25291,2020-11-09 00:00:00,2020-11-09 00:00:00,Petróleo e Gás,PRIVADO,SEDE,RJ
ATIVO,12.091.809/0001-55,BRAVA ENERGIA S.A.,RIO DE JANEIRO,2.22501e+07,25291,2020-11-09 00:00:00,2020-11-09 00:00:00,Petróleo e Gás,PRIVADO,SEDE,RJ
CANCELADA,03.144.779/0001-07,BRAVO SECURITIZADORA S/A,SÃO PAULO,4.55106e+06,19674,2005-03-21 00:00:00,2008-10-31 00:00:00,Securitização de Recebíveis,PRIVADO,SEDE,SP
CANCELADA,10.826.798/0001-89,BRAZAL - BRASIL ALIMENTOS S.A.,SÃO PAULO,5.4011e+06,21865,2009-12-11 00:00:00,2016-08-30 00:00:00,Emp. Adm. Part. - Comércio (Atacado e Varejo),PRIVADO,SEDE,SP
ATIVO,14.292.540/0001-09,"BRAZIL TOWER, CESSÃO DE INFRA-ESTRUTURAS S.A",NOVA LIMA,3.4006e+07,27316,2023-09-04 00:00:00,2023-09-04 00:00:00,Telecomunicações,PRIVADO HOLDING,SEDE,MG
CANCELADA,02.762.113/0001-50,BRAZILIAN FINANCE & REAL ESTATE S.A.,SÃO PAULO,1.3101e+06,17922,1998-11-10 00:00:00,2024-08-16 00:00:00,Emp. Adm. Part. - Crédito Imobiliário,PRIVADO,SEDE,SP
CANCELADA,03.767.538/0001-14,BRAZILIAN SECURITIES CIA SECURITIZAÇÃO,SÃO PAULO,1.3101e+06,18759,2000-09-04 00:00:00,2026-03-11 00:00:00,Securitização de Recebíveis,PRIVADO,SEDE,SP
ATIVO,00.000.208/0001-00,BRB BANCO DE BRASILIA SA,BRASÍLIA,7.00402e+07,14206,1993-09-24 00:00:00,1993-09-24 00:00:00,Bancos,ESTATAL,SEDE,DF
CANCELADA,33.136.888/0001-43,BRB CRED FINANC E INVEST SA,RIO DE JANEIRO,2.052e+07,6009,1972-07-20 00:00:00,1987-05-08 00:00:00,Bancos,PRIVADO,SEDE,RJ
ATIVO,10.739.356/0001-03,BRBI BR PARTNERS S.A,SÃO PAULO,4.53813e+06,25860,2021-05-13 00:00:00,2021-05-13 00:00:00,Emp. Adm. Part. - Bancos,PRIVADO,SEDE,SP
CANCELADA,08.653.753/0001-08,BRC SECURITIZADORA SA,SÃO PAULO,1.455e+06,20672,2007-04-20 00:00:00,2020-06-29 00:00:00,Securitização de Recebíveis,PRIVADO,SEDE,SP
ATIVO,01.838.723/0001-27,BRF S.A.,ITAJAÍ,8.83016e+07,16292,1997-06-24 00:00:00,1997-06-24 00:00:00,Emp. Adm. Part. - Alimentos,PRIVADO,SEDE,SC
CANCELADA,61.068.557/0001-59,BRINQUEDOS BANDEIRANTES SA,SÃO PAULO,3.282e+06,2003,1989-08-15 00:00:00,1993-09-10 00:00:00,Comércio (Atacado e Varejo),PRIVADO,SEDE,SP
CANCELADA,61.322.731/0001-48,BRINQUEDOS MIMO SA,ITU,1.33e+07,2011,1966-02-10 00:00:00,2005-12-20 00:00:00,Brinquedos e Lazer,PRIVADO,SEDE,SP
CANCELADA,19.796.586/0001-70,BRISANET PARTICIPAÇÕES S.A.,PEREIRO,6.346e+07,26085,2021-07-27 00:00:00,2024-12-04 00:00:00,Emp. Adm. Part. - Telecomunicações,PRIVADO,SEDE,CE
ATIVO,04.601.397/0001-28,BRISANET SERVIÇOS DE TELECOMUNICAÇÕES S.A.,PEREIRO,6.346e+07,27693,2024-11-05 00:00:00,2024-11-05 00:00:00,Telecomunicações,PRIVADO,SEDE,CE
ATIVO,39.580.673/0001-01,BRK AMBIENTAL - REGIÃO METROPOLITANA DE MACEIÓ S.A.,MACEIÓ,5.7055e+07,26999,2022-11-07 00:00:00,2022-11-07 00:00:00,"Emp. Adm. Part. - Saneamento, Serv. Água e Gás",PRIVADO,SEDE,AL
ATIVO,24.396.489/0001-20,BRK AMBIENTAL PARTICIPAÇÕES S.A.,SÃO PAULO,4.794e+06,24830,2019-10-22 00:00:00,2019-10-22 00:00:00,"Emp. Adm. Part. - Saneamento, Serv. Água e Gás",PRIVADO,SEDE,SP
CANCELADA,07.700.557/0001-84,BROOKFIELD INCORPORAÇÕES S.A.,RIO DE JANEIRO,2.27751e+07,20265,2006-09-11 00:00:00,2016-08-24 00:00:00,"Emp. Adm. Part. - Const. Civil, Mat. Const. e Decoração",PRIVADO HOLDING,SEDE,RJ
CANCELADA,58.877.812/0001-08,BROOKFIELD SÃO PAULO EMPREENDIMENTOS IMOBILIÁRIOS S.A.,SÃO PAULO,4.794e+06,19046,2001-09-03 00:00:00,2012-06-14 00:00:00,"Emp. Adm. Part. - Const. Civil, Mat. Const. e Decoração",PRIVADO,SEDE,SP
CANCELADA,07.088.416/0001-52,BRPR 45 SECURITZADORA CRED IMOB SA,SÃO PAULO,4.578e+06,19895,2005-12-22 00:00:00,2017-11-14 00:00:00,Securitização de Recebíveis,PRIVADO,SEDE,SP
CANCELADA,04.800.265/0001-25,BRPR 51 SECURITZADORA CRED IMOB SA,SÃO PAULO,4.578e+06,19372,2003-03-24 00:00:00,2015-10-05 00:00:00,Securitização de Recebíveis,PRIVADO,SEDE,SP
CANCELADA,07.033.882/0001-30,BRPR 52 SECURITZADORA CRED IMOB SA,SÃO PAULO,4.578e+06,19976,2006-02-17 00:00:00,2015-11-03 00:00:00,Securitização de Recebíveis,PRIVADO,SEDE,SP
CANCELADA,04.370.082/0001-17,BRPR 53 SECURITZADORA CRED IMOB SA,SÃO PAULO,4.578e+06,19380,2003-05-08 00:00:00,2016-09-13 00:00:00,Securitização de Recebíveis,PRIVADO,SEDE,SP
CANCELADA,07.710.591/0001-30,BRPR 55 SECURITZADORA CRED IMOB SA,SÃO PAULO,4.578e+06,19941,2006-01-26 00:00:00,2019-04-08 00:00:00,Securitização de Recebíveis,PRIVADO,SEDE,SP
CANCELADA,06.137.677/0001-52,BRPR 56 SECURITZADORA CRED IMOB SA,SÃO PAULO,4.578e+06,19984,2006-02-22 00:00:00,2021-04-13 00:00:00,Securitização de Recebíveis,PRIVADO HOLDING,SEDE,SP
ATIVO,36.542.025/0001-64,BRQ SOLUÇÕES EM INFORMÁTICA S.A.,BARUERI,6.45404e+06,23817,2016-01-11 00:00:00,2016-01-11 00:00:00,Comunicação e Informática,PRIVADO,SEDE,SP
ATIVO,36.542.025/0001-64,BRQ SOLUÇÕES EM INFORMÁTICA S.A.,BARUERI,6.45404e+06,23817,2016-01-11 00:00:00,2016-01-11 00:00:00,Comunicação e Informática,PRIVADO,SEDE,SP
CANCELADA,09.462.890/0001-28,BRT HOLDING 1 SA,SÃO PAULO,4.551e+06,21580,2008-07-31 00:00:00,2014-12-17 00:00:00,Emp. Adm. Part. - Telecomunicações,PRIVADO HOLDING,SEDE,SP
CANCELADA,52.082.872/0001-40,BRUMADINHO SA MIN E METAIS,SÃO PAULO,4.794e+06,12971,1986-08-15 00:00:00,2005-08-09 00:00:00,Extração Mineral,PRIVADO,SEDE,SP
ATIVO,04.065.053/0001-41,BRZ EMPREENDIMENTOS E CONSTRUÇÕES S.A.,CAMPINAS,1.3024e+07,27391,2023-12-27 00:00:00,2023-12-27 00:00:00,"Construção Civil, Mat. Constr. e Decoração",PRIVADO,SEDE,SP
CANCELADA,03.468.802/0001-19,BRZ INVESTIMENTOS S/A,SÃO PAULO,4.542e+06,21415,2008-03-27 00:00:00,2011-07-20 00:00:00,Emp. Adm. Part.-Bolsas de Valores/Mercadorias e Futuros,ESTRANGEIRO HOLDING,SEDE,SP
CANCELADA,60.736.279/0001-06,BS CONTINENTAL SA ULTL DOMEST,SÃO PAULO,3.1239e+06,6327,1983-03-28 00:00:00,1999-03-25 00:00:00,"Máquinas, Equipamentos, Veículos e Peças",ESTRANGEIRO,SEDE,SP
CANCELADA,10.603.674/0001-34,BS&C EMPREENDIMENTOS E PARTICIPAÇÕES S.A.,SÃO PAULO,4.54701e+06,23779,2015-11-19 00:00:00,2016-06-14 00:00:00,Alimentos,PRIVADO HOLDING,SEDE,SP
CANCELADA,03.820.456/0001-96,BSB ENERGÉTICA S.A.,BELO HORIZONTE,3.03803e+07,26883,2022-07-13 00:00:00,2026-03-12 00:00:00,Emp. Adm. Part. - Energia Elétrica,PRIVADO HOLDING,SEDE,MG
CANCELADA,68.704.923/0001-68,BSE SA,SÃO PAULO,4.565e+06,18864,2001-01-31 00:00:00,2004-01-19 00:00:00,Telecomunicações,PRIVADO,SEDE,SP
CANCELADA,11.257.352/0001-43,BSI CAPITAL SECURITIZADORA S.A.,SÃO PAULO,4.794e+06,23132,2013-04-17 00:00:00,2023-12-08 00:00:00,Securitização de Recebíveis,PRIVADO,SEDE,SP
ATIVO,04.626.426/0001-06,BTG PACTUAL COMMODITIES SERTRADING S.A.,VITÓRIA,2.90569e+07,27774,2025-01-31 00:00:00,2025-01-31 00:00:00,Comércio (Atacado e Varejo),PRIVADO,SEDE,ES
CANCELADA,07.110.438/0001-71,BTG PACTUAL HOLDING PARTICIPAÇÕES S.A.,RIO DE JANEIRO,2.225e+07,19690,2005-04-14 00:00:00,2015-06-24 00:00:00,Securitização de Recebíveis,PRIVADO,SEDE,RJ
CANCELADA,59.281.253/0001-23,BTG PACTUAL SERVIÇOS FINANCEIROS S/A DTVM,RIO DE JANEIRO,2.225e+07,13897,1991-09-24 00:00:00,1999-04-28 00:00:00,Arrendamento Mercantil,PRIVADO,SEDE,RJ
CANCELADA,21.948.105/0001-47,BTGI QUARTZO PARTICIPAÇÕES S.A.,SÃO PAULO,1.416e+06,23850,2016-02-19 00:00:00,2024-11-04 00:00:00,Emp. Adm. Part. - Sem Setor Principal,PRIVADO HOLDING,SEDE,SP
CANCELADA,21.976.510/0001-79,BTGI SAFIRA PARTICIPAÇÕES S.A.,SÃO PAULO,1.416e+06,23841,2016-02-19 00:00:00,2024-11-04 00:00:00,Emp. Adm. Part. - Sem Setor Principal,PRIVADO HOLDING,SEDE,SP
CANCELADA,28.126.928/0001-36,BUAIZ SA INDUSTRIA E COMERCIO,VITÓRIA,2.902e+07,2020,1977-07-20 00:00:00,1991-04-05 00:00:00,Alimentos,PRIVADO,SEDE,ES
CANCELADA,86.047.198/0001-84,BUDDEMEYER S/A,SÃO BENTO DO SUL,8.92809e+07,19801,2005-10-05 00:00:00,2011-04-29 00:00:00,Têxtil e Vestuário,PRIVADO,SEDE,SC
CANCELADA,82.981.812/0001-20,BUETTNER SA IND E COMÉRCIO,BRUSQUE,8.83554e+07,2038,1969-02-27 00:00:00,2018-05-30 00:00:00,Têxtil e Vestuário,PRIVADO,SEDE,SC
CANCELADA,02.109.419/0001-01,BULHOES CARVALHO F NOTES SA,RIO DE JANEIRO,2.004e+07,16845,1998-02-02 00:00:00,2000-12-20 00:00:00,Serviços Diversos,PRIVADO,SEDE,RJ
CANCELADA,84.046.101/0001-93,BUNGE ALIMENTOS SA,GASPAR,8.911e+07,2593,1977-07-20 00:00:00,2002-10-08 00:00:00,Alimentos,PRIVADO,SEDE,SC
CANCELADA,61.074.092/0001-49,BUNGE BRASIL SA,SÃO PAULO,5.8049e+06,10278,1977-07-20 00:00:00,2004-10-07 00:00:00,Alimentos,ESTRANGEIRO HOLDING,SEDE,SP
CANCELADA,61.082.822/0001-53,BUNGE FERTILIZANTES SA,SÃO PAULO,5.8049e+06,8370,1968-10-07 00:00:00,2002-10-08 00:00:00,Petroquímicos e Borracha,PRIVADO,SEDE,SP
CANCELADA,84.684.471/0001-56,BUSCHLE & LEPPER SA,JOINVILLE,8.92e+07,2046,1943-12-01 00:00:00,1990-03-29 00:00:00,Petroquímicos e Borracha,PRIVADO,SEDE,SC
CANCELADA,01.858.774/0001-10,BV LEASING - ARRENDAMENTO MERCANTIL S/A,SÃO PAULO,4.797e+06,20133,2006-06-23 00:00:00,2020-06-04 00:00:00,Arrendamento Mercantil,PRIVADO,SEDE,SP
CANCELADA,04.794.781/0001-94,BVA EMPREENDIMENTOS SA,RIO DE JANEIRO,2.00319e+07,19488,2003-12-17 00:00:00,2006-08-15 00:00:00,"Emp. Adm. Part. - Máqs., Equip., Veíc. e Peças",ESTRANGEIRO HOLDING,SEDE,RJ
CANCELADA,00.019.388/0001-72,BWU VIDEO SA,SÃO PAULO,4.552e+06,15440,1996-03-11 00:00:00,2001-02-20 00:00:00,Serviços Diversos,PRIVADO,SEDE,SP
ATIVO,45.242.914/0001-05,C&A MODAS S.A.,BARUERI,6.455e+06,24848,2019-10-24 00:00:00,2019-10-24 00:00:00,Têxtil e Vestuário,PRIVADO,SEDE,SP
CANCELADA,58.798.612/0001-51,C. P. E. PENINSULA DO TUCURUÇUTUBA,SÃO PAULO,4.532e+06,16837,1998-01-29 00:00:00,2006-10-11 00:00:00,Emp. Adm. Part. - Hospedagem e Turismo,PRIVADO,SEDE,SP
ATIVO,04.030.182/0001-02,CABINDA PARTICIPAÇÕES SA,SÃO PAULO,1.405e+06,19119,2001-10-29 00:00:00,2001-10-29 00:00:00,Emp. Adm. Part. - Sem Setor Principal,PRIVADO HOLDING,SEDE,SP
ATIVO,05.336.882/0001-84,CACHOEIRA PAULISTA TRANSMISSORA DE ENERGIA SA,RIO DE JANEIRO,2.00213e+07,22683,2011-12-19 00:00:00,2011-12-19 00:00:00,Energia Elétrica,PRIVADO HOLDING,SEDE,RJ
CANCELADA,20.933.354/0001-04,CACHOEIRA VELONORTE,CACHOEIRA DA PRATA,3.5765e+07,4111,1969-08-22 00:00:00,2016-07-08 00:00:00,Têxtil e Vestuário,PRIVADO,SEDE,MG
ATIVO,04.031.213/0001-31,CACONDE PARTICIPAÇÕES SA,SÃO PAULO,1.405e+06,19135,2001-10-29 00:00:00,2001-10-29 00:00:00,Emp. Adm. Part. - Sem Setor Principal,PRIVADO HOLDING,SEDE,SP
CANCELADA,31.865.728/0001-00,CAEMI MINERAÇÃO E METALURGIA S.A.,RIO DE JANEIRO,2.225e+07,13552,1989-10-04 00:00:00,2006-07-18 00:00:00,Emp. Adm. Part. - Metalurgia e Siderurgia,PRIVADO,SEDE,RJ
CANCELADA,84.584.481/0001-10,CAETANO BRANCO SA,JOAÇABA,8.9604e+07,2054,1975-07-24 00:00:00,1994-07-20 00:00:00,Emp. Adm. Participações,PRIVADO,SEDE,SC
CANCELADA,25.869.736/0001-21,CAFE SOLUVEL BRASILIA SA,RIO DE JANEIRO,2.02201e+07,2062,1977-07-20 00:00:00,2014-12-18 00:00:00,Alimentos,PRIVADO,SEDE,RJ
ATIVO,04.038.763/0001-82,CAIANDA PARTICIPAÇÕES SA,SÃO PAULO,1.405e+06,19097,2001-10-29 00:00:00,2001-10-29 00:00:00,Emp. Adm. Part. - Sem Setor Principal,PRIVADO HOLDING,SEDE,SP
CANCELADA,04.031.882/0001-03,CAICOS PARTICIPAÇÕES SA,SÃO PAULO,4.5389e+06,19127,2001-10-29 00:00:00,2005-01-27 00:00:00,Emp. Adm. Participações,PRIVADO HOLDING,SEDE,SP
ATIVO,00.979.969/0001-56,CAIXA ADM DIV PUB ESTADUAL SA,PORTO ALEGRE,9.00301e+07,15717,1996-09-04 00:00:00,1996-09-04 00:00:00,Intermediação Financeira,ESTATAL,SEDE,RS
CANCELADA,34.020.354/0001-10,CAIXA SEGURADORA SA,BRASÍLIA,7.07119e+07,15687,1996-08-19 00:00:00,2011-04-11 00:00:00,Seguradoras e Corretoras,ESTRANGEIRO HOLDING,SEDE,DF
ATIVO,22.543.331/0001-00,CAIXA SEGURIDADE PARTICIPAÇÕES S.A.,BRASÍLIA,7.0701e+07,23795,2015-12-17 00:00:00,2015-12-17 00:00:00,Emp. Adm. Part. - Seguradoras e Corretoras,ESTATAL,SEDE,DF
CANCELADA,07.340.946/0001-46,CAJU INDUSTRIAL SA CISA,PACAJUS,6.287e+07,2070,1973-10-11 00:00:00,2006-03-21 00:00:00,"Agricultura (Açúcar, Álcool e Cana)",PRIVADO,SEDE,CE
CANCELADA,06.565.410/0001-66,CAJUNORTE DO BRASIL SA,TERESINA,6.40012e+07,2089,1977-07-20 00:00:00,2004-01-06 00:00:00,"Agricultura (Açúcar, Álcool e Cana)",PRIVADO,SEDE,PI
CANCELADA,98.408.073/0001-11,CALÇADOS AZALÉIA SA,PAROBÉ,9.563e+07,19003,2001-07-19 00:00:00,2008-10-14 00:00:00,Têxtil e Vestuário,PRIVADO,SEDE,RS
CANCELADA,02.992.453/0001-77,CALIBRE PARTICIPAÇÕES S/A,SÃO PAULO,1.3103e+06,18325,1999-06-21 00:00:00,2003-10-09 00:00:00,Emp. Adm. Participações,ESTRANGEIRO HOLDING,SEDE,SP
CANCELADA,67.203.208/0001-89,CAMARGO CORREA DESENVOLVIMENTO  IMOBILIARIO SA,SÃO PAULO,4.7951e+06,20486,2007-01-29 00:00:00,2012-10-19 00:00:00,"Construção Civil, Mat. Constr. e Decoração",PRIVADO,SEDE,SP
ATIVO,61.088.894/0001-08,CAMBUCI SA,SÃO ROQUE,1.81304e+07,2100,1985-01-05 00:00:00,1985-01-05 00:00:00,Têxtil e Vestuário,PRIVADO,SEDE,SP
ATIVO,64.904.295/0001-03,CAMIL ALIMENTOS S/A,SÃO PAULO,5.4026e+06,24228,2017-09-26 00:00:00,2017-09-26 00:00:00,Alimentos,PRIVADO HOLDING,SEDE,SP
ATIVO,47.815.827/0001-17,CAMINHOS DA SERRA GAUCHA S/A,FARROUPILHA,9.51704e+07,27871,2025-08-04 00:00:00,2025-08-04 00:00:00,Serviços Transporte e Logística,PRIVADO,SEDE,RS
CANCELADA,08.823.932/0001-46,CAMPINENSE INDUSTRIAS GERAIS SA,CAMPINA GRANDE,5.81076e+07,4880,1977-11-24 00:00:00,2006-03-21 00:00:00,Têxtil e Vestuário,PRIVADO,SEDE,PB
CANCELADA,01.533.298/0001-68,CANADENSE SA INDUSTRIA E PNEUS AGRICOLA,GOIÂNIA,7.41101e+07,2119,1977-07-20 00:00:00,2005-03-22 00:00:00,"Máquinas, Equipamentos, Veículos e Peças",PRIVADO,SEDE,GO
CANCELADA,41.811.375/0001-19,CANAL COMPANHIA DE SECURITIZAÇÃO,SÃO PAULO,1.01491e+06,26212,2021-09-28 00:00:00,2022-06-01 00:00:00,Securitização de Recebíveis,PRIVADO,SEDE,SP
ATIVO,41.096.674/0001-19,CANTU STORE S.A.,SÃO PAULO,4.547e+06,26646,2022-03-17 00:00:00,2022-03-17 00:00:00,Emp. Adm. Part. - Comércio (Atacado e Varejo),PRIVADO,SEDE,SP
CANCELADA,15.229.110/0001-05,CAPITALE SECURITIZADORA DE CREDITO S.A.,CURITIBA,8.024e+07,23353,2014-03-07 00:00:00,2022-06-30 00:00:00,Securitização de Recebíveis,PRIVADO,SEDE,PR
ATIVO,02.591.787/0001-39,CAPITALPART PARTICIPAÇÕES SA,SÃO PAULO,1.452e+06,17493,1998-07-09 00:00:00,2021-11-11 00:00:00,Emp. Adm. Part. - Telecomunicações,PRIVADO HOLDING,SEDE,SP
CANCELADA,08.642.503/0001-72,CAPRI PARTICIPAÇÕES SA,RIO DE JANEIRO,2.00309e+07,21296,2008-01-15 00:00:00,2009-03-30 00:00:00,Emp. Adm. Part. - Sem Setor Principal,PRIVADO HOLDING,SEDE,RJ
CANCELADA,15.224.488/0001-08,CARAIBA METAIS SA,DIAS D'ÁVILA,4.285e+07,13722,1990-12-12 00:00:00,2009-11-13 00:00:00,Metalurgia e Siderurgia,PRIVADO,SEDE,BA
CANCELADA,79.119.939/0001-20,CARAMURU ALIMENTOS DE MILHO SA,APUCARANA,8.68e+07,2127,1982-07-16 00:00:00,1986-03-26 00:00:00,Alimentos,PRIVADO,SEDE,PR
ATIVO,00.080.671/0001-00,CARAMURU ALIMENTOS S.A.,ITUMBIARA,7.55209e+07,26190,2021-09-15 00:00:00,2025-10-09 00:00:00,Alimentos,PRIVADO,SEDE,GO
ATIVO,07.253.321/0001-47,CARBOMIL SA MINER. E INDUSTRIA,FORTALEZA,6.01761e+07,14168,1993-07-27 00:00:00,1993-07-27 00:00:00,Extração Mineral,PRIVADO,SEDE,CE
CANCELADA,25.633.934/0001-91,CARFEPE SA - ADMINISTRADORA E PARTICIPADORA,UBERLÂNDIA,3.84131e+07,2135,1977-07-20 00:00:00,2010-01-04 00:00:00,Emp. Adm. Part. - Sem Setor Principal,PRIVADO HOLDING,SEDE,MG
CANCELADA,61.156.501/0001-56,CARGILL FERTILIZANTES SA,SÃO PAULO,4.703e+06,10863,1979-03-29 00:00:00,2003-08-20 00:00:00,Petroquímicos e Borracha,ESTRANGEIRO,SEDE,SP
CANCELADA,07.573.058/0001-73,CARIRI INDUSTRIAL DE OLEOS SA,JUAZEIRO DO NORTE,6.318e+07,2143,1977-07-20 00:00:00,2010-05-07 00:00:00,Alimentos,PRIVADO,SEDE,CE
CANCELADA,61.565.511/0001-45,CASA ANGLO BRASILEIRA S/A,SÃO PAULO,1.037e+06,2178,1977-07-20 00:00:00,2005-08-09 00:00:00,Comércio (Atacado e Varejo),PRIVADO,SEDE,SP
CANCELADA,31.468.139/0001-98,CASA DE PEDRA SECURITIZADORA DE CRÉDITO S.A.,SÃO PAULO,1.45101e+06,24643,2019-02-13 00:00:00,2022-06-01 00:00:00,Securitização de Recebíveis,PRIVADO,SEDE,SP
CANCELADA,33.024.860/0001-14,CASA JOSE SILVA CONFECCOES SA,RIO DE JANEIRO,2.09112e+07,2194,1977-07-20 00:00:00,1998-12-30 00:00:00,Comércio (Atacado e Varejo),PRIVADO,SEDE,RJ
CANCELADA,92.795.673/0001-01,CASA MASSON SA COM E INDUSTRIA,PORTO ALEGRE,9.002e+07,2208,1977-07-20 00:00:00,2005-03-22 00:00:00,Comércio (Atacado e Varejo),PRIVADO,SEDE,RS
CANCELADA,33.256.918/0001-55,CASAS DA BANHA COMERCIO E INDUSTRIA SA,RIO DE JANEIRO,2.10402e+07,2216,1977-07-20 00:00:00,2005-12-20 00:00:00,Comércio (Atacado e Varejo),PRIVADO,SEDE,RJ
CANCELADA,02.036.214/0001-43,CASCAIS PARTICIPACOES SA,RIO DE JANEIRO,2.00579e+07,16543,1997-10-21 00:00:00,1999-12-13 00:00:00,Emp. Adm. Participações,PRIVADO,SEDE,RJ
CANCELADA,07.092.232/0001-66,CASCAJU AGROINDUSTRIAL SA,FORTALEZA,6.0135e+07,13226,1981-12-23 00:00:00,1988-09-28 00:00:00,"Agricultura (Açúcar, Álcool e Cana)",PRIVADO,SEDE,CE
CANCELADA,07.138.860/0001-35,CAUCAIA INDUSTRIAL SA CAISA,CAUCAIA,6.16e+07,2259,1977-07-20 00:00:00,1997-02-17 00:00:00,Alimentos,PRIVADO,SEDE,CE
CANCELADA,00.027.742/0001-00,CBCC PARTICIPAÇÕES SA,RIO DE JANEIRO,2.0091e+07,17728,1998-08-24 00:00:00,2010-11-16 00:00:00,Emp. Adm. Part. - Sem Setor Principal,PRIVADO,SEDE,RJ
CANCELADA,33.053.729/0001-85,CBEI CIA BRASILEIRA ENGENHARIA E INDUSTRIA,RIO DE JANEIRO,2.0091e+07,2275,1977-07-20 00:00:00,2005-08-09 00:00:00,"Construção Civil, Mat. Constr. e Decoração",PRIVADO,SEDE,RJ
CANCELADA,60.402.153/0001-97,CBH CIA BRAS HABITACAO,SÃO PAULO,1.014e+06,2283,1983-07-22 00:00:00,1985-03-04 00:00:00,"Construção Civil, Mat. Constr. e Decoração",PRIVADO,SEDE,SP
ATIVO,14.882.295/0001-81,CBO HOLDING S.A.,NITERÓI,2.41102e+07,23620,2015-06-11 00:00:00,2015-06-11 00:00:00,Emp. Adm. Part. - Petróleo e Gás,PRIVADO,SEDE,RJ
CANCELADA,15.234.115/0001-18,CBV EQUIPAMENTOS INDS SA,SIMÕES FILHO,4.37e+07,2313,1977-10-20 00:00:00,1987-12-04 00:00:00,"Máquinas, Equipamentos, Veículos e Peças",PRIVADO,SEDE,BA
CANCELADA,33.051.186/0001-67,CBV INDUSTRIA MECANICA SA,RIO DE JANEIRO,2.15389e+07,2305,1971-07-07 00:00:00,1999-05-13 00:00:00,"Máquinas, Equipamentos, Veículos e Peças",PRIVADO,SEDE,RJ
CANCELADA,15.213.143/0001-59,CBV NORDESTE IND MECANICA SA,SIMÕES FILHO,4.37e+07,2321,1976-11-29 00:00:00,1994-08-15 00:00:00,"Máquinas, Equipamentos, Veículos e Peças",PRIVADO,SEDE,BA
CANCELADA,69.720.910/0001-45,CCB BRASIL ARRENDAMENTO MERCANTIL S/A,SÃO PAULO,4.53813e+06,15121,1995-11-16 00:00:00,2021-08-17 00:00:00,Arrendamento Mercantil,PRIVADO,SEDE,SP
CANCELADA,15.109.739/0001-03,CCC CIA DE CARBONOS COLOIDAIS,HORIZONTE,6.288e+07,2330,1979-02-02 00:00:00,2005-12-20 00:00:00,Petroquímicos e Borracha,PRIVADO,SEDE,CE
CANCELADA,61.345.096/0001-14,CCE IND COM,SÃO PAULO,2.501e+06,2348,1981-03-19 00:00:00,1986-03-12 00:00:00,"Máquinas, Equipamentos, Veículos e Peças",PRIVADO,SEDE,SP
CANCELADA,07.950.674/0001-04,CCX CARVÃO DA COLOMBIA S.A. - EM LIQUIDAÇÃO,RIO DE JANEIRO,2.22909e+07,20184,2006-07-19 00:00:00,2024-09-24 00:00:00,Emp. Adm. Part. - Extração Mineral,PRIVADO HOLDING,SEDE,RJ
CANCELADA,62.463.005/0001-08,CEAGESP CIA ENTR ARM GERAIS SP,SÃO PAULO,5.3169e+06,2356,1981-12-29 00:00:00,1996-03-27 00:00:00,Serviços Transporte e Logística,ESTATAL,SEDE,SP
CANCELADA,07.174.006/0001-24,CECASA,BARBALHA,6.318e+07,2496,1962-09-26 00:00:00,2006-03-21 00:00:00,Extração Mineral,PRIVADO,SEDE,CE
CANCELADA,79.655.916/0001-30,CECRISA REVESTIMENTOS CERAMICOS SA,CRICIÚMA,8.88139e+07,15610,1996-06-21 00:00:00,2012-03-13 00:00:00,"Construção Civil, Mat. Constr. e Decoração",PRIVADO,SEDE,SC
CANCELADA,17.158.536/0001-32,CEESA-CONST.ESTRADAS ESTR. SA,BELO HORIZONTE,3.12551e+07,14290,1994-01-07 00:00:00,1995-01-11 00:00:00,"Construção Civil, Mat. Constr. e Decoração",PRIVADO,SEDE,MG
ATIVO,02.201.787/0001-85,CEL PARTICIPAÇÕES S.A. - CELPAR,RIO DE JANEIRO,2.24612e+07,16675,1997-12-01 00:00:00,1997-12-01 00:00:00,Emp. Adm. Part. - Educação,PRIVADO,SEDE,RJ
ATIVO,31.001.230/0001-07,CELEO REDES TRANSMISSÃO DE ENERGIA S.A.,RIO DE JANEIRO,2.00213e+07,24597,2018-12-12 00:00:00,2018-12-12 00:00:00,Emp. Adm. Part. - Energia Elétrica,PRIVADO,SEDE,RJ
CANCELADA,61.135.711/0001-68,CELITE SA IND E COMERCIO,SÃO PAULO,1.431e+06,2399,1982-01-22 00:00:00,1999-06-29 00:00:00,Extração Mineral,PRIVADO,SEDE,SP
CANCELADA,61.086.823/0001-76,CELM CIA EQUIP LABS MODERNOS,BARUERI,6.45407e+06,2402,1972-04-05 00:00:00,2011-01-04 00:00:00,"Máquinas, Equipamentos, Veículos e Peças",PRIVADO,SEDE,SP
CANCELADA,03.010.016/0001-73,CELULAR CRT PARTICIPAÇÕES S.A.,PORTO ALEGRE,9.00401e+07,18210,1999-05-04 00:00:00,2006-02-22 00:00:00,Emp. Adm. Part. - Telecomunicações,PRIVADO HOLDING,SEDE,RS
CANCELADA,07.844.087/0001-22,CEMAG SA,FORTALEZA,6.03402e+07,13013,1986-09-16 00:00:00,2010-01-04 00:00:00,"Máquinas, Equipamentos, Veículos e Peças",PRIVADO,SEDE,CE
ATIVO,93.828.986/0001-73,CEMEPE INVESTIMENTOS SA,RIO DE JANEIRO,2.00601e+07,13854,1991-06-28 00:00:00,1991-06-28 00:00:00,Emp. Adm. Part. - Sem Setor Principal,PRIVADO HOLDING,SEDE,RJ
ATIVO,06.981.180/0001-16,CEMIG DISTRIBUIÇÃO S/A,BELO HORIZONTE,3.01901e+07,20303,2006-09-25 00:00:00,2006-09-25 00:00:00,Energia Elétrica,ESTATAL,SEDE,MG
ATIVO,06.981.176/0001-58,CEMIG GERAÇÃO E TRANSMISSÃO S/A,BELO HORIZONTE,3.11909e+07,20320,2006-10-10 00:00:00,2006-10-10 00:00:00,Energia Elétrica,ESTATAL,SEDE,MG
CANCELADA,02.983.428/0001-27,CEMIG TELECOMUNICAÇÕES S/A,BELO HORIZONTE,3.01401e+07,18716,2000-07-31 00:00:00,2018-03-31 00:00:00,Telecomunicações,ESTATAL,SEDE,MG
CANCELADA,39.346.861/0350-38,CENCOSUD BRASIL COMERCIAL S.A.,SÃO PAULO,4.578e+06,26530,2021-12-22 00:00:00,2025-01-16 00:00:00,Comércio (Atacado e Varejo),ESTRANGEIRO,SEDE,SP
CANCELADA,07.949.970/0001-87,CENTENNIAL ASSET PART. MINAS-RIO S/A,RIO DE JANEIRO,2.2631e+07,20176,2006-07-19 00:00:00,2013-11-11 00:00:00,Emp. Adm. Part. - Extração Mineral,PRIVADO HOLDING,SEDE,RJ
CANCELADA,08.835.366/0001-92,CENTENNIAL ASSET PARTICIPAÇÕES AÇU SA,RIO DE JANEIRO,2.00311e+07,21245,2007-12-11 00:00:00,2014-03-24 00:00:00,Emp. Adm. Part. - Serviços Transporte e Logística,PRIVADO,SEDE,RJ
CANCELADA,01.672.223/0001-68,CENTRAIS ELÉTRICAS CACHOEIRA DOURADA S/A,GOIÂNIA,7.4115e+07,16322,1997-07-11 00:00:00,2001-09-17 00:00:00,Energia Elétrica,ESTRANGEIRO HOLDING,SEDE,GO
ATIVO,83.878.892/0001-55,CENTRAIS ELETRICAS DE SANTA CATARINA S.A,FLORIANÓPOLIS,8.80349e+07,2461,1973-03-26 00:00:00,1973-03-26 00:00:00,Energia Elétrica,ESTATAL,SEDE,SC
CANCELADA,09.866.294/0001-03,CENTRO HOSPITALAR  ALBERT SABIN SA,RECIFE,5.00705e+07,15318,1996-01-08 00:00:00,2010-01-04 00:00:00,Serviços Médicos,PRIVADO,SEDE,PE
CANCELADA,02.191.115/0001-36,CENTRO SECULO XXI SA,CURITIBA,8.00109e+07,16640,1997-11-20 00:00:00,2002-12-16 00:00:00,"Construção Civil, Mat. Constr. e Decoração",PRIVADO,SEDE,PR
CANCELADA,02.555.926/0001-79,CENTROVIAS-SISTEMAS RODOVIARIOS S/A,ITIRAPINA,1.353e+07,21857,2009-11-27 00:00:00,2019-12-23 00:00:00,Serviços Transporte e Logística,PRIVADO HOLDING,SEDE,SP
CANCELADA,61.708.426/0001-99,CEPEBE SA,SÃO PAULO,4.795e+06,2470,1970-09-24 00:00:00,1987-07-06 00:00:00,"Máquinas, Equipamentos, Veículos e Peças",PRIVADO,SEDE,SP
CANCELADA,52.736.840/0001-10,CERAMICA CHIARELLI SA - EM RECUPERAÇÃO JUDICIAL,MOGI GUAÇU,1.384e+07,2488,1973-04-03 00:00:00,2016-11-30 00:00:00,"Construção Civil, Mat. Constr. e Decoração",PRIVADO,SEDE,SP
CANCELADA,55.186.423/0001-30,CERAMICA PORTO FERREIRA SA,PORTO FERREIRA,1.366e+06,2500,1973-05-23 00:00:00,1995-10-06 00:00:00,Extração Mineral,PRIVADO,SEDE,SP
CANCELADA,13.034.863/0001-21,CERAMICA SANTA MARCIA SA,ARACAJU,4.90402e+07,2518,1973-12-07 00:00:00,1987-12-10 00:00:00,Extração Mineral,PRIVADO,SEDE,SE
CANCELADA,10.791.218/0001-65,CERAMICA SANTO ANTONIO SA,RECIFE,5e+07,2526,1971-12-27 00:00:00,1987-10-16 00:00:00,Extração Mineral,PRIVADO,SEDE,PE
CANCELADA,52.736.790/0001-71,CERAMICA SAO JOSE GUACU,MOGI GUAÇU,1.384e+07,2542,1974-10-29 00:00:00,1988-09-12 00:00:00,Extração Mineral,PRIVADO,SEDE,SP
CANCELADA,41.534.746/0001-62,CERES SECURITIZADORA S.A.,UBERABA,3.8045e+07,26220,2021-09-29 00:00:00,2022-06-01 00:00:00,Securitização de Recebíveis,PRIVADO,SEDE,MG
ATIVO,08.322.396/0001-03,CERRADINHO BIOENERGIA S.A.,CHAPADÃO DO CÉU,7.5828e+07,26522,2021-12-21 00:00:00,2021-12-21 00:00:00,"Agricultura (Açúcar, Álcool e Cana)",PRIVADO,SEDE,GO
ATIVO,60.933.603/0001-78,CESP - COMPANHIA ENERGÉTICA DE SÃO PAULO,SÃO PAULO,5.42507e+06,2577,1971-09-27 00:00:00,1971-09-27 00:00:00,Energia Elétrica,PRIVADO,SEDE,SP
ATIVO,60.933.603/0001-78,CESP - COMPANHIA ENERGÉTICA DE SÃO PAULO,SÃO PAULO,5.42507e+06,2577,1971-09-27 00:00:00,1971-09-27 00:00:00,Energia Elétrica,PRIVADO,SEDE,SP
CANCELADA,61.550.497/0001-06,CETENCO ENGENHARIA SA,SÃO PAULO,1.319e+06,2585,1977-07-20 00:00:00,2002-11-22 00:00:00,"Construção Civil, Mat. Constr. e Decoração",PRIVADO,SEDE,SP
CANCELADA,00.956.274/0001-59,CETERP-CENT TELEF RIB PRETO SA,RIBEIRÃO PRETO,1.4015e+07,15288,1995-12-21 00:00:00,2000-10-24 00:00:00,Telecomunicações,PRIVADO,SEDE,SP
CANCELADA,09.358.105/0001-91,CETIP S.A. - MERCADOS ORGANIZADOS,RIO DE JANEIRO,2.00319e+07,21792,2009-10-26 00:00:00,2017-07-03 00:00:00,Intermediação Financeira,PRIVADO,SEDE,RJ
CANCELADA,09.358.105/0001-91,CETIP S.A. - MERCADOS ORGANIZADOS,RIO DE JANEIRO,2.00319e+07,21792,2009-10-26 00:00:00,2017-07-03 00:00:00,Intermediação Financeira,PRIVADO,SEDE,RJ
CANCELADA,02.189.227/0001-52,CEVAL PARTICIPAÇOES SA,GASPAR,8.911e+07,16829,1998-01-29 00:00:00,1999-10-15 00:00:00,Outras Atividades Industriais,PRIVADO,SEDE,SC
CANCELADA,60.586.948/0001-00,CEVEKOL SA IND COM PROD QUIM,SÃO PAULO,1.014e+06,2607,1982-10-21 00:00:00,2005-03-22 00:00:00,Petroquímicos e Borracha,PRIVADO,SEDE,SP
CANCELADA,82.949.371/0001-89,CHAPECO CIA INDL DE ALIMENTOS,CHAPECÓ,8.98029e+07,12637,1986-04-04 00:00:00,1994-06-03 00:00:00,Alimentos,PRIVADO,SEDE,SC
CANCELADA,77.404.937/0001-57,CHAPECO PARANA SA IND E COM,FRANCISCO BELTRÃO,8.56e+07,2615,1983-10-04 00:00:00,1988-08-16 00:00:00,Alimentos,PRIVADO,SEDE,PR
CANCELADA,43.817.154/0001-83,CHASE MANHATTAN LEASING SA A M,SÃO PAULO,4.719e+06,8419,1983-06-17 00:00:00,2000-07-07 00:00:00,Arrendamento Mercantil,ESTRANGEIRO,SEDE,SP
CANCELADA,03.391.520/0001-60,CHEMICAL TRUST S/A,RIO DE JANEIRO,2.26401e+07,18767,2000-09-08 00:00:00,2005-01-07 00:00:00,Emp. Adm. Participações,ESTRANGEIRO,SEDE,RJ
ATIVO,19.014.221/0001-47,CHINA THREE GORGES BRASIL ENERGIA S.A.,SÃO PAULO,4.55106e+06,27103,2023-02-23 00:00:00,2023-02-23 00:00:00,Energia Elétrica,PRIVADO,SEDE,SP
CANCELADA,02.194.017/0001-52,CIA AGRO INDL DE GOIAS CAGIGO,BELO HORIZONTE,3.012e+07,2674,1969-06-10 00:00:00,1991-09-04 00:00:00,Alimentos,PRIVADO,SEDE,MG
CANCELADA,06.276.703/0001-23,CIA AGRO PECUARIA SANTA INES,SANTA INÊS,6.53e+07,2690,1982-10-07 00:00:00,1986-07-09 00:00:00,"Agricultura (Açúcar, Álcool e Cana)",PRIVADO,SEDE,MA
CANCELADA,07.292.675/0001-09,CIA ALGIMAR INDUSTRIA QUIMICA ALGINATOS,NATAL,5.9e+07,2704,1977-07-20 00:00:00,2006-03-21 00:00:00,Alimentos,PRIVADO,SEDE,RN
CANCELADA,04.564.696/0001-30,CIA AMAZONENSE SAPONIFICACAO,MANAUS,6.95311e+07,2712,1976-09-23 00:00:00,2005-12-20 00:00:00,Petroquímicos e Borracha,PRIVADO,SEDE,AM
CANCELADA,33.615.956/0001-57,CIA AMERICA FABRIL,MAGÉ,2.59e+07,2747,1970-01-12 00:00:00,2004-09-21 00:00:00,Têxtil e Vestuário,ESTATAL,SEDE,RJ
CANCELADA,33.074.691/0001-27,CIA AMERICA SUL CFI,SÃO PAULO,1.006e+06,2739,1977-07-20 00:00:00,1989-05-19 00:00:00,Bancos,PRIVADO,SEDE,SP
CANCELADA,33.490.095/0001-28,CIA AUXILIAR EMP MIN CAEMI,RIO DE JANEIRO,2.2259e+07,2780,1981-11-25 00:00:00,1991-05-06 00:00:00,Emp. Adm. Participações,PRIVADO,SEDE,RJ
CANCELADA,58.128.174/0001-14,CIA BANDEIRANTES ARMS GERAIS,SÃO PAULO,4.22e+06,2810,1977-07-20 00:00:00,2011-05-20 00:00:00,Serviços Transporte e Logística,PRIVADO,SEDE,SP
CANCELADA,17.167.362/0001-74,CIA BANDEIRANTES CFI,SÃO PAULO,1.0149e+06,2801,1977-07-20 00:00:00,1997-07-21 00:00:00,Bancos,PRIVADO,SEDE,SP
CANCELADA,42.584.128/0001-90,CIA BANGU DESENVOLVIMENTO PARTICIPAÇÕES,RIO DE JANEIRO,2.182e+07,2828,1977-07-20 00:00:00,2005-12-20 00:00:00,Emp. Adm. Part. - Têxtil e Vestuário,PRIVADO,SEDE,RJ
CANCELADA,42.113.662/0001-18,CIA BOZANO SIMONSEN COM IND,RIO DE JANEIRO,2.0057e+07,2836,1977-07-20 00:00:00,1992-04-22 00:00:00,Emp. Adm. Participações,PRIVADO,SEDE,RJ
CANCELADA,33.316.100/0001-80,CIA BRAS MATERIAIS COBRACO,SÃO PAULO,1.213e+06,2852,1968-11-11 00:00:00,1987-05-29 00:00:00,"Construção Civil, Mat. Constr. e Decoração",PRIVADO,SEDE,SP
CANCELADA,61.079.315/0001-60,CIA BRAS PLASTICOS MONSANTO,SÃO PAULO,5.424e+06,2879,1971-11-18 00:00:00,1985-10-16 00:00:00,Petroquímicos e Borracha,ESTRANGEIRO,SEDE,SP
CANCELADA,61.156.410/0001-10,CIA BRAS PROJETOS OBRAS CBPO,OSASCO,6.29e+06,2887,1982-08-23 00:00:00,1993-01-14 00:00:00,"Construção Civil, Mat. Constr. e Decoração",PRIVADO,SEDE,SP
CANCELADA,07.203.144/0001-94,CIA BRASILEIRA DE ESTRUTURAS METALICAS,FORTALEZA,6.03102e+07,2844,1982-11-04 00:00:00,2007-11-13 00:00:00,Metalurgia e Siderurgia,PRIVADO,SEDE,CE
CANCELADA,78.588.415/0001-15,CIA CACIQUE CAFE SOLUVEL,LONDRINA,8.60729e+07,2909,1977-07-20 00:00:00,2015-03-23 00:00:00,Alimentos,PRIVADO,SEDE,PR
ATIVO,82.508.433/0001-17,CIA CAT. DE ÁGUAS E SANEAMENTO - CASAN,FLORIANÓPOLIS,8.802e+07,16861,1998-02-06 00:00:00,1998-02-06 00:00:00,"Saneamento, Serv. Água e Gás",ESTATAL,SEDE,SC
CANCELADA,33.366.980/0001-08,CIA CERVEJARIA BRAHMA,SÃO PAULO,5.8049e+06,2917,1978-06-30 00:00:00,2000-11-08 00:00:00,Bebidas e Fumo,PRIVADO,SEDE,SP
CANCELADA,03.468.832/0001-25,CIA CERVEJARIA CUIABANA,CUIABÁ,7.80752e+07,2925,1967-01-04 00:00:00,1997-10-24 00:00:00,Bebidas e Fumo,PRIVADO,SEDE,MT
CANCELADA,09.934.407/0001-60,CIA CIMENTO ATOL,RECIFE,5.07415e+07,2976,1973-10-29 00:00:00,1995-11-27 00:00:00,Extração Mineral,PRIVADO,SEDE,PE
CANCELADA,60.869.302/0001-22,CIA CIMENTO IPANEMA,SÃO PAULO,1.046e+06,2992,1978-05-24 00:00:00,1991-02-06 00:00:00,Extração Mineral,ESTRANGEIRO,SEDE,SP
CANCELADA,89.724.017/0001-03,CIA CIMENTO PORTL GAUCHO,ESTEIO,9.327e+07,3000,1970-03-17 00:00:00,1993-04-12 00:00:00,Extração Mineral,PRIVADO,SEDE,RS
CANCELADA,33.160.318/0001-99,CIA CIMENTO PORTL PARAISO,SÃO PAULO,4.719e+06,3018,1970-01-07 00:00:00,1997-03-31 00:00:00,Extração Mineral,PRIVADO,SEDE,SP
CANCELADA,15.218.084/0001-01,CIA CIMENTO SALVADOR,SALVADOR,4e+07,3026,1972-11-21 00:00:00,1988-06-24 00:00:00,Extração Mineral,PRIVADO,SEDE,BA
CANCELADA,61.422.663/0001-99,CIA COMERCIAL BORBA CAMPO,SÃO PAULO,5.516e+06,2941,1969-09-10 00:00:00,2006-11-22 00:00:00,"Máquinas, Equipamentos, Veículos e Peças",PRIVADO,SEDE,SP
CANCELADA,82.636.887/0001-73,CIA COML SCHRADER,BLUMENAU,8.90152e+07,2950,1977-07-20 00:00:00,2000-09-28 00:00:00,"Máquinas, Equipamentos, Veículos e Peças",PRIVADO,SEDE,SC
CANCELADA,33.034.901/0001-53,CIA CONSTRUTORA PEDERNEIRAS,RIO DE JANEIRO,2.004e+07,12491,1985-10-31 00:00:00,2006-03-21 00:00:00,"Construção Civil, Mat. Constr. e Decoração",PRIVADO,SEDE,RJ
CANCELADA,09.123.654/0001-87,CIA DE AGUA E ESGOTO DA PARAIBA,JOÃO PESSOA,5.80156e+07,19968,2006-02-17 00:00:00,2011-06-24 00:00:00,"Saneamento, Serv. Água e Gás",ESTATAL,SEDE,PB
ATIVO,15.139.629/0001-94,CIA DE ELETRICIDADE DO ESTADO DA BAHIA - COELBA,SALVADOR,4.11819e+07,14524,1994-07-28 00:00:00,1994-07-28 00:00:00,Energia Elétrica,PRIVADO HOLDING,SEDE,BA
ATIVO,01.938.783/0001-11,CIA DE PARTICIPAÇÕES ALIANÇA DA BAHIA,SALVADOR,4.181e+07,18708,2000-07-26 00:00:00,2000-07-26 00:00:00,Emp. Adm. Part. - Sem Setor Principal,PRIVADO HOLDING,SEDE,BA
ATIVO,01.938.783/0001-11,CIA DE PARTICIPAÇÕES ALIANÇA DA BAHIA,SALVADOR,4.181e+07,18708,2000-07-26 00:00:00,2000-07-26 00:00:00,Emp. Adm. Part. - Sem Setor Principal,PRIVADO HOLDING,SEDE,BA
CANCELADA,04.652.792/0001-30,CIA DE RECUPERAÇÃO SECUNDÁRIA,MACAÉ,2.79134e+07,19240,2002-02-07 00:00:00,2012-06-28 00:00:00,Petróleo e Gás,PRIVADO,SEDE,RJ
CANCELADA,03.631.397/0001-08,CIA DES ARAGUAIA CODEARA,SÃO PAULO,1.029e+06,12025,1984-10-30 00:00:00,1992-05-18 00:00:00,"Agricultura (Açúcar, Álcool e Cana)",PRIVADO,SEDE,SP
CANCELADA,05.770.003/0001-28,CIA DESENVOLVIMENTO AGRO PECUARIA INDUSTRIAL MIN EST PA,PORTO ALEGRE,9.00301e+07,3034,1977-07-20 00:00:00,2005-08-09 00:00:00,"Agricultura (Açúcar, Álcool e Cana)",PRIVADO,SEDE,RS
CANCELADA,84.208.123/0001-02,CIA DOCAS DE IMBITUBA,IMBITUBA,8.878e+07,3174,1977-07-20 00:00:00,2017-11-28 00:00:00,Serviços Transporte e Logística,PRIVADO,SEDE,SC
ATIVO,07.047.251/0001-70,CIA ENERG CEARA - COELCE,FORTALEZA,6.0135e+07,14869,1995-06-13 00:00:00,1995-06-13 00:00:00,Energia Elétrica,PRIVADO,SEDE,CE
ATIVO,17.155.730/0001-64,CIA ENERG MINAS GERAIS - CEMIG,BELO HORIZONTE,3.01901e+07,2453,1971-06-30 00:00:00,1971-06-30 00:00:00,Energia Elétrica,ESTATAL,SEDE,MG
ATIVO,10.835.932/0001-08,CIA ENERGÉTICA DE PERNAMBUCO - CELPE,RECIFE,5.00509e+07,14362,1994-04-29 00:00:00,1994-04-29 00:00:00,Energia Elétrica,PRIVADO HOLDING,SEDE,PE
ATIVO,08.324.196/0001-81,CIA ENERGÉTICA DO RIO GRANDE DO NORTE,NATAL,5.90252e+07,18139,1999-01-04 00:00:00,1999-01-04 00:00:00,Energia Elétrica,PRIVADO,SEDE,RN
CANCELADA,02.201.268/0001-17,CIA ENERGETICA MERIDIONAL,FLORIANÓPOLIS,8.80151e+07,16900,1998-02-26 00:00:00,2008-03-28 00:00:00,Energia Elétrica,PRIVADO,SEDE,SC
ATIVO,33.352.394/0001-04,CIA ESTADUAL DE ÁGUAS E ESGOTOS - CEDAE,RIO DE JANEIRO,2.021e+07,16373,1997-07-28 00:00:00,2010-10-20 00:00:00,"Saneamento, Serv. Água e Gás",ESTATAL,SEDE,RJ
ATIVO,08.467.115/0001-00,CIA ESTADUAL DE DISTRIBUIÇÃO DE ENERGIA ELETRICA,PORTO ALEGRE,9.025e+07,20648,2007-04-17 00:00:00,2007-04-17 00:00:00,Energia Elétrica,ESTATAL,SEDE,RS
CANCELADA,10.783.777/0001-23,CIA FABRICA YOLANDA,RECIFE,5.07716e+07,3220,1972-03-24 00:00:00,2005-08-09 00:00:00,Têxtil e Vestuário,PRIVADO,SEDE,PE
CANCELADA,16.718.231/0001-75,CIA FABRIL MASCARENHAS,ALVINÓPOLIS,3.595e+07,3239,1982-11-26 00:00:00,2006-04-26 00:00:00,Têxtil e Vestuário,PRIVADO,SEDE,MG
CANCELADA,18.977.124/0001-97,CIA FERRO BRASILEIRO,CAETÉ,3.48e+07,3247,1968-07-16 00:00:00,1991-12-26 00:00:00,Metalurgia e Siderurgia,PRIVADO,SEDE,MG
ATIVO,15.141.799/0001-03,CIA FERRO LIGAS BAHIA FERBASA,POJUCA,4.812e+07,3069,1961-02-28 00:00:00,1961-02-28 00:00:00,Metalurgia e Siderurgia,PRIVADO,SEDE,BA
CANCELADA,23.116.551/0001-10,CIA FIAÇÃO TECELAGEM PARA MINAS,PARÁ DE MINAS,3.56602e+07,3255,1969-12-04 00:00:00,2010-01-04 00:00:00,Têxtil e Vestuário,PRIVADO,SEDE,MG
CANCELADA,92.659.325/0001-07,CIA GERAL DE INDUSTRIAS,GUAÍBA,9.25e+07,3280,1969-09-30 00:00:00,2008-03-18 00:00:00,Metalurgia e Siderurgia,PRIVADO,SEDE,RS
CANCELADA,82.639.139/0001-44,CIA HERING,BLUMENAU,8.90109e+07,3301,1966-06-17 00:00:00,1999-04-30 00:00:00,Têxtil e Vestuário,PRIVADO,SEDE,SC
CANCELADA,78.876.950/0001-71,CIA HERING,BLUMENAU,8.90109e+07,14761,1995-01-26 00:00:00,2022-02-23 00:00:00,Têxtil e Vestuário,PRIVADO,SEDE,SC
CANCELADA,33.433.822/0001-15,CIA INDL AGRIC SANTA CECILIA,RIO DE JANEIRO,2.0031e+07,3433,1977-07-20 00:00:00,2001-11-29 00:00:00,"Agricultura (Açúcar, Álcool e Cana)",PRIVADO,SEDE,RJ
CANCELADA,04.384.319/0001-19,CIA INDL AMAZONENSE,SÃO PAULO,4.18515e+06,3379,1971-08-20 00:00:00,1998-07-10 00:00:00,Metalurgia e Siderurgia,PRIVADO,SEDE,SP
CANCELADA,61.074.506/0001-30,CIA INDL MERC ARTEF FERRO,OSASCO,6.0939e+06,3468,1969-12-03 00:00:00,1999-09-09 00:00:00,Metalurgia e Siderurgia,PRIVADO,SEDE,SP
CANCELADA,56.969.355/0001-48,CIA INDL MERC PAOLETTI,SÃO PAULO,1.309e+06,3441,1977-07-20 00:00:00,1992-02-14 00:00:00,Alimentos,PRIVADO,SEDE,SP
CANCELADA,07.285.448/0001-48,CIA INDL MICHELETTO,FORTALEZA,6.033e+07,3476,1982-12-17 00:00:00,1988-05-09 00:00:00,Metalurgia e Siderurgia,PRIVADO,SEDE,CE
CANCELADA,92.779.438/0001-38,CIA INDL RIO GUAHYBA,PORTO ALEGRE,9.024e+07,3514,1976-01-06 00:00:00,1993-07-12 00:00:00,Têxtil e Vestuário,PRIVADO,SEDE,RS
CANCELADA,33.174.145/0001-68,CIA INDL SAO PAULO RIO CISPER,RIO DE JANEIRO,2.002e+07,3530,1980-07-10 00:00:00,1988-05-03 00:00:00,Extração Mineral,ESTRANGEIRO,SEDE,RJ
CANCELADA,07.785.306/0001-40,CIA INDUSTRIAL AGROPECUARIA CONAPE,SANTA QUITÉRIA,6.228e+07,3360,1977-07-20 00:00:00,2005-11-01 00:00:00,Alimentos,PRIVADO,SEDE,CE
CANCELADA,17.161.316/0001-68,CIA INDUSTRIAL BELO HORIZONTE,BELO HORIZONTE,3.11302e+07,3387,1969-08-08 00:00:00,2005-08-09 00:00:00,Têxtil e Vestuário,PRIVADO,SEDE,MG
CANCELADA,07.998.164/0001-07,CIA INDUSTRIAL BRASILEIRA ALIMENTOS,FORTALEZA,6.081e+07,13811,1991-04-26 00:00:00,2005-03-22 00:00:00,Alimentos,PRIVADO,SEDE,CE
CANCELADA,33.041.120/0001-96,CIA INDUSTRIAL DOX,SÃO PAULO,7.11112e+06,3344,1982-09-20 00:00:00,1997-08-07 00:00:00,Metalurgia e Siderurgia,PRIVADO,SEDE,SP
CANCELADA,07.197.411/0001-68,CIA INDUSTRIAL PELES COUROS,SALGUEIRO,5.6e+07,3425,1974-10-17 00:00:00,2005-03-22 00:00:00,Têxtil e Vestuário,PRIVADO,SEDE,PE
CANCELADA,19.711.282/0001-63,CIA INDUSTRIAL SANTA MATILDE,PETRÓPOLIS,2.58042e+07,3522,1980-06-28 00:00:00,2010-01-04 00:00:00,"Máquinas, Equipamentos, Veículos e Peças",PRIVADO,SEDE,RJ
SUSPENSO(A) - DECISÃO ADM,82.981.929/0001-03,CIA INDUSTRIAL SCHLOSSER S.A.,BRUSQUE,8.8353e+07,3549,1985-06-28 00:00:00,2026-04-07 00:00:00,Têxtil e Vestuário,PRIVADO,SEDE,SC
CANCELADA,01.222.069/0001-22,CIA INTER-ATLANTICO PARTICIPS,RIO DE JANEIRO,2.004e+07,15792,1996-10-10 00:00:00,1997-03-03 00:00:00,Emp. Adm. Participações,PRIVADO,SEDE,RJ
CANCELADA,42.584.060/0001-49,CIA INTERNACIONAL FIDUCIARIA,RIO DE JANEIRO,2.0011e+07,3557,1976-06-05 00:00:00,1989-05-12 00:00:00,Emp. Adm. Participações,PRIVADO,SEDE,RJ
CANCELADA,04.904.199/0001-33,CIA INVEST DO PARA,BELÉM,6e+07,3093,1979-12-29 00:00:00,1986-11-10 00:00:00,Emp. Adm. Participações,PRIVADO,SEDE,PA
CANCELADA,00.189.469/0001-10,CIA INVESTS LATINOAMERICANA,RIO DE JANEIRO,2.004e+07,14745,1995-01-06 00:00:00,2003-01-13 00:00:00,Emp. Adm. Participações,PRIVADO,SEDE,RJ
CANCELADA,92.753.367/0001-02,CIA IOCHPE,SÃO PAULO,4.561e+06,3573,1980-06-23 00:00:00,1993-08-03 00:00:00,Emp. Adm. Participações,PRIVADO HOLDING,SEDE,SP
CANCELADA,60.434.487/0001-42,CIA LECO DE PRODS ALIMENTICIOS,SÃO PAULO,3.02e+06,3603,1981-08-17 00:00:00,2009-02-20 00:00:00,Alimentos,PRIVADO,SEDE,SP
CANCELADA,78.597.697/0001-17,CIA LONDRIMALHAS HERINGER INDUSTRIA E COMERCIO,LONDRINA,8.602e+07,12947,1986-07-31 00:00:00,2007-08-07 00:00:00,Têxtil e Vestuário,PRIVADO,SEDE,PR
CANCELADA,04.971.941/0001-23,CIA MADEIREIRA SAO MIGUEL,BELÉM,6.6e+07,3620,1973-10-19 00:00:00,2005-08-09 00:00:00,"Construção Civil, Mat. Constr. e Decoração",PRIVADO,SEDE,PA
CANCELADA,06.272.199/0001-93,CIA MARANHENSE REFRIGERANTES,SÃO LUÍS,6.50956e+07,3638,1971-09-28 00:00:00,2010-05-19 00:00:00,Bebidas e Fumo,PRIVADO,SEDE,MA
CANCELADA,22.664.890/0001-79,CIA MATS SULFUROSOS MATSULFUR,MONTES CLAROS,3.94012e+07,3646,1972-11-21 00:00:00,2002-11-30 00:00:00,Extração Mineral,PRIVADO,SEDE,MG
CANCELADA,91.154.690/0001-99,CIA MINUANO DE ALIMENTOS,LAJEADO,9.59e+07,12246,1985-01-23 00:00:00,1991-08-13 00:00:00,Alimentos,PRIVADO,SEDE,RS
CANCELADA,71.039.119/0001-16,CIA NAC FRIGORIFICOS CONFRIO,SÃO PAULO,1.05e+06,3735,1977-07-20 00:00:00,1989-04-14 00:00:00,Pesca,PRIVADO,SEDE,SP
CANCELADA,33.098.112/0001-86,CIA NACIONAL DE ALCALIS,MACAU,5.95e+07,15555,1996-05-15 00:00:00,2010-01-04 00:00:00,Petroquímicos e Borracha,PRIVADO,SEDE,RN
CANCELADA,71.444.582/0001-43,CIA NACIONAL ESTAMPARIA CIANE,SOROCABA,1.8013e+07,3727,1982-08-11 00:00:00,2010-01-04 00:00:00,Têxtil e Vestuário,PRIVADO,SEDE,SP
CANCELADA,33.630.120/0001-21,CIA NAVEGACAO LLOYD BRASILEIRO,RIO DE JANEIRO,2.0041e+07,3760,1977-07-20 00:00:00,1997-10-24 00:00:00,Serviços Transporte e Logística,ESTATAL,SEDE,RJ
CANCELADA,61.150.348/0001-50,CIA NITROQUIMICA BRASILEIRA,SÃO PAULO,8.09e+06,3778,1935-09-20 00:00:00,1990-08-03 00:00:00,Petroquímicos e Borracha,PRIVADO,SEDE,SP
CANCELADA,10.804.300/0001-87,CIA PARAIBA CIM PORTL CIMEPAR,RECIFE,5.07415e+07,3786,1971-10-19 00:00:00,1995-11-27 00:00:00,Extração Mineral,PRIVADO,SEDE,PE
CANCELADA,01.596.401/0001-19,CIA PAULISTA DE ADM DE ATIVOS,SÃO PAULO,1.017e+06,16683,1997-12-04 00:00:00,1999-11-04 00:00:00,Emp. Adm. Participações,ESTATAL,SEDE,SP
CANCELADA,57.484.495/0001-99,CIA PAULISTA DE LAMINACAO,MAUÁ,9.38e+06,3832,1950-09-29 00:00:00,1988-04-27 00:00:00,Metalurgia e Siderurgia,PRIVADO,SEDE,SP
CANCELADA,61.015.582/0001-74,CIA PAULISTA ENERGIA ELETRICA,SÃO PAULO,5.42103e+06,3794,1972-01-20 00:00:00,2001-03-16 00:00:00,Energia Elétrica,PRIVADO,SEDE,SP
CANCELADA,61.087.912/0001-37,CIA PAULISTA FERTILIZANTES,SÃO PAULO,4.106e+06,3816,1969-06-11 00:00:00,2007-01-09 00:00:00,Petroquímicos e Borracha,PRIVADO,SEDE,SP
CANCELADA,00.091.652/0001-89,CIA PESQS RECURSOS MINERAIS,RIO DE JANEIRO,2.2292e+07,3107,1973-11-22 00:00:00,1997-07-24 00:00:00,Serviços Diversos,ESTATAL,SEDE,RJ
CANCELADA,02.854.397/0001-04,CIA PETROLIFERA MARLIM,MACAÉ,2.79134e+07,18899,2001-03-07 00:00:00,2009-08-17 00:00:00,Petróleo e Gás,PRIVADO,SEDE,RJ
ATIVO,04.172.213/0001-51,CIA PIRATININGA DE FORÇA E LUZ,CAMPINAS,1.30874e+07,19275,2002-04-18 00:00:00,2002-04-18 00:00:00,Energia Elétrica,PRIVADO,SEDE,SP
CANCELADA,15.213.374/0001-62,CIA PNEUS TROPICAL,FEIRA DE SANTANA,4.41e+07,3867,1977-07-20 00:00:00,1991-09-25 00:00:00,Petroquímicos e Borracha,PRIVADO,SEDE,BA
CANCELADA,58.143.967/0001-02,CIA PRODUTORES ARMS GERAIS,SÃO PAULO,1.006e+06,2631,1977-07-20 00:00:00,1994-04-15 00:00:00,Serviços Transporte e Logística,PRIVADO,SEDE,SP
CANCELADA,33.000.035/0001-80,CIA PROGRESSO INDUSTRIAL BRASIL FABRICA BANGU,RIO DE JANEIRO,2.182e+07,3875,1966-06-29 00:00:00,2010-01-04 00:00:00,Têxtil e Vestuário,PRIVADO,SEDE,RJ
CANCELADA,04.200.649/0001-07,CIA PROVINCIA DE SECURITIZAÇÃO,SÃO PAULO,4.57192e+06,19429,2003-08-21 00:00:00,2023-03-17 00:00:00,Securitização de Recebíveis,PRIVADO,SEDE,SP
CANCELADA,13.837.489/0001-00,CIA QUIMICA METACRIL,CANDEIAS,4.38e+07,3883,1977-10-20 00:00:00,1992-11-26 00:00:00,Petroquímicos e Borracha,PRIVADO,SEDE,BA
CANCELADA,92.691.120/0001-09,CIA RIOGRANDENSE DE ADUBOS,PORTO ALEGRE,9.001e+07,3905,1950-08-17 00:00:00,1990-12-19 00:00:00,Petroquímicos e Borracha,PRIVADO,SEDE,RS
ATIVO,92.802.784/0001-90,CIA RIOGRANDENSE DE SANEAMENTO,PORTO ALEGRE,9.00103e+07,16748,1997-12-19 00:00:00,1997-12-19 00:00:00,"Saneamento, Serv. Água e Gás",ESTATAL,SEDE,RS
CANCELADA,92.794.486/0001-03,CIA RIOGRANDENSE TELECOMUNICAÇÕES,PORTO ALEGRE,9.002e+07,3913,1969-03-21 00:00:00,2000-12-28 00:00:00,Telecomunicações,PRIVADO,SEDE,RS
CANCELADA,33.035.759/0001-69,CIA SALINAS PERYNAS,RIO DE JANEIRO,2.002e+06,3930,1982-08-10 00:00:00,1986-07-16 00:00:00,Extração Mineral,PRIVADO,SEDE,RJ
ATIVO,43.776.517/0001-80,CIA SANEAMENTO BÁSICO ESTADO SÃO PAULO,SÃO PAULO,5.4299e+06,14443,1994-06-27 00:00:00,1994-06-27 00:00:00,"Saneamento, Serv. Água e Gás",ESTATAL,SEDE,SP
ATIVO,43.776.517/0001-80,CIA SANEAMENTO BÁSICO ESTADO SÃO PAULO,SÃO PAULO,5.4299e+06,14443,1994-06-27 00:00:00,1994-06-27 00:00:00,"Saneamento, Serv. Água e Gás",ESTATAL,SEDE,SP
CANCELADA,61.360.434/0001-97,CIA SANTISTA DE PAPEL,SÃO PAULO,1.0299e+06,3948,1977-07-20 00:00:00,2001-03-22 00:00:00,Papel e Celulose,PRIVADO,SEDE,SP
ATIVO,35.522.178/0001-87,CIA SECURITIZADORA DE CRED. FIN. CARTÕES CONSIGNADOS II,SÃO PAULO,5.407e+06,26107,2021-07-29 00:00:00,2021-07-29 00:00:00,Securitização de Recebíveis,PRIVADO,SEDE,SP
CANCELADA,15.144.017/0001-90,CIA SEGUROS ALIANCA DA BAHIA,SALVADOR,4.181e+07,3115,1977-07-20 00:00:00,2024-03-08 00:00:00,Seguradoras e Corretoras,PRIVADO,SEDE,BA
CANCELADA,60.405.925/0001-44,CIA SEGUROS AMER SUL YASUDA,SÃO PAULO,1.318e+06,3123,1977-07-20 00:00:00,1992-03-06 00:00:00,Seguradoras e Corretoras,ESTRANGEIRO,SEDE,SP
CANCELADA,15.104.490/0001-43,CIA SEGUROS BAHIA,RIO DE JANEIRO,2.0091e+07,3131,1977-07-20 00:00:00,1997-07-02 00:00:00,Seguradoras e Corretoras,PRIVADO,SEDE,RJ
CANCELADA,17.197.385/0001-21,CIA SEGUROS MINAS BRASIL,BELO HORIZONTE,3.01201e+07,3140,1977-07-20 00:00:00,2009-10-14 00:00:00,Seguradoras e Corretoras,PRIVADO,SEDE,MG
CANCELADA,33.432.139/0001-63,CIA SEGUROS RIO BRANCO,CURITIBA,8.15e+07,12475,1985-10-21 00:00:00,1990-01-16 00:00:00,Seguradoras e Corretoras,PRIVADO,SEDE,PR
CANCELADA,33.158.031/0001-24,CIA SERVICOS ENGA SERVIENGE,RIO DE JANEIRO,2.244e+07,3956,1977-07-20 00:00:00,1998-01-08 00:00:00,"Construção Civil, Mat. Constr. e Decoração",PRIVADO,SEDE,RJ
CANCELADA,12.287.314/0001-04,CIA SID ALAGOAS COMESA,ATALAIA,5.769e+07,3999,1982-09-29 00:00:00,1994-03-18 00:00:00,Metalurgia e Siderurgia,PRIVADO,SEDE,AL
CANCELADA,10.806.057/0001-36,CIA SID NORDESTE,PORTO ALEGRE,9.022e+07,4014,1972-08-09 00:00:00,1995-03-21 00:00:00,Metalurgia e Siderurgia,PRIVADO,SEDE,RS
CANCELADA,20.141.321/0001-13,CIA SID PAINS,DIVINÓPOLIS,9.022e+07,4049,1971-01-06 00:00:00,1997-06-30 00:00:00,Metalurgia e Siderurgia,ESTATAL HOLDING,SEDE,RS
CANCELADA,04.561.023/0001-26,CIA SIDERURGICA AMAZONIA,MANAUS,6.90742e+07,3972,1970-10-20 00:00:00,1999-09-22 00:00:00,Metalurgia e Siderurgia,ESTATAL,SEDE,AM
CANCELADA,61.045.381/0001-10,CIA SIDERURGICA MOGI CRUZES(sucedida pela UNIÂO FEDERAL -CNPJ:37115383000153,BRASÍLIA,7.007e+07,4006,1971-10-07 00:00:00,2005-03-22 00:00:00,Metalurgia e Siderurgia,ESTATAL,SEDE,DF
ATIVO,33.042.730/0001-04,CIA SIDERURGICA NACIONAL,SÃO PAULO,4.53813e+06,4030,1943-02-26 00:00:00,1943-02-26 00:00:00,Metalurgia e Siderurgia,PRIVADO,SEDE,SP
ATIVO,33.042.730/0001-04,CIA SIDERURGICA NACIONAL,SÃO PAULO,4.53813e+06,4030,1943-02-26 00:00:00,1943-02-26 00:00:00,Metalurgia e Siderurgia,PRIVADO,SEDE,SP
CANCELADA,33.000.076/0001-76,CIA T JANER COM IND,RIO DE JANEIRO,2.094e+07,4073,1977-07-20 00:00:00,1991-04-09 00:00:00,Comércio (Atacado e Varejo),PRIVADO,SEDE,RJ
CANCELADA,22.677.520/0001-76,CIA TECIDOS NORTE DE MINAS - COTEMINAS - EM RECUPERAÇÃO JUDICIAL,MONTES CLAROS,3.9404e+07,3158,1971-02-11 00:00:00,2026-01-09 00:00:00,Têxtil e Vestuário,PRIVADO,SEDE,MG
SUSPENSO(A) - DECISÃO ADM,21.255.567/0001-89,CIA TECIDOS SANTANENSE - EM RECUPERAÇÃO JUDICIAL,ITAÚNA,3.9404e+07,4081,1984-12-20 00:00:00,2026-05-19 00:00:00,Têxtil e Vestuário,PRIVADO,SEDE,MG
CANCELADA,60.830.833/0001-01,CIA TECNICA DE ENGENHARIA ELETRIC A,SÃO PAULO,4.54801e+06,18422,1999-09-08 00:00:00,2008-01-15 00:00:00,"Construção Civil, Mat. Constr. e Decoração",PRIVADO,SEDE,SP
CANCELADA,57.486.177/0001-67,CIA TELEF BORDA DO CAMPO,SANTO ANDRÉ,9.0409e+06,4103,1977-10-20 00:00:00,1999-11-30 00:00:00,Telecomunicações,ESTATAL,SEDE,SP
CANCELADA,92.195.189/0001-33,CIA TELEF MELHOR RESIST,PELOTAS,9.6015e+07,4090,1981-05-20 00:00:00,2000-02-28 00:00:00,Telecomunicações,ESTATAL,SEDE,RS
CANCELADA,33.460.809/0001-55,CIA TELEFONES DO RJ CETEL,RIO DE JANEIRO,2.123e+07,3166,1968-09-11 00:00:00,1990-01-02 00:00:00,Telecomunicações,ESTATAL,SEDE,RJ
CANCELADA,01.447.243/0001-35,CIA TERRAS BONSUCESSO,SÃO PAULO,5.051e+06,15830,1996-10-22 00:00:00,1999-05-13 00:00:00,Emp. Adm. Participações,PRIVADO,SEDE,SP
CANCELADA,05.389.812/0001-94,CIA TEXTIL CASTANHAL,CASTANHAL,6.8741e+07,4120,1971-10-19 00:00:00,1999-03-08 00:00:00,Têxtil e Vestuário,PRIVADO,SEDE,PA
CANCELADA,01.540.533/0001-29,CIA THERMAS RIO QUENTE,RIO QUENTE,7.5695e+07,4154,1973-12-27 00:00:00,2004-07-14 00:00:00,Hospedagem e Turismo,PRIVADO,SEDE,GO
CANCELADA,92.682.038/0001-00,CIA UNIAO SEGUROS GERAIS,RIO DE JANEIRO,2.02699e+07,4162,1977-07-20 00:00:00,1998-11-09 00:00:00,Seguradoras e Corretoras,ESTATAL,SEDE,RJ
CANCELADA,92.690.643/0001-22,CIA VINICOLA RIO GRANDENSE,PORTO ALEGRE,9.001e+07,4197,1966-05-02 00:00:00,1993-11-29 00:00:00,Bebidas e Fumo,PRIVADO,SEDE,RS
CANCELADA,84.684.950/0001-72,CIA WETZEL INDL,JOINVILLE,8.92041e+07,4200,1970-11-24 00:00:00,2005-08-09 00:00:00,Petroquímicos e Borracha,PRIVADO,SEDE,SC
CANCELADA,33.069.766/0001-81,CIA. BRAS PETRÓLEO IPIRANGA,RIO DE JANEIRO,2.09489e+07,2860,1968-06-27 00:00:00,2008-07-17 00:00:00,Petróleo e Gás,PRIVADO,SEDE,RJ
CANCELADA,10.919.934/0001-85,CIA. DE CIMENTOS DO BRASIL,SÃO PAULO,5.805e+06,2984,1971-12-22 00:00:00,2004-04-07 00:00:00,Extração Mineral,ESTRANGEIRO,SEDE,SP
ATIVO,76.484.013/0001-45,CIA. DE SANEAMENTO DO PARANÁ - SANEPAR,CURITIBA,8.02159e+07,18627,2000-03-10 00:00:00,2000-03-10 00:00:00,"Saneamento, Serv. Água e Gás",ESTATAL,SEDE,PR
ATIVO,33.938.119/0001-69,CIA. DISTRIB. DE GÁS DO RIO DE JANEIRO,RIO DE JANEIRO,2.26409e+07,16616,1997-11-17 00:00:00,1997-11-17 00:00:00,"Saneamento, Serv. Água e Gás",PRIVADO,SEDE,RJ
CANCELADA,76.255.926/0001-90,CIA. IGUAÇU DE CAFÉ SOLÚVEL,CORNÉLIO PROCÓPIO,8.63e+07,3336,1977-07-20 00:00:00,2014-10-09 00:00:00,Alimentos,ESTRANGEIRO,SEDE,PR
CANCELADA,36.729.398/0001-49,CIA. SEC. DE CRÉDITOS FINANCEIROS VERT-PROVI II,SÃO PAULO,5.407e+06,26018,2021-07-19 00:00:00,2022-06-30 00:00:00,Securitização de Recebíveis,PRIVADO,SEDE,SP
CANCELADA,40.885.785/0001-41,CIA. SECURITIZADORA DE CRED. FIN. VERT-UME,SÃO PAULO,5.407e+06,26310,2021-11-11 00:00:00,2022-06-30 00:00:00,Securitização de Recebíveis,PRIVADO,SEDE,SP
CANCELADA,30.545.324/0001-76,CIA. SECURITIZADORA DE CRÉDITOS FINANCEIROS VERT-RECARGAPAY,SÃO PAULO,5.407e+06,25216,2020-10-26 00:00:00,2022-06-30 00:00:00,Securitização de Recebíveis,PRIVADO,SEDE,SP
CANCELADA,50.930.098/0001-54,CICA SA,SÃO PAULO,5.804e+06,3417,1977-07-20 00:00:00,1994-01-27 00:00:00,Alimentos,ESTRANGEIRO,SEDE,SP
CANCELADA,91.623.892/0001-32,CICADE CURTUME SA,BAGÉ,9.6401e+07,13234,1987-09-22 00:00:00,2007-01-09 00:00:00,Têxtil e Vestuário,PRIVADO,SEDE,RS
CANCELADA,10.790.616/0001-67,CICANORTE IND DE CONS ALIM SA,IGARASSU,5.36e+07,7021,1978-03-28 00:00:00,2006-05-22 00:00:00,Alimentos,PRIVADO HOLDING,SEDE,PE
CANCELADA,01.102.817/0001-33,CIDADELA TRUST RECEBIVEIS SA,CURITIBA,8.25901e+07,15571,1996-05-24 00:00:00,2008-03-18 00:00:00,Securitização de Recebíveis,PRIVADO,SEDE,PR
ATIVO,01.027.058/0001-91,CIELO S.A. - INSTITUIÇÃO DE PAGAMENTO,BARUERI,6.45503e+06,21733,2009-06-25 00:00:00,2009-06-25 00:00:00,Intermediação Financeira,PRIVADO,SEDE,SP
CANCELADA,15.115.520/0001-17,CIMBA SA INDUSTRIA E COMERCIO,SALVADOR,4.12e+07,4235,1971-09-29 00:00:00,2005-08-09 00:00:00,Metalurgia e Siderurgia,PRIVADO,SEDE,BA
CANCELADA,15.847.775/0001-74,CIMENTO ARATU SA,SÃO PAULO,1.41991e+06,4243,1969-09-08 00:00:00,1995-12-08 00:00:00,Extração Mineral,PRIVADO,SEDE,SP
CANCELADA,17.283.599/0001-10,CIMENTO CAUE SA,BELO HORIZONTE,3.13103e+07,4251,1969-07-04 00:00:00,1994-09-26 00:00:00,Extração Mineral,PRIVADO,SEDE,MG
CANCELADA,03.372.786/0001-66,CIMENTO ITAU DE CORUMBA SA,CORUMBÁ,7.93e+07,4260,1971-07-23 00:00:00,1988-03-11 00:00:00,Extração Mineral,PRIVADO,SEDE,MS
CANCELADA,33.815.580/0001-24,CIMENTO MAUA SA,RIO DE JANEIRO,2.0031e+07,13609,1989-11-13 00:00:00,1997-12-23 00:00:00,Extração Mineral,PRIVADO,SEDE,RJ
CANCELADA,03.478.054/0001-55,CIMENTO PORTLAND M GROSSO SA,SÃO PAULO,1.4709e+06,4278,1968-06-05 00:00:00,1995-06-14 00:00:00,Extração Mineral,PRIVADO,SEDE,SP
CANCELADA,49.870.397/0001-61,CIMENTO SANTA RITA SA,SÃO PAULO,1.448e+06,4286,1952-06-04 00:00:00,1990-07-24 00:00:00,Extração Mineral,PRIVADO,SEDE,SP
CANCELADA,00.065.557/0001-00,CIMENTO TOCANTINS SA,BRASÍLIA,7.3e+07,4294,1970-03-23 00:00:00,1993-04-23 00:00:00,Extração Mineral,PRIVADO,SEDE,DF
CANCELADA,33.039.223/0001-11,CIMENTO TUPI SA,RIO DE JANEIRO,2.26401e+07,4308,1983-04-14 00:00:00,1990-11-28 00:00:00,"Construção Civil, Mat. Constr. e Decoração",PRIVADO,SEDE,RJ
CANCELADA,33.039.223/0001-11,CIMENTO TUPI SA,RIO DE JANEIRO,2.26401e+07,22829,2012-06-13 00:00:00,2017-08-22 00:00:00,"Construção Civil, Mat. Constr. e Decoração",PRIVADO,SEDE,RJ
CANCELADA,17.379.827/0001-50,CIMETAL SIDERURGIA SA - EM LIQUIDAÇÃO,BELO HORIZONTE,3.01809e+07,4324,1972-01-27 00:00:00,2005-04-12 00:00:00,Metalurgia e Siderurgia,PRIVADO,SEDE,MG
CANCELADA,60.869.336/0001-17,CIMINAS  CIMENTO NAC MINAS SA,SÃO PAULO,1.046e+06,11908,1984-05-31 00:00:00,1992-11-18 00:00:00,Extração Mineral,ESTRANGEIRO,SEDE,SP
CANCELADA,34.177.279/0001-03,CIMOB PARTICIPAÇÕES SA,SÃO PAULO,1.452e+06,6513,1977-07-20 00:00:00,2012-07-09 00:00:00,"Emp. Adm. Part. - Const. Civil, Mat. Const. e Decoração",PRIVADO,SEDE,SP
CANCELADA,00.272.185/0001-93,CIMS SA,RIO DE JANEIRO,2.2431e+07,14818,1995-03-14 00:00:00,2025-01-22 00:00:00,Emp. Adm. Part. - Energia Elétrica,PRIVADO,SEDE,RJ
CANCELADA,07.437.016/0001-05,CINESYSTEM S.A.,MARINGÁ,8.70132e+07,23965,2016-07-20 00:00:00,2023-09-05 00:00:00,Brinquedos e Lazer,PRIVADO,SEDE,PR
CANCELADA,07.126.899/0001-32,CIPA CIA INDL PRODS ALIM,FORTALEZA,6.006e+07,4332,1982-11-23 00:00:00,1991-07-19 00:00:00,Alimentos,PRIVADO,SEDE,CE
CANCELADA,82.166.711/0001-03,CIPLA SA,JOINVILLE,8.9202e+07,13900,1991-10-14 00:00:00,2010-01-04 00:00:00,Comércio (Atacado e Varejo),PRIVADO,SEDE,SC
CANCELADA,15.106.693/0001-79,CIQUINE CIA INDS QUIMS DO NE,CAMAÇARI,4.281e+07,4340,1969-01-22 00:00:00,1990-06-20 00:00:00,Petroquímicos e Borracha,PRIVADO,SEDE,BA
CANCELADA,84.043.009/0001-70,CIRCULO S/A,GASPAR,8.911e+07,7056,1983-04-15 00:00:00,2004-05-26 00:00:00,Têxtil e Vestuário,PRIVADO,SEDE,SC
CANCELADA,31.918.584/0001-02,CITI CP MERCANTIL SA,SÃO PAULO,1.31192e+06,16721,1997-12-16 00:00:00,2002-10-29 00:00:00,Serviços Diversos,PRIVADO,SEDE,SP
CANCELADA,34.112.128/0001-69,CITIBANK LEASING S.A. - ARREND.MERCANTIL,SÃO PAULO,1.31192e+06,4383,1983-04-14 00:00:00,2004-05-19 00:00:00,Arrendamento Mercantil,PRIVADO,SEDE,SP
CANCELADA,34.112.128/0001-69,CITIBANK LEASING S.A. - ARREND.MERCANTIL,SÃO PAULO,1.31192e+06,21270,2008-01-03 00:00:00,2010-03-30 00:00:00,Arrendamento Mercantil,PRIVADO,SEDE,SP
CANCELADA,60.867.843/0001-11,CITROBRASIL SA,SÃO PAULO,1.026e+06,4391,1977-07-20 00:00:00,1988-02-23 00:00:00,Comércio (Atacado e Varejo),PRIVADO,SEDE,SP
CANCELADA,68.400.225/0001-79,CLARANET TECHNOLOGY S.A.,BARUERI,6.46e+06,26549,2021-12-22 00:00:00,2024-08-23 00:00:00,Comunicação e Informática,ESTRANGEIRO,SEDE,SP
CANCELADA,24.956.666/0001-86,CLARION S/A AGROINDUSTRIAL,CUIABÁ,7.80985e+07,18490,1999-11-26 00:00:00,2014-12-18 00:00:00,"Agricultura (Açúcar, Álcool e Cana)",PRIVADO,SEDE,MT
ATIVO,07.043.628/0001-13,CLARO TELECOM PARTICIPAÇÕES S.A.,SÃO PAULO,4.70911e+06,23531,2014-12-05 00:00:00,2014-12-05 00:00:00,Emp. Adm. Part. - Telecomunicações,PRIVADO,SEDE,SP
CANCELADA,03.802.115/0001-98,CLEAR SALE S.A,BARUERI,6.46004e+06,26093,2021-07-28 00:00:00,2025-06-09 00:00:00,Comunicação e Informática,PRIVADO,SEDE,SP
ATIVO,43.514.079/0001-81,CLI SUL S.A.,SÃO PAULO,4.5789e+06,27243,2023-07-19 00:00:00,2023-07-19 00:00:00,Serviços Transporte e Logística,PRIVADO,SEDE,SP
CANCELADA,60.882.610/0001-98,CLIMAX INDUSTRIA E COMERCIO SA,SÃO CARLOS,1.356e+07,4413,1969-09-17 00:00:00,1992-12-29 00:00:00,"Máquinas, Equipamentos, Veículos e Peças",PRIVADO,SEDE,SP
CANCELADA,03.016.682/0001-19,CLINICA MÉDICA VITA S.A,FLORIANÓPOLIS,8.80155e+07,18449,1999-09-21 00:00:00,2006-10-20 00:00:00,Serviços Médicos,PRIVADO,SEDE,SC
CANCELADA,00.484.920/0001-22,CLUBEPAR SA,VOLTA REDONDA,2.72612e+07,14982,1995-08-07 00:00:00,2003-12-30 00:00:00,Emp. Adm. Participações,PRIVADO,SEDE,RJ
ATIVO,12.420.164/0001-57,CM HOSPITALAR S.A,RIBEIRÃO PRETO,1.40971e+07,25682,2021-04-14 00:00:00,2021-04-14 00:00:00,Comércio (Atacado e Varejo),PRIVADO,SEDE,SP
CANCELADA,31.959.356/0001-80,CMA PARTICIPAÇÕES SA,SÃO PAULO,4.719e+06,13323,1988-06-24 00:00:00,2005-05-17 00:00:00,Emp. Adm. Participações,PRIVADO HOLDING,SEDE,SP
CANCELADA,29.116.951/0001-02,CMP CIA DE MINERACAO E PART,RIO DE JANEIRO,2.004e+07,12890,1986-07-12 00:00:00,1992-08-04 00:00:00,Emp. Adm. Participações,PRIVADO,SEDE,RJ
CANCELADA,06.571.822/0001-09,CNV CIA NACIONAL DO VESTUARIO,FORTALEZA,6.05454e+07,12882,1986-07-02 00:00:00,2007-02-14 00:00:00,Têxtil e Vestuário,PRIVADO,SEDE,CE
CANCELADA,04.030.087/0001-09,COARI PARTICIPAÇÕES SA,RIO DE JANEIRO,2.24302e+07,19089,2001-10-29 00:00:00,2012-02-27 00:00:00,Telecomunicações,PRIVADO HOLDING,SEDE,RJ
CANCELADA,61.576.385/0001-24,COBRASFER SA,SÃO PAULO,1.4061e+06,4430,1973-10-02 00:00:00,2005-12-20 00:00:00,Comércio (Atacado e Varejo),PRIVADO,SEDE,SP
ATIVO,61.080.313/0001-91,COBRASMA SA,OSASCO,6.09308e+06,4448,1979-12-12 00:00:00,1979-12-12 00:00:00,"Máquinas, Equipamentos, Veículos e Peças",PRIVADO,SEDE,SP
CANCELADA,32.372.085/0001-25,COBUCCIO SECURITIZADORA DE CRÉDITOS S.A.,MONTE BELO,3.7115e+07,24724,2019-05-23 00:00:00,2022-06-30 00:00:00,Securitização de Recebíveis,PRIVADO,SEDE,MG
CANCELADA,00.826.535/0001-16,CODUNAS SA,FORTALEZA,6.002e+07,15237,1995-12-12 00:00:00,2006-09-01 00:00:00,"Construção Civil, Mat. Constr. e Decoração",PRIVADO,SEDE,CE
CANCELADA,17.174.418/0001-18,COEMP COMERCIO E EMPREEND SA,BELO HORIZONTE,3.0112e+07,4464,1977-07-20 00:00:00,1993-12-14 00:00:00,"Construção Civil, Mat. Constr. e Decoração",PRIVADO,SEDE,MG
CANCELADA,61.104.717/0001-78,COEST CONSTRUTORA SA,TABOÃO DA SERRA,6.768e+06,4472,1977-07-20 00:00:00,2010-01-04 00:00:00,"Construção Civil, Mat. Constr. e Decoração",PRIVADO,SEDE,SP
CANCELADA,57.500.001/0001-12,COFAP CIA FABRICADORA PECAS,SANTO ANDRÉ,9.1109e+06,4480,1977-07-20 00:00:00,2002-04-19 00:00:00,"Máquinas, Equipamentos, Veículos e Peças",ESTRANGEIRO,SEDE,SP
ATIVO,02.800.026/0001-40,COGNA EDUCAÇÃO S.A.,BELO HORIZONTE,3.01801e+07,17973,1998-12-01 00:00:00,1998-12-01 00:00:00,Emp. Adm. Part. - Educação,PRIVADO,SEDE,MG
CANCELADA,61.460.762/0001-65,COINVEST CIA. DE INV. INTERLAGOS,SÃO PAULO,4.5789e+06,7552,1969-09-05 00:00:00,2003-11-27 00:00:00,Metalurgia e Siderurgia,PRIVADO,SEDE,SP
CANCELADA,08.331.753/0001-91,COIRG CIA INDUSTRIAL RIOGRANDENSE NORTE,NATAL,5.916e+07,4499,1977-07-20 00:00:00,2004-09-21 00:00:00,Alimentos,PRIVADO,SEDE,RN
CANCELADA,61.189.601/0001-89,COLDEX FRIGOR SA,SÃO PAULO,1.435e+06,12459,1985-10-11 00:00:00,2001-11-01 00:00:00,"Máquinas, Equipamentos, Veículos e Peças",PRIVADO,SEDE,SP
CANCELADA,61.565.552/0001-31,COLMEIA SA IND.PAULISTA RAD.,SÃO PAULO,3.077e+06,4502,1977-07-20 00:00:00,1994-03-03 00:00:00,"Máquinas, Equipamentos, Veículos e Peças",PRIVADO,SEDE,SP
CANCELADA,47.309.463/0001-01,COLUMBIA PARTICIPACOES SA,EMBU DAS ARTES,6.803e+06,13510,1989-06-07 00:00:00,1992-11-10 00:00:00,Emp. Adm. Participações,PRIVADO,SEDE,SP
ATIVO,25.369.840/0001-57,COMERC ENERGIA S.A.,SÃO PAULO,4.57105e+06,26280,2021-10-08 00:00:00,2021-10-08 00:00:00,Energia Elétrica,PRIVADO,SEDE,SP
CANCELADA,17.177.973/0001-01,COMERCIAL IMPORTADORA SA,BELO HORIZONTE,3.018e+07,4375,1977-07-20 00:00:00,2005-12-20 00:00:00,"Máquinas, Equipamentos, Veículos e Peças",PRIVADO,SEDE,MG
CANCELADA,00.994.533/0001-36,COMERCIAL QUINTELLA COM EXP SA EM LIQUIDAÇÃO,SÃO PAULO,4.53208e+06,15652,1996-07-18 00:00:00,2019-12-06 00:00:00,Serviços Transporte e Logística,PRIVADO,SEDE,SP
CANCELADA,33.078.262/0001-28,COMERCIO E INDUSTRIA INDUCO SA,SÃO PAULO,5.015e+06,4545,1972-07-04 00:00:00,2005-12-20 00:00:00,"Máquinas, Equipamentos, Veículos e Peças",PRIVADO,SEDE,SP
CANCELADA,60.394.939/0001-00,COMIND BANCO INVESTIMENTO SA,SÃO PAULO,4.53e+06,4570,1969-10-03 00:00:00,1992-03-13 00:00:00,Bancos,PRIVADO,SEDE,SP
CANCELADA,47.184.932/0001-03,COMIND LEASING SA ARR MERC,SÃO PAULO,4.53e+06,12173,1985-01-04 00:00:00,1993-01-12 00:00:00,Arrendamento Mercantil,PRIVADO,SEDE,SP
CANCELADA,61.364.022/0001-25,COMIND PARTICIPACOES SA,SÃO PAULO,4.53401e+06,1058,1969-09-18 00:00:00,2006-03-21 00:00:00,Emp. Adm. Part. - Intermediação Financeira,PRIVADO,SEDE,SP
CANCELADA,61.364.345/0001-19,COMIND SA,SÃO PAULO,1.023e+06,4553,1982-12-27 00:00:00,1993-01-21 00:00:00,Emp. Adm. Participações,PRIVADO,SEDE,SP
CANCELADA,61.181.251/0001-04,COMIND SA SERV TEC PROC DADOS,SÃO PAULO,4.53e+06,4561,1981-10-28 00:00:00,1992-03-18 00:00:00,Comunicação e Informática,PRIVADO,SEDE,SP
CANCELADA,62.297.502/0001-83,COMMANDER SA,SÃO PAULO,1.319e+06,4634,1980-12-30 00:00:00,1991-07-09 00:00:00,Metalurgia e Siderurgia,PRIVADO,SEDE,SP
CANCELADA,04.896.759/0001-55,COMPANHIA  AMAZÔNIA TÊXTIL DE  ANIAGEM,BELÉM,6.60231e+07,2720,1975-12-09 00:00:00,2001-04-18 00:00:00,Têxtil e Vestuário,PRIVADO,SEDE,PA
CANCELADA,62.791.116/0001-43,COMPANHIA  ELDORADO DE HOTEIS,SÃO PAULO,1.419e+06,2763,1972-11-21 00:00:00,2007-07-19 00:00:00,Hospedagem e Turismo,PRIVADO,SEDE,SP
ATIVO,60.730.348/0001-66,COMPANHIA  MELHORAMENTOS DE SÃO PAULO,SÃO PAULO,5.051e+06,3654,1977-07-20 00:00:00,1977-07-20 00:00:00,Papel e Celulose,PRIVADO,SEDE,SP
CANCELADA,27.251.974/0001-02,COMPANHIA  SIDERÚRGICA  DE  TUBARÃO,SERRA,2.9164e+07,14117,1993-03-11 00:00:00,2006-03-06 00:00:00,Metalurgia e Siderurgia,PRIVADO,SEDE,ES
CANCELADA,12.078.880/0001-06,COMPANHIA AURIFERA BRASILEIRA SA,CAMPO LARGO,8.36011e+07,22870,2012-08-03 00:00:00,2018-08-27 00:00:00,Emp. Adm. Part. - Extração Mineral,PRIVADO,SEDE,PR
ATIVO,61.409.892/0001-73,COMPANHIA BRASILEIRA DE ALUMINIO,SÃO PAULO,4.5719e+06,25984,2021-07-13 00:00:00,2021-07-13 00:00:00,Extração Mineral,PRIVADO,SEDE,SP
CANCELADA,60.522.000/0001-83,COMPANHIA BRASILEIRA DE BEBIDAS ( Atual demominação  social da Cia Antarctica Paulista IBBC),SÃO PAULO,3.107e+06,2755,1970-03-06 00:00:00,2000-01-18 00:00:00,Bebidas e Fumo,PRIVADO,SEDE,SP
CANCELADA,57.494.031/0001-63,COMPANHIA BRASILEIRA DE CARTUCHOS - CBC,RIBEIRÃO PIRES,9.4269e+06,13315,1988-06-15 00:00:00,2007-11-14 00:00:00,Metalurgia e Siderurgia,PRIVADO,SEDE,SP
ATIVO,47.508.411/0001-56,COMPANHIA BRASILEIRA DE DISTRIBUIÇÃO,SÃO PAULO,1.4029e+06,14826,1995-04-04 00:00:00,1995-04-04 00:00:00,Comércio (Atacado e Varejo),PRIVADO,SEDE,SP
ATIVO,47.508.411/0001-56,COMPANHIA BRASILEIRA DE DISTRIBUIÇÃO,SÃO PAULO,1.4029e+06,14826,1995-04-04 00:00:00,1995-04-04 00:00:00,Comércio (Atacado e Varejo),PRIVADO,SEDE,SP
ATIVO,06.267.630/0001-03,COMPANHIA BRASILEIRA DE EDUCAÇÃO E SISTEMA DE ENSINO S.A.,FORTALEZA,6.01922e+07,28002,2026-02-20 00:00:00,2026-02-20 00:00:00,Educação,PRIVADO,SEDE,CE
CANCELADA,22.983.283/0001-71,COMPANHIA CARIOCA DE SECURITIZAÇÃO,RIO DE JANEIRO,2.02111e+07,23949,2016-06-27 00:00:00,2020-11-10 00:00:00,Securitização de Recebíveis,ESTATAL,SEDE,RJ
ATIVO,08.560.444/0001-93,COMPANHIA CELG DE PARTICIPAÇÕES - CELGPAR,GOIÂNIA,7.48051e+07,21393,2008-03-14 00:00:00,2008-03-14 00:00:00,Emp. Adm. Part. - Energia Elétrica,ESTATAL HOLDING,SEDE,GO
CANCELADA,24.030.025/0001-04,COMPANHIA CIMENTO PORTLAND ITAU,ITAÚ DE MINAS,1.4079e+07,2933,1939-07-11 00:00:00,2004-05-21 00:00:00,Extração Mineral,PRIVADO,SEDE,SP
ATIVO,07.040.108/0001-57,COMPANHIA DE ÁGUA E ESGOTO DO CEARÁ  - CAGECE,FORTALEZA,6.04229e+07,18546,2000-01-19 00:00:00,2000-01-19 00:00:00,"Saneamento, Serv. Água e Gás",ESTATAL,SEDE,CE
CANCELADA,02.808.708/0001-07,COMPANHIA DE BEBIDAS DAS AMÉRICAS-AMBEV,SÃO PAULO,4.53e+06,18112,1998-12-17 00:00:00,2013-12-12 00:00:00,Bebidas e Fumo,PRIVADO,SEDE,SP
CANCELADA,61.784.278/0001-91,COMPANHIA DE CRÉDITO FINANCIAMENTO E INVESTIMENTO RCI BRASIL,CURITIBA,8.02501e+07,22993,2012-11-27 00:00:00,2016-01-29 00:00:00,Bancos,ESTRANGEIRO,SEDE,PR
CANCELADA,47.189.014/0001-69,COMPANHIA DE EMBALAGENS METÁLICAS - MMSA,SÃO PAULO,3.11e+06,14125,1993-05-29 00:00:00,2006-02-20 00:00:00,Metalurgia e Siderurgia,PRIVADO,SEDE,SP
ATIVO,17.245.234/0001-00,COMPANHIA DE FIACAO E TECIDOS CEDRO E CACHOEIRA,BELO HORIZONTE,3.01309e+07,3077,1969-08-11 00:00:00,1969-08-11 00:00:00,Têxtil e Vestuário,PRIVADO,SEDE,MG
ATIVO,22.261.473/0001-85,COMPANHIA DE GÁS DE MINAS GERAIS - GASMIG,BELO HORIZONTE,3.01901e+07,25178,2020-10-06 00:00:00,2020-10-06 00:00:00,"Saneamento, Serv. Água e Gás",ESTATAL,SEDE,MG
ATIVO,61.856.571/0001-17,COMPANHIA DE GÁS DE SÃO PAULO - COMGÁS,SÃO PAULO,4.53813e+06,15636,1996-07-03 00:00:00,1996-07-03 00:00:00,"Emp. Adm. Part. - Saneamento, Serv. Água e Gás",PRIVADO,SEDE,SP
ATIVO,61.856.571/0001-17,COMPANHIA DE GÁS DE SÃO PAULO - COMGÁS,SÃO PAULO,4.53813e+06,15636,1996-07-03 00:00:00,1996-07-03 00:00:00,"Emp. Adm. Part. - Saneamento, Serv. Água e Gás",PRIVADO,SEDE,SP
CANCELADA,01.028.049/0001-15,COMPANHIA DE INVESTIMENTOS PARTICIPAR,SÃO PAULO,1.31292e+06,15415,1996-02-28 00:00:00,2001-08-20 00:00:00,Emp. Adm. Participações,PRIVADO,SEDE,SP
CANCELADA,10.215.988/0001-60,COMPANHIA DE LOCAÇÃO DAS AMERICAS,BELO HORIZONTE,3.115e+07,22691,2011-12-30 00:00:00,2025-08-01 00:00:00,Serviços Transporte e Logística,PRIVADO,SEDE,MG
CANCELADA,01.996.119/0001-29,COMPANHIA DE PARTICIPAÇÕES ALPHA,SÃO PAULO,1.452e+06,16454,1997-09-16 00:00:00,2008-11-27 00:00:00,Emp. Adm. Part. - Sem Setor Principal,PRIVADO,SEDE,SP
ATIVO,17.281.106/0001-03,COMPANHIA DE SANEAMENTO DE MINAS GERAIS,BELO HORIZONTE,3.03309e+07,19445,2003-09-17 00:00:00,2003-09-17 00:00:00,"Saneamento, Serv. Água e Gás",ESTATAL,SEDE,MG
ATIVO,17.281.106/0001-03,COMPANHIA DE SANEAMENTO DE MINAS GERAIS,BELO HORIZONTE,3.03309e+07,19445,2003-09-17 00:00:00,2003-09-17 00:00:00,"Saneamento, Serv. Água e Gás",ESTATAL,SEDE,MG
CANCELADA,25.089.509/0001-83,COMPANHIA DE SANEAMENTO DO TOCANTINS - SANEATINS,PALMAS,7.70212e+07,23809,2015-12-21 00:00:00,2024-05-08 00:00:00,"Saneamento, Serv. Água e Gás",PRIVADO,SEDE,TO
ATIVO,62.070.362/0001-06,COMPANHIA DO METROPOLITANO DE SÃO PAULO - METRÔ,SÃO PAULO,1.01492e+06,27065,2023-01-06 00:00:00,2023-01-06 00:00:00,Serviços Transporte e Logística,ESTATAL,SEDE,SP
ATIVO,00.070.698/0001-11,COMPANHIA ENERGÉTICA DE BRASÍLIA - CEB,BRASÍLIA,7.083e+07,14451,1994-07-04 00:00:00,1994-07-04 00:00:00,Energia Elétrica,ESTATAL,SEDE,DF
ATIVO,28.925.264/0001-75,COMPANHIA ENERGÉTICA JAGUARA,FLORIANÓPOLIS,8.80253e+07,24422,2018-04-27 00:00:00,2018-04-27 00:00:00,Energia Elétrica,PRIVADO,SEDE,SC
ATIVO,28.942.127/0001-49,COMPANHIA ENERGÉTICA MIRANDA,FLORIANÓPOLIS,8.80253e+07,24430,2018-04-27 00:00:00,2018-04-27 00:00:00,Energia Elétrica,PRIVADO,SEDE,SC
ATIVO,19.527.586/0001-75,COMPANHIA ENERGÉTICA SINOP S.A.,SINOP,7.8556e+07,24155,2017-06-22 00:00:00,2017-06-22 00:00:00,Energia Elétrica,PRIVADO,SEDE,MT
ATIVO,39.881.421/0001-04,COMPANHIA ESTADUAL DE GERAÇÃO DE ENERGIA ELÉTRICA - CEEE-G,PORTO ALEGRE,9.048e+07,27154,2023-03-30 00:00:00,2023-03-30 00:00:00,Energia Elétrica,PRIVADO,SEDE,RS
CANCELADA,12.646.054/0001-08,COMPANHIA FERRÍFERA BRASILEIRA S.A.,CURITIBA,8.025e+07,23124,2013-03-26 00:00:00,2016-01-07 00:00:00,Emp. Adm. Part. - Extração Mineral,PRIVADO,SEDE,PR
CANCELADA,31.456.338/0001-86,COMPANHIA FLUMINENSE DE REFRIGERANTES,PORTO REAL,2.757e+07,3263,1972-07-27 00:00:00,2006-01-06 00:00:00,Bebidas e Fumo,PRIVADO,SEDE,RJ
ATIVO,19.526.748/0001-50,COMPANHIA INDUSTRIAL CATAGUASES,CATAGUASES,3.6772e+07,3395,1973-12-19 00:00:00,1973-12-19 00:00:00,Têxtil e Vestuário,PRIVADO,SEDE,MG
ATIVO,21.254.073/0001-80,COMPANHIA ITAUNENSE ENERGIA E PARTICIPAÇÕES,ITAÚNA,3.56801e+07,3450,1969-04-02 00:00:00,2017-11-23 00:00:00,Emp. Adm. Part. - Energia Elétrica,PRIVADO,SEDE,MG
CANCELADA,08.493.364/0001-62,COMPANHIA MINEIRA DE AÇUCAR E ALCOOL PARTICIPAÇÕES,UBERABA,3.80999e+07,21709,2009-03-04 00:00:00,2023-06-12 00:00:00,"Emp. Adm. Part. - Agricultura (Açúcar, Álcool e Cana)",PRIVADO,SEDE,MG
CANCELADA,42.416.651/0001-07,COMPANHIA PARAIBUNA DE METAIS,JUIZ DE FORA,3.6092e+07,12130,1984-12-12 00:00:00,2002-12-09 00:00:00,Metalurgia e Siderurgia,PRIVADO,SEDE,MG
ATIVO,76.483.817/0001-20,COMPANHIA PARANAENSE DE ENERGIA COPEL,CURITIBA,8.12002e+07,14311,1994-04-04 00:00:00,1994-04-04 00:00:00,Energia Elétrica,ESTATAL HOLDING,SEDE,PR
ATIVO,76.483.817/0001-20,COMPANHIA PARANAENSE DE ENERGIA COPEL,CURITIBA,8.12002e+07,14311,1994-04-04 00:00:00,1994-04-04 00:00:00,Energia Elétrica,ESTATAL HOLDING,SEDE,PR
CANCELADA,23.043.212/0001-51,COMPANHIA PARANAENSE DE SECURITIZAÇÃO - PRSEC,CURITIBA,8.04209e+07,23914,2016-04-29 00:00:00,2018-08-13 00:00:00,Securitização de Recebíveis,ESTATAL,SEDE,PR
ATIVO,33.050.196/0001-88,COMPANHIA PAULISTA DE FORCA LUZ - CPFL,CAMPINAS,1.30874e+07,3824,1969-08-19 00:00:00,1969-08-19 00:00:00,Energia Elétrica,PRIVADO,SEDE,SP
CANCELADA,11.274.829/0001-07,COMPANHIA PAULISTA DE SECURITIZAÇÃO,SÃO PAULO,1.01791e+06,22080,2010-07-20 00:00:00,2024-09-03 00:00:00,Emp. Adm. Part. - Securitização de Recebíveis,ESTATAL,SEDE,SP
CANCELADA,57.487.142/0001-42,COMPANHIA PAULISTA FERRO LIGAS,SIMÕES FILHO,4.37e+07,3808,1973-03-28 00:00:00,2002-12-23 00:00:00,Metalurgia e Siderurgia,PRIVADO,SEDE,BA
CANCELADA,76.500.180/0001-32,COMPANHIA PROVIDENCIA IND E COMERCIO,SÃO JOSÉ DOS PINHAIS,8.3015e+07,20974,2007-07-25 00:00:00,2015-12-28 00:00:00,Petroquímicos e Borracha,PRIVADO,SEDE,PR
CANCELADA,30.418.658/0001-89,COMPANHIA SECURITIZADORA DE CRÉD. FINANCEIROS VERT-NEXOOS,SÃO PAULO,5.407e+06,24520,2018-08-28 00:00:00,2022-06-30 00:00:00,Securitização de Recebíveis,PRIVADO,SEDE,SP
CANCELADA,37.368.315/0001-04,COMPANHIA SECURITIZADORA DE CRÉDITOS FINANCEIROS - VERT 5,SÃO PAULO,5.407e+06,25593,2021-02-18 00:00:00,2022-06-30 00:00:00,Securitização de Recebíveis,PRIVADO,SEDE,SP
ATIVO,27.137.879/0001-74,COMPANHIA SECURITIZADORA DE CRÉDITOS FINANCEIROS CARTÕES CONSIGNADOS I,SÃO PAULO,5.407e+06,24147,2017-06-14 00:00:00,2017-06-14 00:00:00,Securitização de Recebíveis,PRIVADO,SEDE,SP
CANCELADA,32.770.457/0001-71,COMPANHIA SECURITIZADORA DE CREDITOS FINANCEIROS VERT-GYRA,SÃO PAULO,5.407e+06,25020,2020-07-30 00:00:00,2022-06-30 00:00:00,Securitização de Recebíveis,PRIVADO,SEDE,SP
CANCELADA,34.469.625/0001-19,COMPANHIA SECURITIZADORA DE CRÉDITOS FINANCEIROS VERT-PROVI,SÃO PAULO,5.407e+06,25267,2020-11-05 00:00:00,2022-06-30 00:00:00,Securitização de Recebíveis,PRIVADO,SEDE,SP
CANCELADA,30.219.233/0001-40,COMPANHIA SECURITIZADORA DE CRÉDITOS FINANCEIROS VERT-REBEL,SÃO PAULO,5.407e+06,24511,2018-08-28 00:00:00,2022-06-30 00:00:00,Securitização de Recebíveis,PRIVADO,SEDE,SP
CANCELADA,35.522.281/0001-27,COMPANHIA SECURITIZADORA DE CRÉDITOS FINANCEIROS VERT-VIRTUS,SÃO PAULO,5.407e+06,26263,2021-10-01 00:00:00,2022-06-30 00:00:00,Securitização de Recebíveis,PRIVADO,SEDE,SP
CANCELADA,02.790.893/0001-41,COMPANHIA SIDERÚRGICA PAULISTA - COSIPA,SÃO PAULO,4.311e+06,18317,1999-06-14 00:00:00,2005-04-05 00:00:00,Metalurgia e Siderurgia,PRIVADO,SEDE,SP
CANCELADA,60.651.726/0001-16,COMPANHIA SUZANO DE PAPEL E CELULOSE,SÃO PAULO,1.45292e+06,4065,1977-07-20 00:00:00,2004-06-30 00:00:00,Papel e Celulose,PRIVADO,SEDE,SP
ATIVO,87.762.563/0001-03,COMPANHIIA HABITASUL DE PARTICIPAÇÕES,PORTO ALEGRE,9.04809e+07,3298,1982-04-19 00:00:00,1982-04-19 00:00:00,Emp. Adm. Part. - Crédito Imobiliário,PRIVADO,SEDE,RS
CANCELADA,97.406.706/0001-90,COMPAQ FINANCIAL SERVICES ARREND MERC SA,RIO DE JANEIRO,2.00101e+07,14990,1995-08-11 00:00:00,2004-04-22 00:00:00,Arrendamento Mercantil,ESTRANGEIRO,SEDE,RJ
CANCELADA,04.928.297/0001-00,COMPAR CIA PAR REFRIGERANTES,MANAUS,6.9013e+07,4588,1977-07-20 00:00:00,1993-02-03 00:00:00,Bebidas e Fumo,PRIVADO,SEDE,AM
ATIVO,21.389.501/0001-81,COMPASS GÁS E ENERGIA S.A.,SÃO PAULO,4.53813e+06,25127,2020-09-28 00:00:00,2020-09-28 00:00:00,"Emp. Adm. Part. - Saneamento, Serv. Água e Gás",PRIVADO,SEDE,SP
ATIVO,21.389.501/0001-81,COMPASS GÁS E ENERGIA S.A.,SÃO PAULO,4.53813e+06,25127,2020-09-28 00:00:00,2020-09-28 00:00:00,"Emp. Adm. Part. - Saneamento, Serv. Água e Gás",PRIVADO,SEDE,SP
CANCELADA,61.231.155/0001-23,COMPESCA CIA BRAS DE PESCA - EM LIQUIDAÇÃO,GUARUJÁ,1.143e+07,4596,1977-07-20 00:00:00,2021-08-20 00:00:00,Pesca,PRIVADO,SEDE,SP
CANCELADA,54.540.448/0001-27,COMPUGRAF TECNOL. E SISTEMA SA,SÃO PAULO,1.3049e+06,14230,1993-11-24 00:00:00,1998-09-25 00:00:00,"Máquinas, Equipamentos, Veículos e Peças",PRIVADO,SEDE,SP
ATIVO,10.678.505/0001-63,CONC RODOVIAS DO TIETÊ S.A.- EM RECUPERAÇÃO JUDICIAL,SALTO,1.3321e+07,22721,2012-02-09 00:00:00,2012-02-09 00:00:00,Serviços Transporte e Logística,PRIVADO,SEDE,SP
ATIVO,15.578.569/0001-06,CONC. DO AEROPORTO INTERNACIONAL DE GUARULHOS S.A.,GUARULHOS,7.1901e+06,23515,2014-10-24 00:00:00,2014-10-24 00:00:00,Serviços Transporte e Logística,PRIVADO,SEDE,SP
ATIVO,18.572.225/0001-88,CONCEBRA - CONCESSIONARIA DAS RODOVIAS CENTRAIS DO BRASIL S.A.,GOIÂNIA,7.48846e+07,23868,2016-02-19 00:00:00,2016-02-19 00:00:00,Serviços Transporte e Logística,PRIVADO,SEDE,GO
CANCELADA,01.654.604/0001-14,CONCES DA ROD OSÓRIO-POA S/A - CONCEPA,PORTO ALEGRE,9.023e+07,17590,1998-08-11 00:00:00,2017-12-05 00:00:00,Serviços Transporte e Logística,PRIVADO,SEDE,RS
CANCELADA,02.327.817/0001-02,CONCESSÃO METROVIÁRIA DO RIO DE JANEIRO S.A.,RIO DE JANEIRO,2.021e+07,16810,1998-01-23 00:00:00,2009-11-30 00:00:00,Serviços Transporte e Logística,PRIVADO,SEDE,RJ
ATIVO,10.324.624/0001-18,CONCESSÃO METROVIÁRIA DO RIO DE JANEIRO SA,RIO DE JANEIRO,2.021e+07,22144,2010-09-20 00:00:00,2010-09-20 00:00:00,Serviços Transporte e Logística,PRIVADO HOLDING,SEDE,RJ
ATIVO,10.531.501/0001-58,CONCESSIONARIA AUTO RAPOSO TAVARES SA-CART,BAURU,1.7018e+07,22268,2010-11-22 00:00:00,2010-11-22 00:00:00,Serviços Transporte e Logística,PRIVADO,SEDE,SP
ATIVO,10.531.501/0001-58,CONCESSIONARIA AUTO RAPOSO TAVARES SA-CART,BAURU,1.7018e+07,22268,2010-11-22 00:00:00,2010-11-22 00:00:00,Serviços Transporte e Logística,PRIVADO,SEDE,SP
ATIVO,10.531.501/0001-58,CONCESSIONARIA AUTO RAPOSO TAVARES SA-CART,BAURU,1.7018e+07,22268,2010-11-22 00:00:00,2010-11-22 00:00:00,Serviços Transporte e Logística,PRIVADO,SEDE,SP
CANCELADA,19.726.048/0001-00,CONCESSIONÁRIA BR-040 S.A.,NOVA LIMA,3.40077e+07,23892,2016-03-18 00:00:00,2024-12-18 00:00:00,Serviços Transporte e Logística,PRIVADO HOLDING,SEDE,MG
ATIVO,36.763.716/0001-98,CONCESSIONARIA CATARINENSE DE RODOVIAS S.A.,CAPIVARI DE BAIXO,8.8745e+07,26859,2022-06-21 00:00:00,2022-06-21 00:00:00,Emp. Adm. Part. - Serviços Transporte e Logística,PRIVADO,SEDE,SC
ATIVO,07.682.638/0001-07,CONCESSIONÁRIA DA LINHA 4 DO METRÔ DE SÃO PAULO S.A.,SÃO PAULO,5.522e+06,27731,2024-12-16 00:00:00,2024-12-16 00:00:00,Emp. Adm. Part. - Serviços Transporte e Logística,PRIVADO,SEDE,SP
ATIVO,08.822.767/0001-08,CONCESSIONÁRIA DA RODOVIA MG-050 S.A.,DIVINÓPOLIS,3.55007e+07,24104,2017-03-06 00:00:00,2017-03-06 00:00:00,Serviços Transporte e Logística,PRIVADO,SEDE,MG
ATIVO,10.841.050/0001-55,CONCESSIONÁRIA DAS RODOVIAS AYRTON SENNA E CARVALHO PINTO S/A-ECOPISTAS,SÃO PAULO,8.57801e+06,22411,2011-02-22 00:00:00,2011-02-22 00:00:00,Serviços Transporte e Logística,PRIVADO,SEDE,SP
ATIVO,48.851.242/0001-15,CONCESSIONARIA DAS RODOVIAS DO LESTE MS S/A,CHAPADÃO DO SUL,7.956e+07,27790,2025-03-13 00:00:00,2025-03-13 00:00:00,Serviços Transporte e Logística,PRIVADO,SEDE,MS
ATIVO,32.161.500/0001-00,CONCESSIONÁRIA DAS RODOVIAS INTEGRADAS DO SUL S.A.,PORTO ALEGRE,9.02406e+07,25356,2020-12-04 00:00:00,2020-12-04 00:00:00,Emp. Adm. Part. - Serviços Transporte e Logística,PRIVADO,SEDE,RS
ATIVO,19.642.306/0001-70,CONCESSIONÁRIA DE RODOVIA SUL-MATOGROSSENSE S.A.,CAMPO GRANDE,7.90657e+07,23833,2016-02-03 00:00:00,2016-02-03 00:00:00,Emp. Adm. Part. - Serviços Transporte e Logística,PRIVADO,SEDE,MS
ATIVO,03.207.703/0001-83,CONCESSIONARIA DE RODOVIAS DO INTERIOR PAULISTA S/A,ARARAS,1.3602e+07,21849,2009-11-27 00:00:00,2009-11-27 00:00:00,Serviços Transporte e Logística,PRIVADO HOLDING,SEDE,SP
CANCELADA,02.415.408/0001-50,CONCESSIONARIA DE RODOVIAS DO OESTE DE SP-VIA OESTE SA,BARUERI,6.4634e+06,21024,2007-07-27 00:00:00,2023-11-24 00:00:00,Serviços Transporte e Logística,PRIVADO,SEDE,SP
ATIVO,49.314.049/0001-08,CONCESSIONÁRIA DE RODOVIAS NOROESTE PAULISTA S.A,MATÃO,1.59914e+07,27464,2024-03-26 00:00:00,2024-03-26 00:00:00,Serviços Transporte e Logística,PRIVADO,SEDE,SP
ATIVO,59.196.897/0001-13,CONCESSIONÁRIA DE RODOVIAS PRVIAS S.A.,LONDRINA,8.60504e+07,27898,2025-08-19 00:00:00,2025-08-19 00:00:00,Emp. Adm. Part. - Serviços Transporte e Logística,PRIVADO,SEDE,PR
ATIVO,02.451.848/0001-62,CONCESSIONÁRIA DO SISTEMA ANHANGUERA-BANDEIRANTES S.A.,JUNDIAÍ,1.32095e+07,20192,2006-07-19 00:00:00,2006-07-19 00:00:00,Serviços Transporte e Logística,PRIVADO,SEDE,SP
ATIVO,02.451.848/0001-62,CONCESSIONÁRIA DO SISTEMA ANHANGUERA-BANDEIRANTES S.A.,JUNDIAÍ,1.32095e+07,20192,2006-07-19 00:00:00,2006-07-19 00:00:00,Serviços Transporte e Logística,PRIVADO,SEDE,SP
ATIVO,44.319.688/0001-42,CONCESSIONÁRIA DO SISTEMA RODOVIÁRIO RIO-SÃO PAULO S.A.,SANTA ISABEL,7.5e+06,27421,2024-01-24 00:00:00,2024-01-24 00:00:00,Emp. Adm. Part. - Serviços Transporte e Logística,PRIVADO,SEDE,SP
ATIVO,15.090.690/0001-94,CONCESSIONARIA ECOVIAS DO ARAGUAIA S.A.,ANÁPOLIS,7.51104e+07,26638,2022-03-15 00:00:00,2022-03-15 00:00:00,Serviços Transporte e Logística,PRIVADO,SEDE,GO
ATIVO,35.593.905/0001-05,CONCESSIONÁRIA ECOVIAS DO CERRADO S.A.,UBERLÂNDIA,3.84066e+07,26581,2022-01-04 00:00:00,2022-01-04 00:00:00,Serviços Transporte e Logística,PRIVADO,SEDE,MG
ATIVO,02.509.491/0001-26,CONCESSIONARIA ECOVIAS DOS IMIGRANTES SA,SÃO BERNARDO DO CAMPO,9.845e+06,20397,2006-12-18 00:00:00,2006-12-18 00:00:00,Serviços Transporte e Logística,PRIVADO,SEDE,SP
ATIVO,22.163.297/0001-49,CONCESSIONARIA PONTE RIO-NITERÓI S.A. - ECOPONTE,NITERÓI,2.40503e+07,24139,2017-05-25 00:00:00,2017-05-25 00:00:00,Serviços Transporte e Logística,PRIVADO,SEDE,RJ
ATIVO,00.938.574/0001-05,CONCESSIONARIA RIO-TERESOPOLIS SA,RIO DE JANEIRO,2.00213e+07,19208,2001-12-26 00:00:00,2001-12-26 00:00:00,Serviços Transporte e Logística,PRIVADO,SEDE,RJ
ATIVO,00.938.574/0001-05,CONCESSIONARIA RIO-TERESOPOLIS SA,RIO DE JANEIRO,2.00213e+07,19208,2001-12-26 00:00:00,2001-12-26 00:00:00,Serviços Transporte e Logística,PRIVADO,SEDE,RJ
ATIVO,50.399.553/0001-37,CONCESSIONÁRIA RODOANEL NORTE SPE S.A.,SÃO PAULO,4.53813e+06,27782,2025-02-11 00:00:00,2025-02-11 00:00:00,Emp. Adm. Part. - Serviços Transporte e Logística,PRIVADO,SEDE,SP
CANCELADA,00.861.626/0001-92,CONCESSIONÁRIA RODOVIA PRESIDENTE DUTRA S/A,SANTA ISABEL,7.5e+06,19577,2004-08-16 00:00:00,2020-10-23 00:00:00,Emp. Adm. Part. - Serviços Transporte e Logística,PRIVADO,SEDE,SP
ATIVO,51.742.485/0001-20,CONCESSIONÁRIA RODOVIAS DO CAFÉ SPE S.A.,VARGINHA,3.7077e+07,27588,2024-08-09 00:00:00,2024-08-09 00:00:00,Serviços Transporte e Logística,PRIVADO,SEDE,MG
ATIVO,48.127.008/0001-40,CONCESSIONÁRIA RODOVIAS DO SUL DE MINAS SPE S.A.,POUSO ALEGRE,3.75536e+07,27596,2024-08-09 00:00:00,2024-08-09 00:00:00,Serviços Transporte e Logística,PRIVADO,SEDE,MG
ATIVO,48.127.012/0001-08,CONCESSIONÁRIA RODOVIAS DO TRIÂNGULO SPE S.A.,UBERLÂNDIA,3.84053e+07,27537,2024-07-12 00:00:00,2024-07-12 00:00:00,Serviços Transporte e Logística,PRIVADO,SEDE,MG
ATIVO,10.647.979/0001-48,CONCESSIONÁRIA ROTA DAS BANDEIRAS S/A,ITATIBA,1.32528e+07,22071,2010-06-30 00:00:00,2010-06-30 00:00:00,Serviços Transporte e Logística,PRIVADO,SEDE,SP
ATIVO,41.886.692/0001-02,CONCESSIONARIA ROTA DE SANTA MARIA S.A,SANTA CRUZ DO SUL,9.68162e+07,27294,2023-08-24 00:00:00,2023-08-24 00:00:00,Serviços Transporte e Logística,PRIVADO,SEDE,RS
ATIVO,41.886.692/0001-02,CONCESSIONARIA ROTA DE SANTA MARIA S.A,SANTA CRUZ DO SUL,9.68162e+07,27294,2023-08-24 00:00:00,2023-08-24 00:00:00,Serviços Transporte e Logística,PRIVADO,SEDE,RS
ATIVO,19.521.322/0001-04,CONCESSIONÁRIA ROTA DO OESTE S.A.,CUIABÁ,7.8028e+07,23922,2016-06-07 00:00:00,2016-06-07 00:00:00,Serviços Transporte e Logística,PRIVADO,SEDE,MT
ATIVO,15.440.708/0001-30,CONCESSIONÁRIA VIARIO S.A.,RIO DE JANEIRO,2.17412e+07,27405,2024-01-08 00:00:00,2024-01-08 00:00:00,Emp. Adm. Part. - Serviços Transporte e Logística,PRIVADO,SEDE,RJ
CANCELADA,15.103.039/0001-01,CONCIC ENGENHARIA SA,SALVADOR,4.12954e+07,4600,1979-11-20 00:00:00,1998-08-07 00:00:00,"Construção Civil, Mat. Constr. e Decoração",PRIVADO,SEDE,BA
CANCELADA,60.883.824/0001-89,CONCRETEX SA,SÃO PAULO,4.7199e+06,4618,1972-08-09 00:00:00,1993-09-17 00:00:00,"Construção Civil, Mat. Constr. e Decoração",PRIVADO,SEDE,SP
CANCELADA,01.284.807/0001-66,CONDOMINIUM VILLAGE SA,CURITIBA,8.05422e+07,15660,1996-08-16 00:00:00,2007-01-09 00:00:00,"Construção Civil, Mat. Constr. e Decoração",PRIVADO,SEDE,PR
CANCELADA,04.088.846/0001-86,CONEPAR PETROQUIMICA SA,VÁRZEA PAULISTA,1.3224e+07,19054,2001-10-08 00:00:00,2002-12-18 00:00:00,Emp. Adm. Participações,PRIVADO HOLDING,SEDE,SP
CANCELADA,60.882.628/0001-90,CONFAB INDUSTRIAL SA,SÃO CAETANO DO SUL,9.5101e+06,4650,1980-08-21 00:00:00,2012-05-11 00:00:00,Metalurgia e Siderurgia,ESTRANGEIRO,SEDE,SP
CANCELADA,02.736.470/0001-43,CONFIANZA SECURITIZADORA SA,SÃO PAULO,4.55101e+06,18236,1999-05-04 00:00:00,2023-05-03 00:00:00,Emp. Adm. Part. - Securitização de Recebíveis,PRIVADO,SEDE,SP
CANCELADA,59.106.484/0001-09,CONFORJA SA CONEXOES DE ACO,DIADEMA,9.91305e+06,4677,1981-12-17 00:00:00,2005-12-20 00:00:00,Metalurgia e Siderurgia,PRIVADO,SEDE,SP
CANCELADA,01.123.176/0001-01,CONOVER TRADING SA,SÃO PAULO,4.6719e+06,15563,1996-05-17 00:00:00,1999-04-23 00:00:00,Comércio Exterior,ESTRANGEIRO,SEDE,SP
CANCELADA,43.081.017/0001-23,CONPART IND ELETRONICA S/A,FORTALEZA,6.01908e+07,13544,1989-09-01 00:00:00,2005-03-22 00:00:00,"Máquinas, Equipamentos, Veículos e Peças",PRIVADO,SEDE,CE
CANCELADA,09.116.278/0001-01,CONPEL CIA. NORDESTINA DE PAPEL - EM RECUPERAÇÃO JUDICIAL,CONDE,5.8322e+07,4685,1977-07-20 00:00:00,2025-08-20 00:00:00,Embalagens,PRIVADO,SEDE,PB
ATIVO,97.191.902/0001-94,CONSERVAS ODERICH SA,SÃO SEBASTIÃO DO CAÍ,9.576e+07,4693,1977-07-20 00:00:00,1977-07-20 00:00:00,Alimentos,PRIVADO,SEDE,RS
CANCELADA,29.894.663/0001-89,CONSIGNADOS I COMPANHIA SECURITIZADORA DE CRÉDITOS FINANCEIROS,SÃO PAULO,4.506e+06,24899,2020-01-21 00:00:00,2022-06-30 00:00:00,Securitização de Recebíveis,PRIVADO HOLDING,SEDE,SP
CANCELADA,17.193.806/0001-46,CONSORCIO ALFA DE ADMINISTRACAO S.A,SÃO PAULO,1.418e+06,4707,1977-07-20 00:00:00,2024-03-28 00:00:00,Emp. Adm. Part. - Intermediação Financeira,PRIVADO HOLDING,SEDE,SP
CANCELADA,01.395.591/0001-06,CONSPREVI SA,FLORIANÓPOLIS,8.80152e+07,15814,1996-10-14 00:00:00,2001-06-28 00:00:00,"Construção Civil, Mat. Constr. e Decoração",PRIVADO,SEDE,SC
CANCELADA,17.262.213/0001-94,CONST ANDRADE GUTIERREZ SA,BELO HORIZONTE,3.0469e+07,4740,1977-07-20 00:00:00,1991-03-06 00:00:00,"Construção Civil, Mat. Constr. e Decoração",PRIVADO,SEDE,MG
CANCELADA,43.382.027/0001-07,CONST CENTENARIO SA EMP E PART,SÃO PAULO,4.565e+06,13277,1988-01-27 00:00:00,1990-12-27 00:00:00,"Construção Civil, Mat. Constr. e Decoração",PRIVADO,SEDE,SP
CANCELADA,60.395.167/0001-20,CONST CIVIL INDL SA,SÃO PAULO,1.042e+06,4766,1977-07-20 00:00:00,1991-12-26 00:00:00,"Construção Civil, Mat. Constr. e Decoração",PRIVADO,SEDE,SP
CANCELADA,46.014.635/0001-49,CONST LIX DA CUNHA SA,CAMPINAS,1.30151e+07,4774,1977-07-20 00:00:00,2019-08-23 00:00:00,"Construção Civil, Mat. Constr. e Decoração",PRIVADO,SEDE,SP
CANCELADA,33.265.695/0001-92,CONST PRESIDENTE SA,RIO DE JANEIRO,2.2281e+07,11959,1984-07-25 00:00:00,1990-01-02 00:00:00,"Construção Civil, Mat. Constr. e Decoração",PRIVADO,SEDE,RJ
CANCELADA,61.522.512/0001-02,CONSTRUCOES COM CAM CORREA SA,SÃO PAULO,4.5519e+06,4715,1977-07-20 00:00:00,1998-09-30 00:00:00,"Construção Civil, Mat. Constr. e Decoração",PRIVADO,SEDE,SP
ATIVO,61.022.042/0001-18,CONSTRUTORA ADOLPHO LINDENBERG S.A.,SÃO PAULO,4.534e+06,4723,1977-07-20 00:00:00,1977-07-20 00:00:00,"Construção Civil, Mat. Constr. e Decoração",PRIVADO,SEDE,SP
CANCELADA,61.192.373/0001-04,CONSTRUTORA BETER SA,SÃO PAULO,5.5641e+06,4758,1977-07-20 00:00:00,2016-08-30 00:00:00,"Construção Civil, Mat. Constr. e Decoração",PRIVADO,SEDE,SP
ATIVO,27.743.642/0001-37,CONSTRUTORA METROCASA S.A.,SÃO PAULO,1.04693e+06,27340,2023-11-01 00:00:00,2023-11-01 00:00:00,"Construção Civil, Mat. Constr. e Decoração",PRIVADO,SEDE,SP
CANCELADA,15.102.288/0001-82,CONSTRUTORA NORBERTO ODEBRECHT S.A.,RIO DE JANEIRO,2.225e+07,4790,1977-07-20 00:00:00,2002-04-26 00:00:00,"Construção Civil, Mat. Constr. e Decoração",PRIVADO,SEDE,RJ
ATIVO,89.723.993/0001-33,CONSTRUTORA SULTEPA S.A. - EM RECUPERAÇÃO JUDICIAL,PORTO ALEGRE,9.10604e+07,13030,1986-09-29 00:00:00,1986-09-29 00:00:00,"Construção Civil, Mat. Constr. e Decoração",PRIVADO,SEDE,RS
ATIVO,71.476.527/0001-35,CONSTRUTORA TENDA S/A,SÃO PAULO,1.01491e+06,21148,2007-10-11 00:00:00,2007-10-11 00:00:00,"Construção Civil, Mat. Constr. e Decoração",PRIVADO,SEDE,SP
CANCELADA,84.684.349/0001-80,CONSUL SA,JOINVILLE,8.92199e+07,4804,1976-01-02 00:00:00,1994-05-16 00:00:00,"Máquinas, Equipamentos, Veículos e Peças",PRIVADO,SEDE,SC
CANCELADA,17.632.564/0001-40,CONSULT SECURITIZADORA S/A,CURITIBA,8.053e+07,23256,2013-10-25 00:00:00,2015-02-27 00:00:00,Securitização de Recebíveis,PRIVADO,SEDE,PR
CANCELADA,31.594.055/0001-09,CONTAGEM SECURITIZADORA DE CRÉDITOS FINANCEIROS S.A.,RIO DE JANEIRO,2.27906e+07,24651,2019-02-27 00:00:00,2020-09-04 00:00:00,Securitização de Recebíveis,PRIVADO,SEDE,RJ
ATIVO,04.032.433/0001-80,CONTAX PARTICIPAÇÕES S.A. - EM RECUPERAÇÃO JUDICIAL,RIO DE JANEIRO,2.0081e+07,19100,2001-10-29 00:00:00,2001-10-29 00:00:00,Emp. Adm. Part. - Comunicação e Informática,PRIVADO,SEDE,RJ
CANCELADA,61.535.241/0001-20,CONTEX CONFECÇÕES TEXTEIS SA,RIO DE JANEIRO,2.205e+07,13820,1991-04-26 00:00:00,2010-01-04 00:00:00,Têxtil e Vestuário,PRIVADO,SEDE,RJ
CANCELADA,17.250.986/0001-50,CONVAP ENG CONSTRUCOES SA,BELO HORIZONTE,3.0312e+07,4731,1982-01-11 00:00:00,1997-07-29 00:00:00,"Construção Civil, Mat. Constr. e Decoração",PRIVADO,SEDE,MG
CANCELADA,09.462.850/0001-86,COPACABANA PRINCE PARTICIPAÇÕES S.A.,SÃO PAULO,1.012e+06,21598,2008-08-07 00:00:00,2011-12-31 00:00:00,Emp. Adm. Part. - Sem Setor Principal,PRIVADO HOLDING,SEDE,SP
CANCELADA,04.895.066/0001-48,COPALA INDUSTRIAS REUNIDAS SA,BELÉM,6.60752e+07,4812,1977-07-20 00:00:00,2010-01-04 00:00:00,Metalurgia e Siderurgia,PRIVADO,SEDE,PA
ATIVO,04.368.898/0001-06,COPEL DISTRIBUIÇÃO S.A.,CURITIBA,8.12002e+07,26808,2022-05-19 00:00:00,2022-05-19 00:00:00,Energia Elétrica,ESTATAL HOLDING,SEDE,PR
ATIVO,04.370.282/0001-70,COPEL GERAÇÃO E TRANSMISSÃO S/A,CURITIBA,8.12002e+07,24740,2019-06-27 00:00:00,2019-06-27 00:00:00,Energia Elétrica,ESTATAL HOLDING,SEDE,PR
CANCELADA,15.660.004/0001-73,COPENE PARTICIPAÇÕES S/A,CAMAÇARI,4.281e+07,4642,1982-09-28 00:00:00,2005-04-19 00:00:00,Emp. Adm. Participações,PRIVADO HOLDING,SEDE,BA
CANCELADA,10.265.949/0001-77,COPERSUCAR SA,SÃO PAULO,1.311e+06,22535,2011-07-19 00:00:00,2011-08-12 00:00:00,"Agricultura (Açúcar, Álcool e Cana)",PRIVADO,SEDE,SP
CANCELADA,88.948.492/0001-92,COPESUL - COMPANHIA PETROQUÍMICA DO SUL,TRIUNFO,9.5853e+07,14044,1992-11-11 00:00:00,2007-10-17 00:00:00,Petroquímicos e Borracha,PRIVADO,SEDE,RS
CANCELADA,29.845.329/0001-35,COPISEC SECURITIZADORA DE CRÉDITOS FINANCEIROS SA,RIO DE JANEIRO,2.27906e+07,24570,2018-10-26 00:00:00,2020-09-04 00:00:00,Securitização de Recebíveis,PRIVADO,SEDE,RJ
CANCELADA,92.670.959/0001-52,CORBETTA SA IND COM,MUÇUM,9.797e+07,4839,1980-09-10 00:00:00,2007-08-07 00:00:00,Têxtil e Vestuário,PRIVADO,SEDE,RS
CANCELADA,25.865.452/0001-67,COREVA SA PRO AGRI PEC IND COM,SÃO PAULO,1.31e+06,4847,1971-07-28 00:00:00,2005-12-20 00:00:00,Petroquímicos e Borracha,PRIVADO,SEDE,SP
ATIVO,08.845.676/0001-98,CORPÓREOS - SERVIÇOS TERAPÊUTICOS S.A.,SÃO PAULO,4.51705e+06,27669,2024-10-03 00:00:00,2024-10-03 00:00:00,Serviços Médicos,PRIVADO,SEDE,SP
CANCELADA,15.101.405/0001-93,CORRÊA RIBEIRO S/A COMÉRCIO E INDÚSTRIA,SALVADOR,4.182e+07,4863,1977-07-20 00:00:00,2024-01-29 00:00:00,"Construção Civil, Mat. Constr. e Decoração",PRIVADO HOLDING,SEDE,BA
ATIVO,15.114.494/0001-02,CORREDOR LOGÍSTICA E INFRAESTRUTURA S.A.,SÃO PAULO,4.5789e+06,27260,2023-08-09 00:00:00,2023-08-09 00:00:00,Serviços Transporte e Logística,PRIVADO,SEDE,SP
CANCELADA,62.092.739/0001-28,COSAN ALIMENTOS S.A.,TARUMÃ,1.982e+07,20923,2007-07-16 00:00:00,2010-06-04 00:00:00,"Agricultura (Açúcar, Álcool e Cana)",PRIVADO,SEDE,SP
CANCELADA,17.346.997/0001-39,COSAN LOGÍSTICA S.A.,SÃO PAULO,4.53813e+06,23485,2014-09-11 00:00:00,2021-01-22 00:00:00,Serviços Transporte e Logística,PRIVADO HOLDING,SEDE,SP
ATIVO,50.746.577/0001-15,COSAN S.A.,SÃO PAULO,4.53813e+06,19836,2005-10-26 00:00:00,2005-10-26 00:00:00,"Agricultura (Açúcar, Álcool e Cana)",PRIVADO,SEDE,SP
ATIVO,50.746.577/0001-15,COSAN S.A.,SÃO PAULO,4.53813e+06,19836,2005-10-26 00:00:00,2005-10-26 00:00:00,"Agricultura (Açúcar, Álcool e Cana)",PRIVADO,SEDE,SP
CANCELADA,44.689.123/0001-57,COSTA PINTO S.A.,SÃO PAULO,4.54301e+06,12220,1985-01-16 00:00:00,2013-03-25 00:00:00,"Agricultura (Açúcar, Álcool e Cana)",PRIVADO,SEDE,SP
CANCELADA,61.190.047/0001-50,COTONIFICIO BELTRAMO SA,OSASCO,6.09e+06,4871,1923-05-23 00:00:00,1988-10-19 00:00:00,Têxtil e Vestuário,PRIVADO,SEDE,SP
CANCELADA,09.929.746/0001-59,COTONOFICIO JOSE RUFINO SA,CABO DE SANTO AGOSTINHO,5.45e+07,4901,1981-10-28 00:00:00,2005-12-20 00:00:00,Têxtil e Vestuário,PRIVADO,SEDE,PE
CANCELADA,03.410.855/0001-89,CP CIMENTO E PARTICIPAÇÕES  S/A,RIO DE JANEIRO,2.00309e+07,19216,2002-01-22 00:00:00,2011-03-21 00:00:00,Emp. Adm. Part. - Extração Mineral,PRIVADO,SEDE,RJ
ATIVO,02.429.144/0001-93,CPFL ENERGIA SA,CAMPINAS,1.30874e+07,18660,2000-05-18 00:00:00,2000-05-18 00:00:00,Emp. Adm. Part. - Energia Elétrica,PRIVADO HOLDING,SEDE,SP
ATIVO,02.429.144/0001-93,CPFL ENERGIA SA,CAMPINAS,1.30874e+07,18660,2000-05-18 00:00:00,2000-05-18 00:00:00,Emp. Adm. Part. - Energia Elétrica,PRIVADO HOLDING,SEDE,SP
ATIVO,08.439.659/0001-50,CPFL ENERGIAS RENOVÁVEIS S.A.,CAMPINAS,1.30874e+07,20540,2007-03-08 00:00:00,2007-03-08 00:00:00,Emp. Adm. Part. - Energia Elétrica,PRIVADO,SEDE,SP
ATIVO,08.439.659/0001-50,CPFL ENERGIAS RENOVÁVEIS S.A.,CAMPINAS,1.30874e+07,20540,2007-03-08 00:00:00,2007-03-08 00:00:00,Emp. Adm. Part. - Energia Elétrica,PRIVADO,SEDE,SP
CANCELADA,03.953.509/0001-47,CPFL GERAÇÃO DE ENERGIA S/A,CAMPINAS,1.30874e+07,18953,2001-06-07 00:00:00,2026-01-22 00:00:00,Energia Elétrica,PRIVADO,SEDE,SP
CANCELADA,02.150.569/0001-69,CPFL JAGUARIÚNA S.A.,JAGUARIÚNA,1.382e+07,20281,2006-09-21 00:00:00,2007-10-24 00:00:00,Energia Elétrica,PRIVADO,SEDE,SP
ATIVO,92.715.812/0001-31,CPFL TRANSMISSÃO S.A.,PORTO ALEGRE,9.02302e+07,3204,1970-01-07 00:00:00,1970-01-07 00:00:00,Energia Elétrica,ESTATAL,SEDE,RS
ATIVO,92.715.812/0001-31,CPFL TRANSMISSÃO S.A.,PORTO ALEGRE,9.02302e+07,3204,1970-01-07 00:00:00,1970-01-07 00:00:00,Energia Elétrica,ESTATAL,SEDE,RS
CANCELADA,65.599.953/0001-63,CPM BRAXIS S/A,BARUERI,6.455e+06,20290,2006-09-22 00:00:00,2007-09-04 00:00:00,Comunicação e Informática,ESTRANGEIRO HOLDING,SEDE,SP
ATIVO,10.158.356/0001-01,CPX DISTRIBUIDORA S.A.,ITAJAÍ,8.8316e+07,27839,2025-06-30 00:00:00,2025-06-30 00:00:00,Comércio (Atacado e Varejo),PRIVADO,SEDE,SC
CANCELADA,07.081.339/0001-09,CR2 CIA SECURITIZADORA DE CREDITOS IMOBILIÁRIOS,RIO DE JANEIRO,2.00101e+07,19666,2005-02-16 00:00:00,2009-07-29 00:00:00,Securitização de Recebíveis,PRIVADO,SEDE,RJ
CANCELADA,21.331.849/0001-18,CREDGRID SERVIÇOS FINANCEIROS S.A.,SÃO PAULO,4.794e+06,26972,2022-10-11 00:00:00,2023-04-28 00:00:00,Emp. Adm. Part. - Intermediação Financeira,PRIVADO,SEDE,SP
CANCELADA,34.098.442/0001-34,CREDICARD SA ADMN CARTOES CRED,SÃO PAULO,1.451e+06,4936,1981-10-02 00:00:00,1987-07-01 00:00:00,Serviços Diversos,PRIVADO,SEDE,SP
CANCELADA,49.923.766/0001-37,CREDIT COMML FRANCE SA AR MERC,SÃO PAULO,1.31e+06,11665,1980-09-22 00:00:00,1987-08-25 00:00:00,Arrendamento Mercantil,PRIVADO,SEDE,SP
CANCELADA,82.641.325/0001-18,CREMER SA,BLUMENAU,8.903e+07,4960,1969-08-20 00:00:00,2004-05-07 00:00:00,Têxtil e Vestuário,PRIVADO,SEDE,SC
CANCELADA,82.641.325/0001-18,CREMER SA,BLUMENAU,8.903e+07,20141,2006-06-30 00:00:00,2018-11-22 00:00:00,Têxtil e Vestuário,PRIVADO,SEDE,SC
CANCELADA,15.104.060/0001-21,CRESAL EXP SA IND E COMERCIO,SALVADOR,4.001e+07,12955,1986-08-05 00:00:00,1995-04-18 00:00:00,Comércio Exterior,PRIVADO,SEDE,BA
ATIVO,62.984.091/0001-02,CRUZEIRO DO SUL EDUCACIONAL S.A.,SÃO PAULO,4.013e+06,25526,2021-02-09 00:00:00,2021-02-09 00:00:00,Educação,PRIVADO,SEDE,SP
CANCELADA,33.258.518/0001-89,CRUZEIRO DO SUL SA SERV AEREOS,RIO DE JANEIRO,2.0021e+07,4995,1979-09-25 00:00:00,1993-01-27 00:00:00,Serviços Transporte e Logística,PRIVADO,SEDE,RJ
CANCELADA,35.502.310/0001-99,CS BRASIL PARTICIPAÇÕES E LOCAÇÕES S.A.,MOGI DAS CRUZES,8.7459e+06,25739,2021-04-26 00:00:00,2022-05-04 00:00:00,Serviços Transporte e Logística,PRIVADO,SEDE,SP
CANCELADA,05.889.284/0001-32,CSA-COMPANHIA SECURITIZADORA DE ATIVOS,SÃO PAULO,1.2282e+06,19470,2003-12-16 00:00:00,2022-06-01 00:00:00,Securitização de Recebíveis,PRIVADO,SEDE,SP
CANCELADA,00.624.910/0001-45,CSM CARTOES DE SEGURANCA SA,SOROCABA,1.80526e+07,16020,1997-01-02 00:00:00,2001-04-23 00:00:00,"Máquinas, Equipamentos, Veículos e Peças",PRIVADO,SEDE,SP
ATIVO,08.902.291/0001-15,CSN MINERAÇÃO S.A.,CONGONHAS,3.6415e+07,25585,2021-02-12 00:00:00,2021-02-12 00:00:00,Extração Mineral,PRIVADO,SEDE,MG
ATIVO,01.896.779/0001-38,CSU DIGITAL S.A.,BARUERI,6.44018e+06,20044,2006-04-25 00:00:00,2006-04-25 00:00:00,Emp. Adm. Part. - Sem Setor Principal,PRIVADO,SEDE,SP
ATIVO,06.981.381/0001-13,CTC - CENTRO DE TECNOLOGIA CANAVIEIRA S.A.,PIRACICABA,1.34339e+07,23981,2016-08-24 00:00:00,2016-08-24 00:00:00,"Agricultura (Açúcar, Álcool e Cana)",PRIVADO,SEDE,SP
CANCELADA,02.432.056/0001-40,CTMR CELULAR SA,PELOTAS,9.60153e+07,17086,1998-05-06 00:00:00,2003-07-31 00:00:00,Telecomunicações,PRIVADO,SEDE,RS
CANCELADA,06.879.308/0001-35,CTN AGROINDUSTRIA E PARTICIPAÇÕES S/A,MARACANAÚ,6.19391e+07,16799,1998-01-13 00:00:00,2007-03-09 00:00:00,Têxtil e Vestuário,PRIVADO,SEDE,CE
CANCELADA,09.601.322/0001-60,CTX PARTICIPAÇÕES S/A - EM LIQUIDAÇÃO,RIO DE JANEIRO,2.0081e+07,21652,2008-10-09 00:00:00,2017-03-31 00:00:00,Emp. Adm. Part. - Telecomunicações,PRIVADO,SEDE,RJ
CANCELADA,61.323.226/0001-18,CURT SA,SÃO PAULO,4.607e+06,12076,1984-11-23 00:00:00,2005-12-20 00:00:00,"Máquinas, Equipamentos, Veículos e Peças",PRIVADO,SEDE,SP
CANCELADA,13.073.580/0001-99,CURTUME INDL NE B SA CURTINBRA,PORTO ALEGRE,9.563e+07,5002,1977-07-20 00:00:00,1994-04-27 00:00:00,Têxtil e Vestuário,PRIVADO,SEDE,RS
CANCELADA,06.269.435/0001-12,CURTUMES DO NORDESTE SA,SÃO LUÍS,6.504e+07,5010,1977-07-20 00:00:00,2005-08-09 00:00:00,Têxtil e Vestuário,PRIVADO,SEDE,MA
ATIVO,08.797.760/0001-83,CURY CONSTRUTORA E INCORPORADORA S.A.,SÃO PAULO,4.55106e+06,25100,2020-09-17 00:00:00,2020-09-17 00:00:00,"Construção Civil, Mat. Constr. e Decoração",PRIVADO,SEDE,SP
ATIVO,10.760.260/0001-19,CVC BRASIL OPERADORA E AGÊNCIA DE VIAGENS SA,SANTO ANDRÉ,9.0904e+06,23310,2013-12-05 00:00:00,2013-12-05 00:00:00,Hospedagem e Turismo,PRIVADO,SEDE,SP
ATIVO,10.760.260/0001-19,CVC BRASIL OPERADORA E AGÊNCIA DE VIAGENS SA,SANTO ANDRÉ,9.0904e+06,23310,2013-12-05 00:00:00,2013-12-05 00:00:00,Hospedagem e Turismo,PRIVADO,SEDE,SP
ATIVO,16.233.389/0001-55,CVLB BRASIL S.A.,RIO DE JANEIRO,2.00119e+07,25542,2021-02-10 00:00:00,2021-02-10 00:00:00,Comércio (Atacado e Varejo),PRIVADO,SEDE,RJ
ATIVO,73.178.600/0001-18,CYRELA BRAZIL REALTY S.A.EMPREEND E PART,SÃO PAULO,4.552e+06,14460,1994-07-07 00:00:00,1994-07-07 00:00:00,"Construção Civil, Mat. Constr. e Decoração",PRIVADO,SEDE,SP
CANCELADA,96.735.006/0001-86,CZARINA SA,NOVO HAMBURGO,9.332e+07,12742,1986-05-13 00:00:00,2007-02-14 00:00:00,Têxtil e Vestuário,PRIVADO,SEDE,RS
CANCELADA,61.482.725/0001-58,D F VASCONC SA OPT MEC A PREC,SÃO PAULO,4.0629e+06,5029,1977-07-20 00:00:00,2007-04-20 00:00:00,"Máquinas, Equipamentos, Veículos e Peças",PRIVADO,SEDE,SP
ATIVO,12.108.897/0001-50,D1000 VAREJO FARMA PARTICIPAÇÕES S.A.,RIO DE JANEIRO,2.2775e+07,25046,2020-08-06 00:00:00,2020-08-06 00:00:00,Comércio (Atacado e Varejo),PRIVADO HOLDING,SEDE,RJ
CANCELADA,59.172.676/0001-05,DACUNHA SA,SÃO BERNARDO DO CAMPO,9.82e+06,5037,1977-07-20 00:00:00,1992-11-23 00:00:00,Serviços Transporte e Logística,PRIVADO,SEDE,SP
CANCELADA,27.179.753/0001-62,DADALTO SA,VITÓRIA,2.9e+07,5045,1982-12-17 00:00:00,1990-06-07 00:00:00,Comércio (Atacado e Varejo),PRIVADO,SEDE,ES
CANCELADA,02.312.604/0001-07,DALETH PARTICIPAÇÕES SA - EM LIQUIDAÇÃO,RIO DE JANEIRO,2.00409e+07,16950,1998-03-06 00:00:00,2017-05-30 00:00:00,"Emp. Adm. Part. - Saneamento, Serv. Água e Gás",PRIVADO HOLDING,SEDE,RJ
CANCELADA,92.758.085/0001-90,DANA-ALBARUS S.A. INDÚSTRIA E COMÉRCIO,GRAVATAÍ,9.40454e+07,248,1977-07-20 00:00:00,2005-08-05 00:00:00,"Máquinas, Equipamentos, Veículos e Peças",PRIVADO,SEDE,RS
CANCELADA,01.287.588/0001-79,DASS NORDESTE CALÇADOS E ARTIGOS ESPORTIVOS S.A.,ITAPIPOCA,6.25e+07,24414,2018-04-26 00:00:00,2018-11-09 00:00:00,Têxtil e Vestuário,PRIVADO,SEDE,CE
CANCELADA,33.387.382/0001-07,DATAMEC SA SIST PROC DE DADOS,RIO DE JANEIRO,2.02589e+07,5061,1977-07-20 00:00:00,2000-04-20 00:00:00,Comunicação e Informática,ESTATAL,SEDE,RJ
CANCELADA,03.114.361/0001-57,DATASUL S/A,JOINVILLE,8.92229e+07,20095,2006-05-30 00:00:00,2008-10-13 00:00:00,Comunicação e Informática,PRIVADO,SEDE,SC
CANCELADA,07.704.246/0001-93,DATORA PARTICIPAÇÕES E SERVIÇOS S/A,NOVA LIMA,3.40061e+07,26557,2021-12-22 00:00:00,2024-07-16 00:00:00,Comunicação e Informática,PRIVADO,SEDE,MG
CANCELADA,88.616.735/0001-95,DE ANTONI SA MAQS IMPL AGRIC,CAXIAS DO SUL,9.503e+07,5070,1977-07-20 00:00:00,1992-08-13 00:00:00,"Máquinas, Equipamentos, Veículos e Peças",PRIVADO,SEDE,RS
CANCELADA,61.146.650/0001-34,DE MAIO GALLO S.A IND. COM. PÇS P/ AUTOM,LIMEIRA,1.34864e+07,5088,1977-07-20 00:00:00,2004-06-22 00:00:00,"Máquinas, Equipamentos, Veículos e Peças",PRIVADO,SEDE,SP
CANCELADA,54.360.912/0001-01,DEDINI SA ADM E PARTICIPACOES,PIRACICABA,1.34149e+07,5096,1979-02-12 00:00:00,1999-03-30 00:00:00,Emp. Adm. Participações,PRIVADO,SEDE,SP
CANCELADA,48.170.765/0001-04,DEDINI SA SIDERURGICA,PIRACICABA,1.34e+07,5100,1980-12-23 00:00:00,1990-10-12 00:00:00,Metalurgia e Siderurgia,PRIVADO,SEDE,SP
CANCELADA,59.359.539/0001-84,DEDIPAR SA PARTICIPACOES,PIRACICABA,1.34e+07,13625,1990-02-02 00:00:00,1992-04-14 00:00:00,Emp. Adm. Participações,PRIVADO,SEDE,SP
CANCELADA,12.395.010/0001-52,DELUXE MOTORS S.A.,CURITIBA,8.00401e+07,23191,2013-09-09 00:00:00,2016-01-07 00:00:00,Emp. Adm. Part. - Serviços Transporte e Logística,PRIVADO,SEDE,PR
CANCELADA,62.464.904/0001-25,DERSA DESENVOLVIMENTO RODOVIARIO SA,SÃO PAULO,4.54291e+06,14699,1994-12-23 00:00:00,2009-11-25 00:00:00,Serviços Transporte e Logística,ESTATAL,SEDE,SP
CANCELADA,81.106.957/0001-19,DESCARBONIZE SOLUÇÕES S.A.,MARINGÁ,8.70452e+07,27278,2023-08-16 00:00:00,2024-10-07 00:00:00,"Máquinas, Equipamentos, Veículos e Peças",PRIVADO,SEDE,PR
ATIVO,08.170.849/0001-15,DESKTOP S.A,NOVA ODESSA,1.3385e+07,26026,2021-07-19 00:00:00,2021-07-19 00:00:00,Telecomunicações,PRIVADO,SEDE,SP
ATIVO,08.170.849/0001-15,DESKTOP S.A,NOVA ODESSA,1.3385e+07,26026,2021-07-19 00:00:00,2021-07-19 00:00:00,Telecomunicações,PRIVADO,SEDE,SP
CANCELADA,47.240.585/0001-80,DESTILARIA R S SA,ASSIS,1.98e+07,5142,1982-06-14 00:00:00,1986-12-10 00:00:00,Petroquímicos e Borracha,PRIVADO,SEDE,SP
ATIVO,97.837.181/0001-47,DEXCO S.A.,SÃO PAULO,1.31094e+06,21091,2007-09-10 00:00:00,2007-09-10 00:00:00,"Construção Civil, Mat. Constr. e Decoração",PRIVADO,SEDE,SP
ATIVO,97.837.181/0001-47,DEXCO S.A.,SÃO PAULO,1.31094e+06,21091,2007-09-10 00:00:00,2007-09-10 00:00:00,"Construção Civil, Mat. Constr. e Decoração",PRIVADO,SEDE,SP
ATIVO,02.193.750/0001-52,DEXXOS PARTICIPAÇÕES S.A.,RIO DE JANEIRO,2.00213e+07,16632,1997-11-20 00:00:00,1997-11-20 00:00:00,Emp. Adm. Part. - Sem Setor Principal,PRIVADO,SEDE,RJ
CANCELADA,57.247.900/0001-55,DFV AUTOMACAO E ROBOTICA SA,SÃO PAULO,4.067e+06,13390,1988-09-26 00:00:00,1992-09-18 00:00:00,"Máquinas, Equipamentos, Veículos e Peças",PRIVADO,SEDE,SP
CANCELADA,92.825.900/0001-96,DHB IND E COMERCIO SA,PORTO ALEGRE,9.02003e+07,5150,1978-03-21 00:00:00,2017-04-12 00:00:00,"Emp. Adm. Part. - Máqs., Equip., Veíc. e Peças",PRIVADO,SEDE,RS
ATIVO,61.486.650/0001-83,DIAGNOSTICOS DA AMERICA SA,BARUERI,6.45501e+06,19623,2004-11-05 00:00:00,2004-11-05 00:00:00,Serviços Médicos,PRIVADO,SEDE,SP
ATIVO,61.486.650/0001-83,DIAGNOSTICOS DA AMERICA SA,BARUERI,6.45501e+06,19623,2004-11-05 00:00:00,2004-11-05 00:00:00,Serviços Médicos,PRIVADO,SEDE,SP
CANCELADA,60.930.468/0001-07,DIAMETRO EMPREENDIMENTOS SA,SÃO PAULO,1.452e+06,5169,1977-07-20 00:00:00,1991-03-01 00:00:00,"Construção Civil, Mat. Constr. e Decoração",PRIVADO,SEDE,SP
CANCELADA,00.664.949/0001-96,DIAMONDMALL SA EMPREENDS PARTS,RIO DE JANEIRO,2.00369e+07,15059,1995-09-27 00:00:00,1997-01-10 00:00:00,Emp. Adm. Participações,PRIVADO,SEDE,RJ
ATIVO,65.654.303/0001-73,DIBENS LEASING S.A.- ARREND. MERCANTIL,SÃO PAULO,4.3449e+06,14214,1993-09-28 00:00:00,1993-09-28 00:00:00,Arrendamento Mercantil,PRIVADO,SEDE,SP
CANCELADA,89.547.269/0001-04,DIGITEL S.A. INDUSTRIA ELETRONICA - EM RECUPERAÇÃO JUDICIAL,ALVORADA,9.48347e+07,12858,1986-06-20 00:00:00,2020-06-15 00:00:00,Comunicação e Informática,PRIVADO,SEDE,RS
CANCELADA,40.173.064/0001-09,DIJON SA,RIO DE JANEIRO,2.242e+07,13838,1991-04-30 00:00:00,2010-09-23 00:00:00,Comércio (Atacado e Varejo),PRIVADO,SEDE,RJ
ATIVO,92.665.611/0001-77,DIMED SA DISTRIBUIDORA DE MEDICAMENTOS,ELDORADO DO SUL,9.299e+07,9342,1977-07-20 00:00:00,1977-07-20 00:00:00,Comércio (Atacado e Varejo),PRIVADO,SEDE,RS
ATIVO,92.665.611/0001-77,DIMED SA DISTRIBUIDORA DE MEDICAMENTOS,ELDORADO DO SUL,9.299e+07,9342,1977-07-20 00:00:00,1977-07-20 00:00:00,Comércio (Atacado e Varejo),PRIVADO,SEDE,RS
ATIVO,07.659.538/0001-51,DINAMICA ENERGIA S/A,RIO DE JANEIRO,2.2411e+07,20052,2006-05-03 00:00:00,2006-05-03 00:00:00,Emp. Adm. Part. - Energia Elétrica,PRIVADO,SEDE,RJ
ATIVO,16.614.075/0001-00,DIRECIONAL ENGENHARIA SA,BELO HORIZONTE,3.01503e+07,21350,2008-02-29 00:00:00,2008-02-29 00:00:00,"Construção Civil, Mat. Constr. e Decoração",PRIVADO HOLDING,SEDE,MG
CANCELADA,04.211.850/0001-90,DISMAC INDUSTRIAL SA,MANAUS,6.9e+07,5177,1982-03-18 00:00:00,1987-10-30 00:00:00,"Máquinas, Equipamentos, Veículos e Peças",PRIVADO,SEDE,AM
CANCELADA,92.689.256/0001-76,DISTRIB PRODUTOS PETROLEO IPIRANGA S.A.,PORTO ALEGRE,9.01102e+07,5193,1969-05-14 00:00:00,2008-07-17 00:00:00,Petróleo e Gás,PRIVADO,SEDE,RS
CANCELADA,01.125.282/0001-16,DISTRIBUIDORA DE PETROLEO DA BAHIA SA,CANDEIAS,4.38e+07,18945,2001-06-07 00:00:00,2006-01-23 00:00:00,Petróleo e Gás,PRIVADO,SEDE,BA
CANCELADA,61.160.008/0001-00,DIXIE LALEKLA SA,SÃO PAULO,5.80214e+06,13846,1991-05-15 00:00:00,1995-07-20 00:00:00,Outras Atividades Industriais,PRIVADO,SEDE,SP
CANCELADA,60.394.723/0001-44,DIXIE TOGA SA,SÃO PAULO,2.145e+06,14931,1995-06-30 00:00:00,2011-07-21 00:00:00,Embalagens,PRIVADO,SEDE,SP
CANCELADA,91.669.747/0001-92,"DM FINANCEIRA S.A. - CRÉDITO, FINANCIAMENTO E INVESTIMENTO",SÃO JOSÉ DOS CAMPOS,1.22469e+07,6076,1977-07-20 00:00:00,2025-05-30 00:00:00,Bancos,PRIVADO,SEDE,SP
CANCELADA,33.433.665/0001-48,DOCAS INVESTIMENTOS SA,RIO DE JANEIRO,2.225e+07,3182,1977-07-20 00:00:00,2014-05-23 00:00:00,Emp. Adm. Part. - Telecomunicações,PRIVADO,SEDE,RJ
CANCELADA,02.207.388/0001-21,DOCASNET SA,RIO DE JANEIRO,2.23599e+07,16870,1998-02-09 00:00:00,2001-10-02 00:00:00,Emp. Adm. Participações,PRIVADO HOLDING,SEDE,RJ
ATIVO,84.683.408/0001-03,DOHLER S.A.,JOINVILLE,8.92199e+07,5207,1973-12-26 00:00:00,1973-12-26 00:00:00,Têxtil e Vestuário,PRIVADO,SEDE,SC
CANCELADA,01.252.296/0001-09,DOMINIUM PAR SA,RIO DE JANEIRO,2.004e+07,15806,1996-10-14 00:00:00,1999-10-08 00:00:00,Emp. Adm. Participações,ESTRANGEIRO,SEDE,RJ
CANCELADA,60.646.502/0001-16,DOMINIUM SA,SÃO PAULO,1.31193e+06,5215,1977-07-20 00:00:00,2005-03-22 00:00:00,Alimentos,PRIVADO,SEDE,SP
CANCELADA,04.034.792/0001-76,DOMMO EMPREENDIMENTOS IMOBILIÁRIOS S.A.,SÃO PAULO,4.57891e+06,19070,2001-10-29 00:00:00,2016-12-22 00:00:00,Emp. Adm. Part. - Arrendamento Mercantil,PRIVADO HOLDING,SEDE,SP
CANCELADA,31.119.639/0001-14,DONA ISABEL SA,NITERÓI,2.41189e+07,3212,1969-01-13 00:00:00,2010-01-04 00:00:00,Têxtil e Vestuário,PRIVADO,SEDE,RJ
CANCELADA,52.123.916/0001-32,DORI ALIMENTOS S.A.,SÃO PAULO,1.7512e+07,26360,2021-11-17 00:00:00,2023-12-15 00:00:00,Alimentos,PRIVADO,SEDE,SP
ATIVO,18.174.270/0001-84,DOTZ S.A.,SÃO PAULO,4.57891e+06,25836,2021-05-12 00:00:00,2021-05-12 00:00:00,Comunicação e Informática,PRIVADO HOLDING,SEDE,SP
CANCELADA,82.610.726/0001-00,DOUAT CIA TEXTIL,JOINVILLE,8.92201e+07,11363,1975-12-01 00:00:00,2004-08-26 00:00:00,Têxtil e Vestuário,PRIVADO,SEDE,SC
CANCELADA,33.387.549/0001-30,DOVA SA,RIO DE JANEIRO,2.09402e+07,5223,1971-02-16 00:00:00,1998-11-14 00:00:00,Metalurgia e Siderurgia,PRIVADO,SEDE,RJ
CANCELADA,60.435.351/0001-57,DOW QUIMICA SA,SÃO PAULO,4.7179e+06,5231,1980-03-18 00:00:00,1996-08-16 00:00:00,Petroquímicos e Borracha,ESTRANGEIRO,SEDE,SP
CANCELADA,03.382.891/0001-86,DR. INVEST S/A,RIO DE JANEIRO,2.0011e+07,18511,2000-01-05 00:00:00,2002-02-08 00:00:00,Emp. Adm. Participações,PRIVADO,SEDE,RJ
CANCELADA,84.683.481/0001-77,DROGARIA FARM CATARINENSE SA,JOINVILLE,8.92031e+07,5240,1977-07-20 00:00:00,1992-12-14 00:00:00,Comércio (Atacado e Varejo),PRIVADO,SEDE,SC
CANCELADA,12.492.734/0001-14,DROGARIAS AMERICANAS SA,CURITIBA,8.00401e+07,22837,2012-07-09 00:00:00,2016-01-07 00:00:00,Farmacêutico e Higiene,PRIVADO,SEDE,PR
ATIVO,03.303.999/0001-36,DTCOM - DIRECT TO COMPANY S.A.,QUATRO BARRAS,8.342e+07,18597,2000-02-04 00:00:00,2000-02-04 00:00:00,Telecomunicações,PRIVADO,SEDE,PR
ATIVO,03.303.999/0001-36,DTCOM - DIRECT TO COMPANY S.A.,QUATRO BARRAS,8.342e+07,18597,2000-02-04 00:00:00,2000-02-04 00:00:00,Telecomunicações,PRIVADO,SEDE,PR
CANCELADA,87.266.359/0001-93,DURATEX MADEIRA AGLOMERADA SA,SÃO PAULO,1.311e+06,8257,1982-09-10 00:00:00,1990-08-07 00:00:00,"Construção Civil, Mat. Constr. e Decoração",PRIVADO,SEDE,SP
CANCELADA,61.194.080/0001-58,DURATEX SA,SÃO PAULO,1.31094e+06,5274,1966-04-26 00:00:00,2009-08-31 00:00:00,"Construção Civil, Mat. Constr. e Decoração",PRIVADO,SEDE,SP
CANCELADA,60.881.422/0001-45,DUREX INDUSTRIAL SA,SÃO PAULO,4.7059e+06,620,1977-07-20 00:00:00,2000-01-10 00:00:00,"Máquinas, Equipamentos, Veículos e Peças",PRIVADO,SEDE,SP
CANCELADA,10.382.341/0001-22,DUXXI IMOBILIÁRIA S.A.,SÃO PAULO,4.503e+06,22047,2010-06-04 00:00:00,2017-04-12 00:00:00,"Emp. Adm. Part. - Const. Civil, Mat. Const. e Decoração",ESTRANGEIRO HOLDING,SEDE,SP
CANCELADA,02.535.294/0001-81,EASYPAR SA,SÃO PAULO,2.02201e+06,17795,1998-10-02 00:00:00,2010-01-04 00:00:00,Intermediação Financeira,PRIVADO,SEDE,SP
CANCELADA,10.847.761/0001-37,EBX BRASIL SA,RIO DE JANEIRO,2.00311e+07,21784,2009-10-08 00:00:00,2014-03-13 00:00:00,Emp. Adm. Part. - Serviços Transporte e Logística,ESTRANGEIRO,SEDE,RJ
CANCELADA,51.218.089/0001-06,ECIL SA PRODS E SIST MED CONT,PIEDADE,1.817e+07,13331,1988-08-09 00:00:00,1997-12-03 00:00:00,"Máquinas, Equipamentos, Veículos e Peças",PRIVADO,SEDE,SP
CANCELADA,33.261.561/0001-01,ECISA ENG COM E INDUSTRIA SA,RIO DE JANEIRO,2.003e+07,5339,1977-07-20 00:00:00,2005-04-08 00:00:00,"Construção Civil, Mat. Constr. e Decoração",PRIVADO,SEDE,RJ
CANCELADA,02.151.985/0001-81,ECO HILLS SA,SÃO JOSÉ DOS PINHAIS,8.30054e+07,16578,1997-11-07 00:00:00,2007-01-09 00:00:00,"Construção Civil, Mat. Constr. e Decoração",PRIVADO,SEDE,PR
CANCELADA,10.753.164/0001-43,ECO. SEC. DTOS. CREDIT. AGRONEGÓCIOS S/A,SÃO PAULO,5.419e+06,21741,2009-07-15 00:00:00,2022-06-01 00:00:00,Securitização de Recebíveis,PRIVADO,SEDE,SP
ATIVO,19.208.022/0001-70,ECO050 - CONCESSIONÁRIA DE RODOVIAS S.A.,UBERLÂNDIA,3.84066e+07,23884,2016-03-02 00:00:00,2016-03-02 00:00:00,Serviços Transporte e Logística,PRIVADO,SEDE,MG
ATIVO,15.484.093/0001-44,ECO101 CONCESSIONÁRIA DE RODOVIAS S.A.,SERRA,2.916e+07,23582,2015-04-10 00:00:00,2015-04-10 00:00:00,Serviços Transporte e Logística,PRIVADO,SEDE,ES
CANCELADA,15.102.080/0001-63,ECONOMICO SA ARREND MERCANTIL,SÃO PAULO,1.31092e+06,13943,1991-10-31 00:00:00,2005-03-22 00:00:00,Arrendamento Mercantil,PRIVADO,SEDE,SP
CANCELADA,13.587.050/0001-69,ECONOMICO SA EMPREENDIMENTOS,CAMAÇARI,4.281e+07,13536,1989-07-28 00:00:00,2003-03-31 00:00:00,Emp. Adm. Participações,PRIVADO,SEDE,BA
ATIVO,29.884.545/0001-90,ECORIOMINAS CONCESSIONÁRIA DE RODOVIAS S.A.,NITERÓI,2.40503e+07,27456,2024-03-01 00:00:00,2024-03-01 00:00:00,Serviços Transporte e Logística,PRIVADO,SEDE,RJ
ATIVO,08.873.873/0001-10,ECORODOVIAS CONCESSÕES E SERVIÇOS S/A,SÃO BERNARDO DO CAMPO,9.845e+06,21903,2009-12-22 00:00:00,2009-12-22 00:00:00,Emp. Adm. Part. - Serviços Transporte e Logística,PRIVADO HOLDING,SEDE,SP
ATIVO,04.149.454/0001-80,ECORODOVIAS INFRAESTRUTURA E LOGÍSTICA S.A.,SÃO PAULO,4.547e+06,19453,2003-09-24 00:00:00,2003-09-24 00:00:00,Serviços Transporte e Logística,ESTATAL HOLDING,SEDE,SP
ATIVO,04.149.454/0001-80,ECORODOVIAS INFRAESTRUTURA E LOGÍSTICA S.A.,SÃO PAULO,4.547e+06,19453,2003-09-24 00:00:00,2003-09-24 00:00:00,Serviços Transporte e Logística,ESTATAL HOLDING,SEDE,SP
CANCELADA,27.092.587/0001-62,EDAFO SECURITIZADORA S.A.,SÃO PAULO,4.53191e+06,24325,2018-01-17 00:00:00,2018-06-26 00:00:00,Securitização de Recebíveis,PRIVADO,SEDE,SP
CANCELADA,89.411.771/0001-85,EDISA HEWLETT-PACKARD SA,BARUERI,6.454e+06,5347,1977-12-29 00:00:00,1993-06-09 00:00:00,"Máquinas, Equipamentos, Veículos e Peças",PRIVADO,SEDE,SP
CANCELADA,02.183.757/0001-93,EDITORA ABRIL S/A,SÃO PAULO,2.9099e+06,19143,2001-11-06 00:00:00,2011-08-18 00:00:00,Comunicação e Informática,PRIVADO,SEDE,SP
CANCELADA,60.598.059/0001-55,EDITORA ABRIL SA,SÃO PAULO,2.009e+06,13706,1990-06-01 00:00:00,1992-01-14 00:00:00,Gráficas e Editoras,PRIVADO,SEDE,SP
CANCELADA,60.598.059/0001-55,EDITORA ABRIL SA,SÃO PAULO,2.009e+06,14281,1994-01-04 00:00:00,1994-05-06 00:00:00,Gráficas e Editoras,PRIVADO,SEDE,SP
CANCELADA,33.270.240/0001-65,EDITORA DE GUIAS LTB SA,RIO DE JANEIRO,2.003e+07,5355,1977-07-20 00:00:00,1987-09-30 00:00:00,Gráficas e Editoras,PRIVADO,SEDE,RJ
CANCELADA,61.383.279/0001-24,EDITORA LISA SA LIVROS IRRADT,SÃO PAULO,1.047e+06,8052,1977-07-20 00:00:00,1987-08-13 00:00:00,Gráficas e Editoras,PRIVADO,SEDE,SP
CANCELADA,13.565.502/0001-01,EDN ESTIRENO DO NORDESTE SA,CAMAÇARI,4.281e+07,5363,1982-03-04 00:00:00,2003-07-10 00:00:00,Petroquímicos e Borracha,ESTRANGEIRO,SEDE,BA
ATIVO,03.983.431/0001-03,EDP ENERGIAS DO BRASIL S/A,SÃO PAULO,5.0699e+06,19763,2005-07-05 00:00:00,2005-07-05 00:00:00,Energia Elétrica,ESTRANGEIRO HOLDING,SEDE,SP
ATIVO,03.983.431/0001-03,EDP ENERGIAS DO BRASIL S/A,SÃO PAULO,5.0699e+06,19763,2005-07-05 00:00:00,2005-07-05 00:00:00,Energia Elétrica,ESTRANGEIRO HOLDING,SEDE,SP
ATIVO,28.152.650/0001-71,EDP ESPIRITO SANTO DISTRIBUIÇÃO DE ENERGIA S.A.,VITÓRIA,2.90503e+07,15342,1996-01-19 00:00:00,1996-01-19 00:00:00,Energia Elétrica,PRIVADO,SEDE,ES
ATIVO,02.302.100/0001-06,EDP SÃO PAULO DISTRIBUIÇÃO DE ENERGIA S.A.,SÃO PAULO,5.0699e+06,16985,1998-03-27 00:00:00,1998-03-27 00:00:00,Energia Elétrica,PRIVADO,SEDE,SP
CANCELADA,12.668.792/0001-56,EGEU PARTICIPAÇÕES SA,SÃO PAULO,4.53813e+06,22713,2012-02-07 00:00:00,2013-12-31 00:00:00,Emp. Adm. Part. - Sem Setor Principal,PRIVADO HOLDING,SEDE,SP
CANCELADA,92.696.038/0001-69,EICOM ENG IND E COMERCIO SA,CACHOEIRINHA,9.49e+07,5371,1963-10-14 00:00:00,1990-03-09 00:00:00,Metalurgia e Siderurgia,PRIVADO,SEDE,RS
CANCELADA,00.261.304/0001-02,EISA ESTALEIRO ILHA SA,RIO DE JANEIRO,2.19201e+07,16411,1997-08-13 00:00:00,2002-05-08 00:00:00,"Máquinas, Equipamentos, Veículos e Peças",PRIVADO,SEDE,RJ
ATIVO,36.146.575/0001-64,EIXO SP CONCESSIONARIA DE RODOVIAS S.A.,SÃO CARLOS,1.35614e+07,26875,2022-07-08 00:00:00,2022-07-08 00:00:00,Serviços Transporte e Logística,PRIVADO,SEDE,SP
CANCELADA,12.610.097/0001-33,EKOPARKING SA,CURITIBA,8.00401e+07,22896,2012-08-10 00:00:00,2016-01-07 00:00:00,Emp. Adm. Part. - Sem Setor Principal,PRIVADO,SEDE,PR
ATIVO,07.401.436/0001-31,ELDORADO BRASIL CELULOSE S.A.,SÃO PAULO,5.1181e+06,22810,2012-06-06 00:00:00,2012-06-06 00:00:00,Papel e Celulose,PRIVADO HOLDING,SEDE,SP
ATIVO,35.980.592/0001-30,ELEA DIGITAL INFRAESTRUTURA E REDES DE TELECOMUNICAÇÕES S.A.,RIO DE JANEIRO,2.22902e+07,26948,2022-09-16 00:00:00,2022-09-16 00:00:00,Comunicação e Informática,PRIVADO,SEDE,RJ
CANCELADA,53.843.777/0001-84,ELEBRA SA ELETR BRASILEIRA,SÃO PAULO,4.29802e+06,12122,1984-12-07 00:00:00,2008-03-18 00:00:00,Telecomunicações,PRIVADO,SEDE,SP
ATIVO,82.643.537/0001-34,ELECTRO AÇO ALTONA S/A,BLUMENAU,8.90309e+07,5380,1950-01-19 00:00:00,1950-01-19 00:00:00,Metalurgia e Siderurgia,PRIVADO,SEDE,SC
CANCELADA,76.487.032/0001-25,ELECTROLUX DO BRASIL SA,CURITIBA,8.15209e+07,10006,1966-05-12 00:00:00,2004-07-27 00:00:00,Metalurgia e Siderurgia,PRIVADO,SEDE,PR
CANCELADA,13.788.120/0001-47,ELEKEIROZ S/A,VÁRZEA PAULISTA,1.3224e+07,4359,1971-08-18 00:00:00,2020-07-01 00:00:00,Petroquímicos e Borracha,PRIVADO,SEDE,SP
CANCELADA,13.788.120/0001-47,ELEKEIROZ S/A,VÁRZEA PAULISTA,1.3224e+07,4359,1971-08-18 00:00:00,2020-07-01 00:00:00,Petroquímicos e Borracha,PRIVADO,SEDE,SP
CANCELADA,10.362.796/0001-86,ELEKEIROZ SA,VÁRZEA PAULISTA,1.3224e+07,12556,1985-12-10 00:00:00,2003-07-31 00:00:00,Petroquímicos e Borracha,PRIVADO,SEDE,SP
ATIVO,02.328.280/0001-97,ELEKTRO REDES S.A.,CAMPINAS,1.3053e+07,17485,1998-07-08 00:00:00,1998-07-08 00:00:00,Energia Elétrica,PRIVADO,SEDE,SP
CANCELADA,01.104.937/0001-70,ELETROBRÁS PARTICIPAÇÕES S.A. - ELETROPAR,RIO DE JANEIRO,2.009e+07,15784,1996-09-30 00:00:00,2025-06-02 00:00:00,Emp. Adm. Part. - Energia Elétrica,ESTATAL,SEDE,RJ
CANCELADA,51.702.975/0001-00,ELETRODIGI ELETR DIGITAL SA,SÃO PAULO,5.686e+06,5398,1983-11-04 00:00:00,1985-04-25 00:00:00,"Máquinas, Equipamentos, Veículos e Peças",PRIVADO,SEDE,SP
CANCELADA,76.498.179/0001-10,ELETROFRIO SA,CURITIBA,8.11702e+07,15474,1996-04-26 00:00:00,1998-02-06 00:00:00,"Máquinas, Equipamentos, Veículos e Peças",PRIVADO,SEDE,PR
CANCELADA,09.347.516/0001-81,ELETROMIDIA S.A.,SÃO PAULO,4.542e+06,25569,2021-02-11 00:00:00,2025-07-02 00:00:00,Emp. Adm. Part. - Comunicação e Informática,PRIVADO,SEDE,SP
CANCELADA,10.216.117/0001-60,ELETROMOURA SA,BELO JARDIM,5.515e+07,5428,1976-08-25 00:00:00,2007-03-19 00:00:00,"Máquinas, Equipamentos, Veículos e Peças",PRIVADO,SEDE,PE
CANCELADA,01.729.228/0001-80,ELETRON PNSC SA,SÃO PAULO,1.405e+06,16403,1997-08-11 00:00:00,2004-05-12 00:00:00,Emp. Adm. Participações,ESTRANGEIRO,SEDE,SP
CANCELADA,00.514.998/0001-42,ELETRON SA,RIO DE JANEIRO,2.003e+07,16209,1997-04-15 00:00:00,2020-02-07 00:00:00,Emp. Adm. Part. - Sem Setor Principal,PRIVADO HOLDING,SEDE,RJ
CANCELADA,03.052.673/0001-83,ELETRONET S/A,RIO DE JANEIRO,2.00312e+07,18740,2000-08-31 00:00:00,2016-09-15 00:00:00,Telecomunicações,PRIVADO,SEDE,RJ
ATIVO,61.695.227/0001-93,ELETROPAULO METROP. ELET. SAO PAULO S.A.,SÃO PAULO,4.794e+06,14176,1993-08-19 00:00:00,1993-08-19 00:00:00,Energia Elétrica,PRIVADO,SEDE,SP
ATIVO,61.695.227/0001-93,ELETROPAULO METROP. ELET. SAO PAULO S.A.,SÃO PAULO,4.794e+06,14176,1993-08-19 00:00:00,1993-08-19 00:00:00,Energia Elétrica,PRIVADO,SEDE,SP
CANCELADA,01.968.293/0001-68,ELETRORIVER S.A.,SALVADOR,4.0015e+07,26891,2022-07-14 00:00:00,2026-03-11 00:00:00,Emp. Adm. Part. - Energia Elétrica,PRIVADO HOLDING,SEDE,BA
CANCELADA,20.789.145/0001-20,ELETROSILEX SA,BELO HORIZONTE,3.017e+07,14974,1995-08-04 00:00:00,2008-03-18 00:00:00,Extração Mineral,PRIVADO,SEDE,MG
CANCELADA,22.164.990/0001-36,ELETROSOM S/A - EM RECUPERAÇÃO JUDICIAL,MONTE CARMELO,3.85e+07,22373,2011-02-03 00:00:00,2016-08-30 00:00:00,Comércio (Atacado e Varejo),PRIVADO,SEDE,MG
CANCELADA,92.776.665/0001-00,ELEVA ALIMENTOS S/A,PORTO ALEGRE,9.02003e+07,12238,1985-01-23 00:00:00,2008-04-16 00:00:00,Alimentos,PRIVADO,SEDE,RS
CANCELADA,00.028.986/0001-08,ELEVADORES ATLAS SCHINDLER SA,SÃO PAULO,1.5169e+06,15598,1996-06-12 00:00:00,2003-10-06 00:00:00,Metalurgia e Siderurgia,PRIVADO,SEDE,SP
CANCELADA,90.347.840/0001-18,ELEVADORES SUR SA IND COM,GUAÍBA,9.25e+07,5436,1981-05-20 00:00:00,1999-01-12 00:00:00,"Máquinas, Equipamentos, Veículos e Peças",PRIVADO,SEDE,RS
ATIVO,09.053.134/0001-45,ELFA MEDICAMENTOS S.A.,BRASÍLIA,7.2427e+07,25348,2020-12-02 00:00:00,2020-12-02 00:00:00,Serviços Médicos,PRIVADO,SEDE,DF
CANCELADA,52.556.578/0001-22,ELGIN MAQUINAS SA,MOGI DAS CRUZES,8.7e+06,5444,1983-01-10 00:00:00,1985-08-22 00:00:00,"Máquinas, Equipamentos, Veículos e Peças",PRIVADO,SEDE,SP
CANCELADA,92.760.891/0001-00,ELIZIARIO SA CORROC E ONIBUS,CAXIAS DO SUL,9.508e+07,5460,1981-12-03 00:00:00,1988-01-05 00:00:00,"Máquinas, Equipamentos, Veículos e Peças",PRIVADO,SEDE,RS
CANCELADA,57.488.645/0001-32,ELUMA SA INDUSTRIA E COMERCIO,SANTO ANDRÉ,9.2209e+06,5479,1969-04-18 00:00:00,2010-03-31 00:00:00,Metalurgia e Siderurgia,PRIVADO,SEDE,SP
ATIVO,02.302.101/0001-42,EMAE - EMPRESA METROP.AGUAS ENERGIA S.A.,SÃO PAULO,4.5439e+06,16993,1998-03-27 00:00:00,1998-03-27 00:00:00,Energia Elétrica,ESTATAL,SEDE,SP
CANCELADA,17.992.538/0001-22,EMBAUBA FLORESTAL SA,SÃO PAULO,5.13607e+06,5487,1983-02-25 00:00:00,2005-03-22 00:00:00,Reflorestamento,PRIVADO,SEDE,SP
CANCELADA,51.739.530/0001-97,EMBAUBA SA DES ENERGETICO,PORTO SEGURO,4.581e+07,5495,1983-10-31 00:00:00,2005-03-22 00:00:00,"Agricultura (Açúcar, Álcool e Cana)",PRIVADO,SEDE,BA
ATIVO,42.331.462/0001-31,EMBPAR PARTICIPAÇÕES S/A,RIO NEGRINHO,8.92999e+07,15458,1996-03-14 00:00:00,1996-03-14 00:00:00,Emp. Adm. Part. - Sem Setor Principal,PRIVADO HOLDING,SEDE,SC
CANCELADA,60.208.493/0001-81,EMBRAER EMP BRAS AERON SA,SÃO JOSÉ DOS CAMPOS,1.22279e+07,5509,1977-07-20 00:00:00,2006-03-31 00:00:00,"Máquinas, Equipamentos, Veículos e Peças",PRIVADO,SEDE,SP
ATIVO,07.689.002/0001-89,EMBRAER S.A.,SÃO JOSÉ DOS CAMPOS,1.22279e+07,20087,2006-05-23 00:00:00,2006-05-23 00:00:00,"Máquinas, Equipamentos, Veículos e Peças",PRIVADO,SEDE,SP
CANCELADA,01.969.933/0001-54,EMBRAH TRUST SA,UBERLÂNDIA,3.8413e+07,16764,1998-01-08 00:00:00,2005-12-08 00:00:00,Securitização de Recebíveis,PRIVADO,SEDE,MG
CANCELADA,02.558.124/0001-12,EMBRATEL PARTICIPAÇÕES SA,RIO DE JANEIRO,2.00601e+07,17647,1998-08-19 00:00:00,2014-12-31 00:00:00,Telecomunicações,PRIVADO HOLDING,SEDE,RJ
ATIVO,19.403.252/0001-90,EMCCAMP RESIDENCIAL S.A.,BELO HORIZONTE,3.01401e+07,25909,2021-05-20 00:00:00,2021-05-20 00:00:00,"Construção Civil, Mat. Constr. e Decoração",PRIVADO,SEDE,MG
CANCELADA,76.491.828/0001-51,EMILIO ROMANI SA,CURITIBA,8.02153e+07,5525,1977-07-20 00:00:00,2007-08-07 00:00:00,"Agricultura (Açúcar, Álcool e Cana)",PRIVADO,SEDE,PR
CANCELADA,84.720.630/0001-20,EMP BRAS COMPRES SA - EMBRACO,JOINVILLE,8.92199e+07,5550,1974-11-13 00:00:00,2006-04-30 00:00:00,"Máquinas, Equipamentos, Veículos e Peças",PRIVADO,SEDE,SC
CANCELADA,33.220.880/0001-60,EMP BRAS SOLDA ELETRICA SA,RIO DE JANEIRO,2.3e+07,5568,1982-11-24 00:00:00,1992-06-10 00:00:00,Metalurgia e Siderurgia,ESTATAL,SEDE,RJ
CANCELADA,33.497.660/0001-89,EMP CINEMAS SAO LUIZ SA,RIO DE JANEIRO,2.00311e+07,18171,1999-02-26 00:00:00,2000-08-07 00:00:00,Serviços Diversos,PRIVADO,SEDE,RJ
CANCELADA,03.982.931/0001-20,EMP SANEAM M GROSSO DO SUL S.A. -SANESUL,CAMPO GRANDE,7.90209e+07,14877,1995-06-13 00:00:00,2007-10-18 00:00:00,"Saneamento, Serv. Água e Gás",ESTATAL,SEDE,MS
CANCELADA,01.971.614/0001-83,"EMP.NAC. DE COMÉRCIO, RÉDITO E PART. S.A. - ENCORPAR",BELO HORIZONTE,3.01401e+07,16497,1997-10-07 00:00:00,2022-04-29 00:00:00,Emp. Adm. Part. - Têxtil e Vestuário,PRIVADO,SEDE,MG
CANCELADA,02.222.736/0001-30,EMPR. CONCESS. DE RODOVIAS DO NORTE S.A. - ECONORTE,LONDRINA,8.60751e+07,19011,2001-07-24 00:00:00,2020-12-16 00:00:00,Serviços Transporte e Logística,PRIVADO,SEDE,PR
ATIVO,06.626.253/0001-51,EMPREENDIMENTOS PAGUE MENOS SA,FORTALEZA,6.0025e+07,22608,2011-10-21 00:00:00,2011-10-21 00:00:00,Comércio (Atacado e Varejo),PRIVADO,SEDE,CE
ATIVO,06.626.253/0001-51,EMPREENDIMENTOS PAGUE MENOS SA,FORTALEZA,6.0025e+07,22608,2011-10-21 00:00:00,2011-10-21 00:00:00,Comércio (Atacado e Varejo),PRIVADO,SEDE,CE
CANCELADA,61.076.998/0001-00,EMPREENDS ADM COM ANNA SA,SÃO PAULO,1.515e+06,5541,1982-12-27 00:00:00,1989-07-06 00:00:00,Emp. Adm. Participações,PRIVADO,SEDE,SP
CANCELADA,17.162.280/0001-37,EMPRESA BRASILEIRA DE ENGENHARIA E COMÉRCIO S.A. EBEC,BELO HORIZONTE,3.04941e+07,27120,2023-02-28 00:00:00,2024-01-31 00:00:00,Serviços Transporte e Logística,PRIVADO,SEDE,MG
CANCELADA,02.511.048/0001-90,EMPRESA CONC.DE RODOV.DO SUL S/A ECOSUL,PELOTAS,9.6065e+07,19283,2002-05-21 00:00:00,2010-04-20 00:00:00,Serviços Transporte e Logística,PRIVADO,SEDE,RS
CANCELADA,11.669.021/0001-10,ENAUTA PARTICIPAÇÕES S.A.,RIO DE JANEIRO,2.00319e+07,22365,2011-02-02 00:00:00,2024-11-01 00:00:00,Emp. Adm. Part. - Petróleo e Gás,PRIVADO HOLDING,SEDE,RJ
CANCELADA,21.262.638/0001-70,ENCALSO PARTICIPAÇÕES EM CONCESSÕES S.A.,SÃO PAULO,1.401e+06,23701,2015-09-08 00:00:00,2022-06-01 00:00:00,Emp. Adm. Part. - Sem Setor Principal,PRIVADO HOLDING,SEDE,SP
CANCELADA,01.414.107/0001-49,ENERGIPAR PARTICIPAÇÕES S.A.,RIO DE JANEIRO,2.225e+07,15849,1996-11-04 00:00:00,2015-12-18 00:00:00,"Emp. Adm. Part. - Const. Civil, Mat. Const. e Decoração",PRIVADO,SEDE,RJ
ATIVO,15.413.826/0001-50,ENERGISA MATO GROSSO DO SUL - DIST DE ENERGIA S.A.,CAMPO GRANDE,7.90729e+07,5576,1981-08-28 00:00:00,1981-08-28 00:00:00,Energia Elétrica,PRIVADO,SEDE,MS
ATIVO,03.467.321/0001-99,ENERGISA MATO GROSSO-DISTRIBUIDORA DE ENERGIA S/A,CUIABÁ,7.80109e+07,14605,1994-10-25 00:00:00,1994-10-25 00:00:00,Energia Elétrica,PRIVADO,SEDE,MT
ATIVO,19.527.639/0001-58,ENERGISA MINAS RIO - DISTRIBUIDORA DE ENERGIA S/A,CATAGUASES,3.67709e+07,3271,1969-12-17 00:00:00,1969-12-17 00:00:00,Energia Elétrica,PRIVADO,SEDE,MG
ATIVO,09.095.183/0001-40,ENERGISA PARAÍBA - DISTRIBUIDORA DE ENERGIA S/A,JOÃO PESSOA,5.80717e+07,21938,2010-01-29 00:00:00,2010-01-29 00:00:00,Energia Elétrica,PRIVADO,SEDE,PB
ATIVO,00.864.214/0001-06,ENERGISA SA,CATAGUASES,3.67709e+07,15253,1995-12-20 00:00:00,1995-12-20 00:00:00,Emp. Adm. Part. - Energia Elétrica,PRIVADO,SEDE,MG
ATIVO,13.017.462/0001-63,ENERGISA SERGIPE - DISTRIBUIDORA DE ENERGIA S/A,ARACAJU,4.90402e+07,18996,2001-07-17 00:00:00,2001-07-17 00:00:00,Energia Elétrica,PRIVADO,SEDE,SE
ATIVO,07.282.377/0001-20,ENERGISA SUL-SUDESTE - DISTRIBUIDORA DE ENERGIA S.A.,PRESIDENTE PRUDENTE,1.90537e+07,24864,2019-11-05 00:00:00,2019-11-05 00:00:00,Energia Elétrica,PRIVADO,SEDE,SP
ATIVO,07.282.377/0001-20,ENERGISA SUL-SUDESTE - DISTRIBUIDORA DE ENERGIA S.A.,PRESIDENTE PRUDENTE,1.90537e+07,24864,2019-11-05 00:00:00,2019-11-05 00:00:00,Energia Elétrica,PRIVADO,SEDE,SP
ATIVO,28.201.130/0001-01,ENERGISA TRANSMISSÃO DE ENERGIA S.A.,CATAGUASES,3.67709e+07,24589,2018-10-29 00:00:00,2018-10-29 00:00:00,Emp. Adm. Part. - Energia Elétrica,PRIVADO,SEDE,MG
CANCELADA,00.751.913/0001-40,ENERTEL ENERGIA TELEC PART SA,RIO DE JANEIRO,2.0011e+07,15032,1995-09-18 00:00:00,2001-04-04 00:00:00,Emp. Adm. Participações,ESTRANGEIRO,SEDE,RJ
ATIVO,04.423.567/0001-21,ENEVA S.A.,RIO DE JANEIRO,2.225e+07,21237,2007-12-07 00:00:00,2007-12-07 00:00:00,Energia Elétrica,PRIVADO,SEDE,RJ
CANCELADA,14.796.754/0001-04,ENGELHART CTP (BRASIL) S.A.,SÃO PAULO,4.53813e+06,27553,2024-07-16 00:00:00,2025-04-30 00:00:00,"Agricultura (Açúcar, Álcool e Cana)",PRIVADO,SEDE,SP
CANCELADA,56.991.888/0001-26,ENGESA ENGO ESPECIALIZADOS SA,SÃO PAULO,1.30302e+06,5649,1977-07-20 00:00:00,2005-12-20 00:00:00,"Máquinas, Equipamentos, Veículos e Peças",PRIVADO,SEDE,SP
CANCELADA,33.144.940/0001-03,ENGEVIX ENGENHARIA SA,SÃO PAULO,1.222e+06,5657,1977-07-20 00:00:00,1994-04-14 00:00:00,"Construção Civil, Mat. Constr. e Decoração",PRIVADO,SEDE,SP
ATIVO,02.474.103/0001-19,ENGIE BRASIL ENERGIA S.A.,FLORIANÓPOLIS,8.80253e+07,17329,1998-05-28 00:00:00,1998-05-28 00:00:00,Energia Elétrica,PRIVADO,SEDE,SC
ATIVO,02.474.103/0001-19,ENGIE BRASIL ENERGIA S.A.,FLORIANÓPOLIS,8.80253e+07,17329,1998-05-28 00:00:00,1998-05-28 00:00:00,Energia Elétrica,PRIVADO,SEDE,SC
ATIVO,02.474.103/0001-19,ENGIE BRASIL ENERGIA S.A.,FLORIANÓPOLIS,8.80253e+07,17329,1998-05-28 00:00:00,1998-05-28 00:00:00,Energia Elétrica,PRIVADO,SEDE,SC
CANCELADA,60.835.105/0001-92,ENIA INDUSTRIAS QUIMICAS SA,SÃO PAULO,4.205e+06,12106,1984-10-26 00:00:00,1990-03-29 00:00:00,Petroquímicos e Borracha,PRIVADO,SEDE,SP
ATIVO,16.922.038/0001-51,ENJOEI S.A.,SÃO PAULO,1.04692e+06,25259,2020-11-05 00:00:00,2020-11-05 00:00:00,Comércio (Atacado e Varejo),PRIVADO,SEDE,SP
CANCELADA,32.803.503/0001-91,ENTALPIA PARTICIPAÇÕES S.A.,EXTREMA,3.764e+07,26131,2021-08-10 00:00:00,2021-12-16 00:00:00,"Emp. Adm. Part. - Máqs., Equip., Veíc. e Peças",PRIVADO,SEDE,MG
ATIVO,26.664.057/0001-89,ENTREVIAS CONCESSIONÁRIA DE RODOVIAS S.A.,SERTÃOZINHO,1.4173e+07,24341,2018-03-01 00:00:00,2018-03-01 00:00:00,Serviços Transporte e Logística,PRIVADO,SEDE,SP
ATIVO,09.527.023/0001-23,ENVIRONMENTAL ESG PARTICIPAÇÕES S.A.,SÃO PAULO,1.338e+07,26271,2021-10-05 00:00:00,2021-10-05 00:00:00,"Saneamento, Serv. Água e Gás",PRIVADO,SEDE,SP
CANCELADA,88.611.975/0001-05,ENXUTA SA,CAXIAS DO SUL,9.51107e+07,12211,1985-01-08 00:00:00,1998-04-23 00:00:00,"Máquinas, Equipamentos, Veículos e Peças",PRIVADO,SEDE,RS
CANCELADA,12.394.936/0001-23,EOX ENERGIA EÓLICA S.A.,CURITIBA,8.00401e+07,23078,2013-02-25 00:00:00,2016-01-07 00:00:00,Emp. Adm. Part. - Energia Elétrica,PRIVADO,SEDE,PR
CANCELADA,03.701.830/0001-34,EPILIFE EMPREENDIMENTOS E PART S/A,SÃO PAULO,4.506e+06,19321,2002-11-22 00:00:00,2008-10-16 00:00:00,Emp. Adm. Part. - Sem Setor Principal,PRIVADO,SEDE,SP
ATIVO,58.056.046/0001-02,EPR IGUAÇU S.A.,CASCAVEL,8.58065e+07,27928,2025-10-07 00:00:00,2025-10-07 00:00:00,Serviços Transporte e Logística,PRIVADO,SEDE,PR
ATIVO,51.136.974/0001-38,EPR INFRAESTRUTURA PR S.A.,SÃO PAULO,1.451e+06,27715,2024-12-16 00:00:00,2024-12-16 00:00:00,Serviços Transporte e Logística,PRIVADO HOLDING,SEDE,SP
ATIVO,51.137.031/0001-20,EPR LITORAL PIONEIRO S.A.,SÃO JOSÉ DOS PINHAIS,8.3075e+07,27723,2024-12-16 00:00:00,2024-12-16 00:00:00,Serviços Transporte e Logística,PRIVADO HOLDING,SEDE,PR
ATIVO,55.231.969/0001-65,EPR VIA MINEIRA S.A.,NOVA LIMA,3.40077e+07,27863,2025-07-22 00:00:00,2025-07-22 00:00:00,Serviços Transporte e Logística,PRIVADO,SEDE,MG
CANCELADA,02.302.098/0001-67,EPTE-EMPR. PTA TRANS. ENERG. ELETR. S.A.,SÃO PAULO,1.4159e+06,17000,1998-03-27 00:00:00,2001-11-22 00:00:00,Energia Elétrica,ESTATAL,SEDE,SP
CANCELADA,01.543.032/0001-04,EQUATORIAL GOIAS DISTRIBUIDORA DE ENERGIA S.A.,GOIÂNIA,7.48052e+07,2445,1971-08-17 00:00:00,2008-04-29 00:00:00,Energia Elétrica,ESTATAL,SEDE,GO
ATIVO,01.543.032/0001-04,EQUATORIAL GOIAS DISTRIBUIDORA DE ENERGIA S.A.,GOIÂNIA,7.48052e+07,25577,2021-02-12 00:00:00,2021-02-12 00:00:00,Energia Elétrica,PRIVADO,SEDE,GO
ATIVO,06.272.793/0001-84,EQUATORIAL MARANHÃO DISTRIBUIDORA DE ENERGIA S.A.,SÃO LUÍS,6.50717e+07,16608,1997-11-13 00:00:00,1997-11-13 00:00:00,Energia Elétrica,PRIVADO,SEDE,MA
ATIVO,04.895.728/0001-80,EQUATORIAL PARÁ DISTRIBUIDORA DE ENERGIA S.A.,BELÉM,6.6823e+07,18309,1999-06-14 00:00:00,1999-06-14 00:00:00,Energia Elétrica,PRIVADO,SEDE,PA
ATIVO,03.220.438/0001-73,EQUATORIAL S.A.,SÃO LUÍS,6.50709e+07,20010,2006-03-30 00:00:00,2006-03-30 00:00:00,Energia Elétrica,PRIVADO,SEDE,MA
ATIVO,15.385.166/0001-40,EQUIPAV SANEAMENTO S.A.,SÃO PAULO,1.451e+06,27642,2024-09-13 00:00:00,2024-09-13 00:00:00,"Saneamento, Serv. Água e Gás",PRIVADO,SEDE,SP
CANCELADA,33.067.745/0001-27,ERICSSON TELECOMUNICACOES SA,SÃO PAULO,2.0479e+06,5690,1980-11-26 00:00:00,2001-03-30 00:00:00,"Máquinas, Equipamentos, Veículos e Peças",ESTRANGEIRO HOLDING,SEDE,SP
CANCELADA,92.749.167/0001-78,ERNESTO NEUGEBAUER SA IND REU,PORTALEGRE,9.023e+07,5703,1977-07-20 00:00:00,2000-05-23 00:00:00,Alimentos,PRIVADO,SEDE,RS
CANCELADA,60.501.533/0001-89,ESCRITORIO CONS ENG ECEL SA,SÃO PAULO,3.828e+06,5720,1977-07-20 00:00:00,2005-12-20 00:00:00,"Construção Civil, Mat. Constr. e Decoração",PRIVADO,SEDE,SP
CANCELADA,07.155.310/0001-24,ESPLANADA CONF NE SA ESPLANORD,FORTALEZA,6e+07,5738,1982-12-28 00:00:00,1988-11-28 00:00:00,Têxtil e Vestuário,PRIVADO,SEDE,CE
CANCELADA,07.344.740/0001-94,ESPLANADA HOTEIS SA,FORTALEZA,6.0165e+07,5746,1969-11-26 00:00:00,1990-05-07 00:00:00,Hospedagem e Turismo,PRIVADO,SEDE,CE
ATIVO,07.802.794/0001-56,ESSENTIA PCHS S.A.,SÃO PAULO,4.53601e+06,26158,2021-08-12 00:00:00,2021-08-12 00:00:00,Energia Elétrica,ESTRANGEIRO,SEDE,SP
CANCELADA,04.946.406/0001-12,ESTACON ENGENHARIA SA,BELÉM,6.66351e+07,5754,1977-07-20 00:00:00,2001-08-20 00:00:00,"Construção Civil, Mat. Constr. e Decoração",PRIVADO,SEDE,PA
CANCELADA,30.311.067/0001-08,ESTTEIO COMPANHIA SECURITIZADORA DE CRÉDITOS,MARINGÁ,8.70139e+07,24619,2018-12-19 00:00:00,2019-09-05 00:00:00,Securitização de Recebíveis,PRIVADO,SEDE,PR
ATIVO,61.092.037/0001-81,ETERNIT S.A.,SÃO PAULO,5.42304e+06,5762,1970-11-17 00:00:00,1970-11-17 00:00:00,"Construção Civil, Mat. Constr. e Decoração",PRIVADO,SEDE,SP
ATIVO,56.643.018/0001-66,EUCATEX S.A. INDUSTRIA E COMERCIO,SÃO PAULO,4.5439e+06,5770,1969-08-20 00:00:00,1969-08-20 00:00:00,"Construção Civil, Mat. Constr. e Decoração",PRIVADO,SEDE,SP
ATIVO,61.190.096/0001-92,EUROFARMA LABORATÓRIOS S.A.,SÃO PAULO,4.6039e+06,26700,2022-03-28 00:00:00,2022-03-28 00:00:00,Farmacêutico e Higiene,PRIVADO,SEDE,SP
ATIVO,61.190.096/0001-92,EUROFARMA LABORATÓRIOS S.A.,SÃO PAULO,4.6039e+06,26700,2022-03-28 00:00:00,2022-03-28 00:00:00,Farmacêutico e Higiene,PRIVADO,SEDE,SP
ATIVO,61.190.096/0001-92,EUROFARMA LABORATÓRIOS S.A.,SÃO PAULO,4.6039e+06,26700,2022-03-28 00:00:00,2022-03-28 00:00:00,Farmacêutico e Higiene,PRIVADO,SEDE,SP
CANCELADA,42.290.403/0001-62,EUROLEASE SA ARREND MERCANTIL,RIO BRANCO,6.99037e+07,12289,1985-03-04 00:00:00,2008-01-15 00:00:00,Arrendamento Mercantil,PRIVADO,SEDE,AC
ATIVO,43.470.988/0001-65,EVEN CONSTRUTORA E INCORPORADORA S/A,SÃO PAULO,1.455e+06,20524,2007-03-02 00:00:00,2007-03-02 00:00:00,"Construção Civil, Mat. Constr. e Decoração",PRIVADO,SEDE,SP
CANCELADA,91.820.068/0001-72,ÉVORA S.A.,PORTO ALEGRE,9.001e+07,13412,1988-11-22 00:00:00,2016-09-15 00:00:00,Emp. Adm. Part. - Embalagens,PRIVADO,SEDE,RS
ATIVO,95.426.862/0001-97,EXCELSIOR ALIMENTOS SA.,SANTA CRUZ DO SUL,9.68305e+07,1570,1977-07-20 00:00:00,1977-07-20 00:00:00,Alimentos,PRIVADO,SEDE,RS
ATIVO,35.727.157/0001-06,EZ INC INCORPORAÇÕES S.A.,SÃO PAULO,4.501e+06,25380,2020-12-14 00:00:00,2020-12-14 00:00:00,"Construção Civil, Mat. Constr. e Decoração",PRIVADO,SEDE,SP
ATIVO,08.312.229/0001-73,EZ TEC EMPREEND. E PARTICIPAÇÕES S/A,SÃO PAULO,4.501e+06,20770,2007-06-15 00:00:00,2007-06-15 00:00:00,"Emp. Adm. Part. - Const. Civil, Mat. Const. e Decoração",PRIVADO,SEDE,SP
CANCELADA,82.639.535/0001-71,FAB CHOCOLATE SATURNO SA,BLUMENAU,8.91e+07,5800,1969-11-07 00:00:00,1986-05-14 00:00:00,Alimentos,PRIVADO,SEDE,SC
CANCELADA,10.831.642/0001-96,FAB DA PEDRA SA FIAÇÃO E TECELAGEM,DELMIRO GOUVEIA,5.748e+07,2666,1971-12-28 00:00:00,1993-11-08 00:00:00,Têxtil e Vestuário,PRIVADO,SEDE,AL
CANCELADA,22.671.564/0001-99,FAB MIN ELETROD SOLD DENVER SA,MONTES CLAROS,3.44042e+07,5851,1968-10-28 00:00:00,2010-01-04 00:00:00,"Máquinas, Equipamentos, Veículos e Peças",PRIVADO,SEDE,MG
CANCELADA,15.147.507/0001-40,FAB VASELINA DA BAHIA SA,SIMÕES FILHO,4.37e+07,5835,1971-01-06 00:00:00,1996-05-08 00:00:00,Petroquímicos e Borracha,PRIVADO,SEDE,BA
CANCELADA,33.064.262/0001-79,FABRIMAR SA IND E COMERCIO,RIO DE JANEIRO,2.153e+07,5860,1973-12-19 00:00:00,1990-12-14 00:00:00,"Construção Civil, Mat. Constr. e Decoração",PRIVADO,SEDE,RJ
CANCELADA,07.281.413/0001-30,FAE - FERRAGENS APARELHOS ELÉTRICOS S/A,FORTALEZA,6.08712e+07,5878,1975-12-11 00:00:00,2011-12-19 00:00:00,Metalurgia e Siderurgia,PRIVADO,SEDE,CE
CANCELADA,09.337.210/0001-44,FAE ADM. E PARTICIPAÇÕES SA,FORTALEZA,6.08403e+07,21660,2008-10-15 00:00:00,2011-12-23 00:00:00,"Construção Civil, Mat. Constr. e Decoração",PRIVADO,SEDE,CE
ATIVO,79.430.682/0001-22,FARMÁCIA E DROGARIA NISSEI S.A.,CURITIBA,8.00203e+07,25429,2021-01-14 00:00:00,2021-01-14 00:00:00,Comércio (Atacado e Varejo),PRIVADO,SEDE,PR
CANCELADA,02.091.165/0001-41,FAROL DO LAGO SA,BRASÍLIA,7.07109e+07,17736,1998-08-25 00:00:00,2001-07-23 00:00:00,Emp. Adm. Participações,PRIVADO,SEDE,DF
CANCELADA,89.007.009/0001-38,FAROL SA IND GAUCHA FAR OLEOS,PORTO ALEGRE,9.046e+07,5886,1980-06-04 00:00:00,2005-03-22 00:00:00,Alimentos,PRIVADO,SEDE,RS
CANCELADA,62.528.930/0001-70,FATOR EMPREENDIMENTOS IMOBILIÁRIOS SA,SÃO PAULO,4.511e+06,5894,1977-07-20 00:00:00,2010-01-04 00:00:00,"Construção Civil, Mat. Constr. e Decoração",PRIVADO,SEDE,SP
CANCELADA,43.709.435/0001-12,FATSUI BRASIL SA EMP GERAL MIN,SÃO PAULO,1.046e+06,5908,1982-06-17 00:00:00,2005-03-22 00:00:00,Extração Mineral,PRIVADO,SEDE,SP
CANCELADA,33.160.839/0001-46,FB EMPREENDIMENTOS SA,SÃO PAULO,4.71991e+06,6157,1977-07-20 00:00:00,1994-03-25 00:00:00,"Máquinas, Equipamentos, Veículos e Peças",ESTRANGEIRO,SEDE,SP
CANCELADA,23.538.796/0001-36,FECULARIA BARBOSA MELLO SA,BELO HORIZONTE,3e+07,5916,1967-08-30 00:00:00,1986-10-01 00:00:00,Alimentos,PRIVADO,SEDE,MG
CANCELADA,74.409.467/0001-26,FENICIAPAR S/A,SÃO PAULO,1.243e+06,15024,1995-09-15 00:00:00,2022-07-12 00:00:00,Securitização de Recebíveis,PRIVADO,SEDE,SP
CANCELADA,61.196.564/0001-36,FERRAGENS DEMELLOT S/A,SÃO PAULO,3.14001e+06,5924,1977-07-20 00:00:00,2012-07-09 00:00:00,Metalurgia e Siderurgia,PRIVADO,SEDE,SP
ATIVO,12.489.315/0001-23,FERREIRA GOMES ENERGIA S.A.,SÃO PAULO,4.54701e+06,22977,2012-10-11 00:00:00,2012-10-11 00:00:00,Energia Elétrica,PRIVADO HOLDING,SEDE,SP
ATIVO,00.924.429/0001-75,FERROVIA CENTRO-ATLANTICA S.A.,BELO HORIZONTE,3.01509e+07,15369,1996-02-12 00:00:00,1996-02-12 00:00:00,Serviços Transporte e Logística,PRIVADO,SEDE,MG
ATIVO,09.257.877/0001-37,FERROVIA NORTE SUL S/A,SÃO LUÍS,6.50856e+07,21814,2009-11-24 00:00:00,2009-11-24 00:00:00,Serviços Transporte e Logística,PRIVADO,SEDE,MA
CANCELADA,43.081.082/0001-59,FERTIBASE SA,SÃO PAULO,5.50101e+06,5932,1972-05-02 00:00:00,2005-12-20 00:00:00,Petroquímicos e Borracha,PRIVADO,SEDE,SP
CANCELADA,61.442.109/0001-73,FERTIBRAS SA,OSASCO,6.21011e+06,5940,1980-12-23 00:00:00,2007-01-11 00:00:00,Petroquímicos e Borracha,PRIVADO,SEDE,SP
ATIVO,22.266.175/0001-88,FERTILIZANTES HERINGER S.A.,PAULÍNIA,1.31489e+07,20621,2007-04-10 00:00:00,2007-04-10 00:00:00,Petroquímicos e Borracha,PRIVADO,SEDE,SP
CANCELADA,60.398.989/0001-65,FERTILIZANTES SERRANA SA,SÃO PAULO,5.8049e+06,6742,1970-12-12 00:00:00,2000-08-31 00:00:00,Petroquímicos e Borracha,PRIVADO,SEDE,SP
CANCELADA,61.549.754/0001-90,FERTIPLAN SA,SÃO PAULO,5.50101e+06,5959,1971-03-11 00:00:00,2005-12-20 00:00:00,Petroquímicos e Borracha,PRIVADO,SEDE,SP
CANCELADA,94.845.930/0001-90,FERTISUL SA,RIO GRANDE,9.62005e+07,5967,1971-01-28 00:00:00,1998-08-27 00:00:00,Petroquímicos e Borracha,PRIVADO,SEDE,RS
CANCELADA,61.377.230/0001-69,FERTIZA CIA NAC FERTILIZANTES,SÃO PAULO,1.3102e+06,12599,1986-01-21 00:00:00,2001-11-21 00:00:00,Petroquímicos e Borracha,ESTRANGEIRO,SEDE,SP
CANCELADA,02.312.666/0001-00,FG TRUST SA,RIO DE JANEIRO,2.007e+07,17043,1998-04-16 00:00:00,2012-12-28 00:00:00,Emp. Adm. Part. - Securitização de Recebíveis,PRIVADO,SEDE,RJ
ATIVO,02.171.304/0001-47,FGR INCORPORAÇÕES S.A.,APARECIDA DE GOIÂNIA,7.49346e+07,28010,2026-05-07 00:00:00,2026-05-07 00:00:00,"Construção Civil, Mat. Constr. e Decoração",PRIVADO,SEDE,GO
ATIVO,17.159.005/0001-64,FIACAO E TECELAGEM SAO JOSE S/A - EM RECUPERAÇÃO JUDICIAL,RECIFE,5.11603e+07,5983,1971-10-18 00:00:00,2012-11-09 00:00:00,Têxtil e Vestuário,PRIVADO,SEDE,PE
CANCELADA,04.559.803/0001-31,FIACAO TECELAGEM JUTA AMAZ SA,MANAUS,6.90531e+07,5975,1971-12-24 00:00:00,2011-01-04 00:00:00,Têxtil e Vestuário,PRIVADO,SEDE,AM
CANCELADA,02.335.514/0001-23,FIAGO PARTICIPAÇÕES S.A. - EM LIQUIDAÇÃO,RIO DE JANEIRO,2.00309e+07,16896,1998-02-20 00:00:00,2015-12-08 00:00:00,Emp. Adm. Part. - Telecomunicações,PRIVADO,SEDE,RJ
CANCELADA,61.410.395/0001-95,FIBAM CIA INDUSTRIAL,SÃO BERNARDO DO CAMPO,9.8503e+06,6017,1972-08-03 00:00:00,2021-06-24 00:00:00,Metalurgia e Siderurgia,PRIVADO,SEDE,SP
CANCELADA,06.018.000/0001-03,FIBRA CIA SECURITIZADORA CRED IMOB,SÃO PAULO,4.543e+06,19542,2004-05-18 00:00:00,2015-10-14 00:00:00,Securitização de Recebíveis,PRIVADO,SEDE,SP
CANCELADA,71.590.798/0001-17,FIBRA LEASING SA ARREND MERC,SÃO CAETANO DO SUL,9.54e+06,14885,1995-06-14 00:00:00,2003-05-21 00:00:00,Arrendamento Mercantil,PRIVADO,SEDE,SP
CANCELADA,11.136.660/0001-10,FIBRASIL TEXTIL SA,PAULISTA,5.3411e+07,6637,1982-12-17 00:00:00,2001-07-11 00:00:00,Têxtil e Vestuário,PRIVADO,SEDE,PE
CANCELADA,60.643.228/0001-21,FIBRIA CELULOSE S.A.,SÃO PAULO,4.55101e+06,12793,1986-06-02 00:00:00,2019-04-01 00:00:00,Papel e Celulose,PRIVADO,SEDE,SP
ATIVO,07.820.907/0001-46,FICA EMPREENDIMENTOS IMOBILIARIOS S.A.,SÃO PAULO,4.506e+06,20630,2007-04-16 00:00:00,2007-04-16 00:00:00,"Construção Civil, Mat. Constr. e Decoração",PRIVADO,SEDE,SP
CANCELADA,73.847.253/0001-79,FICAP SA,RIO DE JANEIRO,2.15355e+07,16780,1998-01-14 00:00:00,2000-12-22 00:00:00,Metalurgia e Siderurgia,PRIVADO,SEDE,RJ
CANCELADA,61.157.764/0001-80,FICHET SA,SANTO ANDRÉ,9.0805e+06,6025,1977-07-20 00:00:00,2006-03-21 00:00:00,Metalurgia e Siderurgia,PRIVADO,SEDE,SP
ATIVO,00.359.742/0001-08,FICTOR ALIMENTOS S.A.,BELO HORIZONTE,3.01301e+07,15423,1996-02-28 00:00:00,1996-02-28 00:00:00,Emp. Adm. Part. - Alimentos,PRIVADO HOLDING,SEDE,MG
CANCELADA,37.592.100/0001-64,FICTOR Securitizadora S.A.,SÃO PAULO,4.57105e+06,25151,2020-10-01 00:00:00,2022-06-30 00:00:00,Securitização de Recebíveis,PRIVADO,SEDE,SP
CANCELADA,61.065.447/0001-33,FIEL SA MOVEIS EQUIPS INDS,SÃO PAULO,3.024e+06,8974,1977-07-20 00:00:00,1988-05-20 00:00:00,Outras Atividades Industriais,PRIVADO,SEDE,SP
CANCELADA,32.230.245/0001-00,FIGAR SA,SÃO PAULO,1.451e+06,14222,1993-10-18 00:00:00,1998-06-26 00:00:00,Emp. Adm. Participações,PRIVADO,SEDE,SP
CANCELADA,31.907.982/0001-23,FILADÉLFIA SECURITIZADORA S/A.,SÃO PAULO,4.55208e+06,24732,2019-06-03 00:00:00,2022-06-30 00:00:00,Securitização de Recebíveis,PRIVADO,SEDE,SP
CANCELADA,17.167.412/0001-13,FINANCEIRA ALFA S.A.- C.F.I,SÃO PAULO,1.418e+06,3891,1977-07-20 00:00:00,2024-03-28 00:00:00,Bancos,PRIVADO,SEDE,SP
CANCELADA,58.128.927/0001-91,FINANCIADORA BCN SA CFI,BARUERI,6.4739e+06,6050,1977-07-20 00:00:00,1998-05-25 00:00:00,Bancos,PRIVADO,SEDE,SP
CANCELADA,60.495.108/0001-24,FINANCIADORA BRADESCO SA CFI,SÃO PAULO,6.029e+06,6068,1977-07-20 00:00:00,1988-06-15 00:00:00,Bancos,PRIVADO,SEDE,SP
CANCELADA,47.896.709/0001-80,FINASA LEASING ARRENDAMENTO MERCANTIL SA,OSASCO,6.0299e+06,6084,1981-08-11 00:00:00,2003-04-30 00:00:00,Arrendamento Mercantil,PRIVADO,SEDE,SP
CANCELADA,47.178.918/0001-99,FINAÚSTRIA ARRENDAMENTO MERCANTIL S.A.,SALESÓPOLIS,8.97e+06,4952,1983-04-14 00:00:00,1990-01-24 00:00:00,Arrendamento Mercantil,PRIVADO,SEDE,SP
CANCELADA,47.178.918/0001-99,FINAÚSTRIA ARRENDAMENTO MERCANTIL S.A.,SALESÓPOLIS,8.97e+06,18830,2000-12-26 00:00:00,2003-12-16 00:00:00,Arrendamento Mercantil,PRIVADO,SEDE,SP
CANCELADA,16.103.773/0001-33,FINPAR PARTICIPAÇÕES S.A.,RIO DE JANEIRO,2.22509e+07,23116,2013-03-26 00:00:00,2015-12-28 00:00:00,Emp. Adm. Part. - Intermediação Financeira,PRIVADO HOLDING,SEDE,RJ
CANCELADA,21.987.030/0001-03,FINSBURY PARTICIPAÇÕES S.A.,SÃO PAULO,1.405e+06,23639,2015-07-10 00:00:00,2019-08-16 00:00:00,Emp. Adm. Part. - Sem Setor Principal,ESTRANGEIRO HOLDING,SEDE,SP
CANCELADA,33.010.786/0001-87,FISCHER SA COM IND AGRICULTURA,RIO DE JANEIRO,2.229e+07,12432,1985-08-19 00:00:00,1990-06-29 00:00:00,Emp. Adm. Participações,PRIVADO,SEDE,RJ
ATIVO,59.546.515/0001-34,FISIA COMÉRCIO DE PRODUTOS ESPORTIVOS S.A.,SÃO PAULO,5.4259e+06,27529,2024-07-09 00:00:00,2024-07-09 00:00:00,Comércio (Atacado e Varejo),PRIVADO,SEDE,SP
CANCELADA,12.297.305/0001-96,FIVES LILLE INDL NORDESTE SA,MACEIÓ,5.7e+07,6114,1970-09-23 00:00:00,1993-03-09 00:00:00,Outras Atividades Industriais,PRIVADO,SEDE,AL
CANCELADA,92.779.461/0001-22,FLAMEX SA IND COM EXP IMP,PORTO ALEGRE,9.02406e+07,6122,1977-07-20 00:00:00,2005-12-20 00:00:00,Comércio (Atacado e Varejo),PRIVADO,SEDE,RS
ATIVO,60.840.055/0001-31,FLEURY SA,SÃO PAULO,4.703e+06,21881,2009-12-14 00:00:00,2009-12-14 00:00:00,Serviços Médicos,PRIVADO,SEDE,SP
CANCELADA,10.851.805/0001-00,FLEX GESTAO DE RELACIONAMENTOS SA EM RECUPERACAO JUDICIAL,SÃO PAULO,1.452e+06,24350,2018-03-01 00:00:00,2023-09-26 00:00:00,Comunicação e Informática,PRIVADO,SEDE,SP
CANCELADA,51.159.713/0001-33,FLEXDISC TECNOLOGIA SA,SÃO PAULO,4.67139e+06,11916,1984-06-05 00:00:00,2007-02-14 00:00:00,"Máquinas, Equipamentos, Veículos e Peças",PRIVADO,SEDE,SP
CANCELADA,07.276.103/0001-28,FLORESTAL BRASIL S.A.,SÃO PAULO,1.452e+06,21423,2008-04-01 00:00:00,2011-11-30 00:00:00,Reflorestamento,PRIVADO,SEDE,SP
CANCELADA,01.492.670/0001-35,FLYNET SA,RIO DE JANEIRO,2.225e+07,16667,1997-12-01 00:00:00,2009-03-03 00:00:00,Emp. Adm. Part. - Comunicação e Informática,PRIVADO,SEDE,RJ
CANCELADA,60.889.193/0001-05,FNV VEICULOS EQUIPS SA,CRUZEIRO,4.578e+06,6149,1969-08-29 00:00:00,1993-02-02 00:00:00,"Máquinas, Equipamentos, Veículos e Peças",PRIVADO,SEDE,SP
CANCELADA,26.735.020/0001-02,FOCUS ENERGIA HOLDING PARTICIPAÇÕES S.A.,SÃO PAULO,5.67612e+06,25488,2021-02-04 00:00:00,2022-02-04 00:00:00,Emp. Adm. Part. - Energia Elétrica,PRIVADO,SEDE,SP
CANCELADA,14.333.683/0001-03,FONTAINE VILLE PARTICIPAÇÕES S/A,SÃO PAULO,4.55202e+06,23019,2013-01-16 00:00:00,2023-11-14 00:00:00,Securitização de Recebíveis,PRIVADO,SEDE,SP
CANCELADA,03.870.455/0005-80,FORNO DE MINAS ALIMENTOS S.A.,SÃO PAULO,4.30401e+06,23736,2015-10-15 00:00:00,2018-03-07 00:00:00,Alimentos,PRIVADO,SEDE,SP
ATIVO,00.249.786/0001-85,FORPART S.A. - EM LIQUIDAÇÃO,RIO DE JANEIRO,2.002e+07,14796,1995-02-21 00:00:00,1995-02-21 00:00:00,Emp. Adm. Part. - Telecomunicações,PRIVADO HOLDING,SEDE,RJ
CANCELADA,12.979.898/0001-70,FORTE SECURITIZADORA S.A.,SÃO PAULO,4.551e+06,22489,2011-06-15 00:00:00,2022-06-30 00:00:00,Securitização de Recebíveis,PRIVADO,SEDE,SP
CANCELADA,21.610.416/0001-00,FORTUNATO SECURITIZADORA S.A.,SÃO PAULO,4.07702e+06,23566,2015-03-06 00:00:00,2022-06-30 00:00:00,Securitização de Recebíveis,PRIVADO,SEDE,SP
CANCELADA,21.987.053/0001-18,FOURSTONES PARTICIPAÇÕES S.A.,SÃO PAULO,1.405e+06,23655,2015-07-23 00:00:00,2016-07-29 00:00:00,Emp. Adm. Part. - Sem Setor Principal,ESTRANGEIRO HOLDING,SEDE,SP
CANCELADA,21.987.041/0001-93,FOXFIELD PARTICIPAÇÕES S.A.,SÃO PAULO,1.405e+06,23663,2015-07-23 00:00:00,2016-07-29 00:00:00,Emp. Adm. Part. - Sem Setor Principal,ESTRANGEIRO HOLDING,SEDE,SP
ATIVO,07.823.262/0001-03,FOZ DO RIO CLARO ENERGIA S.A.,SÃO PAULO,4.54701e+06,26697,2022-03-24 00:00:00,2022-03-24 00:00:00,Emp. Adm. Part. - Energia Elétrica,PRIVADO,SEDE,SP
CANCELADA,10.661.519/0001-74,FRAME SECURITIZADORA S/A,RIO DE JANEIRO,2.0011e+07,21873,2009-12-14 00:00:00,2011-02-07 00:00:00,Securitização de Recebíveis,PRIVADO,SEDE,RJ
CANCELADA,06.082.564/0001-05,FRANCISCO CASTRO CI E AGRIC SA,CAXIAS,6.56094e+07,6190,1977-07-20 00:00:00,2005-08-09 00:00:00,Alimentos,PRIVADO,SEDE,MA
CANCELADA,91.374.561/0001-06,FRANGOSUL SA AGRO AVICOLA INDL,MONTENEGRO,9.578e+07,11967,1984-07-25 00:00:00,1999-12-21 00:00:00,Alimentos,PRIVADO,SEDE,RS
ATIVO,88.610.126/0001-29,FRASLE MOBILITY S.A.,CAXIAS DO SUL,9.50106e+07,6211,1977-07-20 00:00:00,1977-07-20 00:00:00,"Máquinas, Equipamentos, Veículos e Peças",PRIVADO,SEDE,RS
CANCELADA,51.466.753/0001-28,FREIOS VARGA SA,LIMEIRA,1.34869e+07,12084,1984-11-23 00:00:00,1999-06-02 00:00:00,"Máquinas, Equipamentos, Veículos e Peças",PRIVADO HOLDING,SEDE,SP
CANCELADA,83.188.110/0001-56,FRICASA ALIMENTOS SA,CANOINHAS,8.946e+07,6246,1977-07-20 00:00:00,1996-12-10 00:00:00,Alimentos,PRIVADO,SEDE,SC
CANCELADA,21.987.068/0001-86,FRIESTON PARTICIPAÇÕES S.A.,SÃO PAULO,1.405e+06,23647,2015-07-23 00:00:00,2016-07-29 00:00:00,Emp. Adm. Part. - Sem Setor Principal,ESTRANGEIRO HOLDING,SEDE,SP
CANCELADA,60.883.212/0001-96,FRIGOBRAS CIA BRAS FRIGORIFICO,BARUERI,6.45592e+06,6220,1977-07-20 00:00:00,1998-01-21 00:00:00,Alimentos,PRIVADO,SEDE,SP
CANCELADA,14.962.356/0001-10,FRIGOL FOODS PARTICIPAÇÕES S.A.,SÃO PAULO,4.735e+06,22853,2012-07-17 00:00:00,2020-03-13 00:00:00,Emp. Adm. Part. - Sem Setor Principal,PRIVADO HOLDING,SEDE,SP
CANCELADA,22.662.951/0001-69,FRIGORIFICO NORTE MINAS SA,MONTES CLAROS,3.94e+07,6262,1977-07-20 00:00:00,2005-03-22 00:00:00,Alimentos,PRIVADO,SEDE,MG
CANCELADA,82.902.461/0001-14,FRIL FRIGORIF DA LUZ SA,JOAÇABA,8.925e+07,6270,1977-11-04 00:00:00,1985-11-20 00:00:00,Alimentos,PRIVADO,SEDE,SC
CANCELADA,13.504.691/0001-02,FRUTOS TROPICAIS SA,ESTÂNCIA,4.92e+07,6297,1977-07-20 00:00:00,2006-11-22 00:00:00,Alimentos,PRIVADO,SEDE,SE
ATIVO,17.234.244/0001-31,FTL - FERROVIA TRANSNORDESTINA LOGÍSTICA S.A.,FORTALEZA,6.03352e+07,23370,2014-04-25 00:00:00,2014-04-25 00:00:00,Serviços Transporte e Logística,PRIVADO,SEDE,CE
CANCELADA,22.669.972/0001-06,FUJI ELETRIC NORDESTE SA,MONTES CLAROS,3.94042e+07,6300,1975-07-18 00:00:00,1995-09-14 00:00:00,"Máquinas, Equipamentos, Veículos e Peças",PRIVADO,SEDE,MG
CANCELADA,61.152.047/0001-65,FUJIWARA HISATO SA COM IND,SÃO PAULO,1.009e+06,6319,1977-07-20 00:00:00,1991-03-01 00:00:00,Alimentos,PRIVADO,SEDE,SP
CANCELADA,17.943.792/0001-30,FULWOOD S.A.,SÃO PAULO,4.55106e+06,26336,2021-11-12 00:00:00,2023-05-31 00:00:00,"Construção Civil, Mat. Constr. e Decoração",PRIVADO,SEDE,SP
CANCELADA,91.866.053/0001-45,FUNDIROSSI SA METALURGIA FINA,SÃO LEOPOLDO,9.302e+07,13340,1988-09-22 00:00:00,1992-08-18 00:00:00,Metalurgia e Siderurgia,PRIVADO,SEDE,RS
CANCELADA,02.465.783/0001-04,FUTURETEL S.A. - EM LIQUIDAÇÃO,RIO DE JANEIRO,2.00409e+07,17388,1998-06-16 00:00:00,2022-12-14 00:00:00,Emp. Adm. Part. - Telecomunicações,PRIVADO HOLDING,SEDE,RJ
ATIVO,01.545.826/0001-07,GAFISA SA,SÃO PAULO,4.5439e+06,16101,1997-02-21 00:00:00,1997-02-21 00:00:00,"Construção Civil, Mat. Constr. e Decoração",ESTRANGEIRO,SEDE,SP
CANCELADA,01.376.239/0001-23,GAFISA SPE-1 SA,SÃO PAULO,1.452e+06,16012,1996-12-30 00:00:00,2005-12-06 00:00:00,"Construção Civil, Mat. Constr. e Decoração",PRIVADO,SEDE,SP
CANCELADA,20.646.442/0001-17,GAIA CRED SECURITIZADORA DE CRÉDITOS FINANCEIROS S.A.,SÃO PAULO,4.54405e+06,24040,2016-10-07 00:00:00,2021-07-19 00:00:00,Securitização de Recebíveis,PRIVADO,SEDE,SP
CANCELADA,14.876.090/0001-93,GAIA IMPACTO SECURITIZADORA S.A.,SÃO PAULO,4.54405e+06,22764,2012-03-28 00:00:00,2022-06-30 00:00:00,Securitização de Recebíveis,PRIVADO,SEDE,SP
ATIVO,02.796.775/0001-40,GAMA PARTICIPAÇÕES S.A.,RIO DE JANEIRO,2.002e+07,17965,1998-12-01 00:00:00,1998-12-01 00:00:00,Emp. Adm. Part. - Sem Setor Principal,PRIVADO,SEDE,RJ
CANCELADA,02.312.126/0001-27,GANGES PARTICIPACOES SA,RIO DE JANEIRO,2.003e+07,16969,1998-03-19 00:00:00,2000-06-27 00:00:00,Emp. Adm. Participações,PRIVADO,SEDE,RJ
CANCELADA,57.014.334/0001-31,GARANCE TEXTILE SA,SÃO PAULO,4.74705e+06,11371,1970-07-01 00:00:00,2005-03-22 00:00:00,Têxtil e Vestuário,PRIVADO,SEDE,SP
CANCELADA,30.148.829/0001-05,GARPA SA,RIO DE JANEIRO,2.0031e+07,12718,1986-04-30 00:00:00,1990-12-19 00:00:00,Emp. Adm. Participações,PRIVADO,SEDE,RJ
CANCELADA,42.584.326/0001-53,GARRA PARTICIPACOES SA,RIO DE JANEIRO,2.0031e+07,6360,1981-05-13 00:00:00,1990-11-20 00:00:00,Emp. Adm. Participações,PRIVADO,SEDE,RJ
CANCELADA,02.134.838/0001-01,GARUDA SA,SÃO PAULO,1.451e+06,16756,1997-12-23 00:00:00,2009-12-31 00:00:00,Emp. Adm. Part. - Alimentos,PRIVADO,SEDE,SP
CANCELADA,11.193.684/0001-01,GÁVEA SECURITIZADORA S.A.,CURITIBA,8.00453e+07,23418,2014-06-20 00:00:00,2018-07-18 00:00:00,Securitização de Recebíveis,PRIVADO HOLDING,SEDE,PR
CANCELADA,50.747.732/0001-18,GAZETA MERCANTIL SA,SÃO PAULO,4.75308e+06,14400,1994-05-25 00:00:00,2010-01-04 00:00:00,Gráficas e Editoras,PRIVADO,SEDE,SP
CANCELADA,88.611.983/0001-43,GAZOLA SA INDÚSTRIA METALURGICA,CAXIAS DO SUL,9.50071e+07,6378,1932-12-28 00:00:00,2012-05-07 00:00:00,Metalurgia e Siderurgia,PRIVADO,SEDE,RS
CANCELADA,01.472.666/0001-05,GC ADM DE RECEBIVEIS SA,RIO DE JANEIRO,2.0271e+07,16071,1997-01-22 00:00:00,2000-09-28 00:00:00,Serviços Diversos,PRIVADO,SEDE,RJ
CANCELADA,60.688.736/0001-26,GEB VIDIGAL SA,SÃO PAULO,1.311e+06,6386,1982-06-02 00:00:00,1991-06-18 00:00:00,Emp. Adm. Participações,PRIVADO,SEDE,SP
CANCELADA,06.920.516/0001-30,GECOSA I INT GERVASIO COSTA SA,UNIÃO,6.4135e+07,6394,1977-07-20 00:00:00,2010-01-04 00:00:00,Alimentos,PRIVADO,SEDE,PI
CANCELADA,04.920.633/0001-79,GELAR SA INDS ALIMENTICIAS,BELÉM,6.6e+07,6408,1977-07-20 00:00:00,2005-03-22 00:00:00,Alimentos,PRIVADO,SEDE,PA
CANCELADA,61.090.072/0001-61,GEMA SA EQUIPS INDUSTRIAIS,SÃO PAULO,4.212e+06,6424,1972-11-22 00:00:00,1985-07-23 00:00:00,"Máquinas, Equipamentos, Veículos e Peças",PRIVADO,SEDE,SP
CANCELADA,59.275.792/0001-50,GENERAL MOTORS SA,SÃO CAETANO DO SUL,9.5e+06,6432,1980-09-17 00:00:00,1986-03-04 00:00:00,"Máquinas, Equipamentos, Veículos e Peças",ESTRANGEIRO,SEDE,SP
ATIVO,08.764.621/0001-53,GENERAL SHOPPING E OUTLETS DO BRASIL BRASIL S.A.,SÃO PAULO,1.2282e+06,21008,2007-07-26 00:00:00,2007-07-26 00:00:00,Comércio (Atacado e Varejo),PRIVADO,SEDE,SP
ATIVO,08.764.621/0001-53,GENERAL SHOPPING E OUTLETS DO BRASIL BRASIL S.A.,SÃO PAULO,1.2282e+06,21008,2007-07-26 00:00:00,2007-07-26 00:00:00,Comércio (Atacado e Varejo),PRIVADO,SEDE,SP
CANCELADA,02.808.710/0001-78,GEODEX COMMUNICATIONS S.A.,SÃO PAULO,4.548e+06,18031,1998-12-09 00:00:00,2008-04-28 00:00:00,Telecomunicações,ESTRANGEIRO,SEDE,SP
CANCELADA,33.143.025/0001-01,GEOTECNICA SA,RIO DE JANEIRO,2.22312e+07,6440,1982-12-22 00:00:00,2006-11-22 00:00:00,"Construção Civil, Mat. Constr. e Decoração",PRIVADO,SEDE,RJ
CANCELADA,60.405.446/0001-28,GERAL DE CONCRETO S/A,SÃO PAULO,1.142e+06,5630,1977-07-20 00:00:00,2002-12-30 00:00:00,"Construção Civil, Mat. Constr. e Decoração",PRIVADO,SEDE,SP
ATIVO,33.611.500/0001-19,GERDAU S.A.,SÃO PAULO,5.42507e+06,3980,1980-09-03 00:00:00,1980-09-03 00:00:00,Metalurgia e Siderurgia,PRIVADO,SEDE,SP
CANCELADA,89.011.738/0001-68,GERDAU SERV INFORMATICA SA GSI,SAPUCAIA DO SUL,9.022e+07,12785,1986-05-28 00:00:00,1993-03-25 00:00:00,Comunicação e Informática,PRIVADO,SEDE,RS
CANCELADA,79.114.203/0001-69,GERMANI CIA PARANAENSE ALIMS,GASPAR,8.911e+07,6459,1977-07-20 00:00:00,1990-12-21 00:00:00,Alimentos,PRIVADO,SEDE,SC
CANCELADA,42.171.157/0001-20,GESTIO SA COMERCIO E INDUSTRIA,RIO DE JANEIRO,2.0057e+07,6467,1981-12-04 00:00:00,1990-07-13 00:00:00,Emp. Adm. Participações,PRIVADO,SEDE,RJ
CANCELADA,33.311.366/0001-30,GETEC GUANABARA QUIM INDL SA,SÃO GONÇALO,2.474e+07,6475,1970-01-26 00:00:00,1991-12-26 00:00:00,Petroquímicos e Borracha,PRIVADO,SEDE,RJ
CANCELADA,10.440.482/0001-54,GETNET ADQUIRÊNCIA E SERVIÇOS PARA MEIOS DE PAGAMENTO S.A.,SÃO PAULO,4.54301e+06,26140,2021-08-10 00:00:00,2022-12-28 00:00:00,Intermediação Financeira,PRIVADO,SEDE,SP
CANCELADA,61.196.119/0001-76,GIANNINI SA,SALTO,1.33296e+07,12939,1986-07-25 00:00:00,1999-09-09 00:00:00,Outras Atividades Industriais,PRIVADO,SEDE,SP
ATIVO,07.714.104/0001-07,GIGA MAIS FIBRA TELECOMUNICAÇÕES S.A.,CARMO,2.864e+07,27502,2024-06-21 00:00:00,2024-06-21 00:00:00,Telecomunicações,PRIVADO,SEDE,RJ
CANCELADA,61.338.042/0001-21,GLASSLITE SA IND DE PLASTICOS,SÃO PAULO,3.1109e+06,6483,1980-11-11 00:00:00,1998-04-16 00:00:00,Outras Atividades Industriais,PRIVADO,SEDE,SP
CANCELADA,05.330.331/0001-03,GLOBAL BRASIL SA,CURITIBA,8.024e+07,19402,2003-05-14 00:00:00,2012-07-09 00:00:00,Emp. Adm. Part. - Sem Setor Principal,PRIVADO,SEDE,PR
CANCELADA,01.245.375/0001-84,GLOBAL TRUST SA,RIO DE JANEIRO,2.12415e+07,15776,1996-09-23 00:00:00,2000-02-22 00:00:00,Serviços Diversos,PRIVADO,SEDE,RJ
CANCELADA,07.095.028/0001-07,GODOI SECURITIES - CIA SECURITIZADORA DE CREDITOS IMOBILIARIOS,SÃO PAULO,5.51e+06,19712,2005-04-18 00:00:00,2008-03-28 00:00:00,Securitização de Recebíveis,PRIVADO,SEDE,SP
CANCELADA,06.164.253/0001-87,GOL LINHAS AEREAS INTELIGENTES SA,SÃO PAULO,4.719e+06,19569,2004-06-09 00:00:00,2026-04-01 00:00:00,Emp. Adm. Part. - Serviços Transporte e Logística,PRIVADO HOLDING,SEDE,SP
CANCELADA,06.164.253/0001-87,GOL LINHAS AEREAS INTELIGENTES SA,SÃO PAULO,4.719e+06,19569,2004-06-09 00:00:00,2026-04-01 00:00:00,Emp. Adm. Part. - Serviços Transporte e Logística,PRIVADO HOLDING,SEDE,SP
CANCELADA,58.507.286/0001-86,GOLDFARB INCORPORAÇÕES E CONSTRUÇÕES S/A,SÃO PAULO,4.54312e+06,20737,2007-06-12 00:00:00,2009-12-18 00:00:00,"Construção Civil, Mat. Constr. e Decoração",PRIVADO HOLDING,SEDE,SP
CANCELADA,60.946.035/0001-40,GOYANA SA I BRAS MATS PLASTS,SÃO PAULO,5.13402e+06,6530,1968-03-04 00:00:00,2005-03-22 00:00:00,Petroquímicos e Borracha,PRIVADO,SEDE,SP
CANCELADA,42.360.925/0001-93,GPC INDUSTRIA E COMERCIO SA,RIO DE JANEIRO,2.0021e+07,6548,1982-07-16 00:00:00,1991-06-20 00:00:00,Emp. Adm. Participações,PRIVADO,SEDE,RJ
CANCELADA,21.903.297/0001-75,GPR - PINHEIRO & RINALDO CAPITAL S.A.,INDAIATUBA,1.3345e+07,23876,2016-02-24 00:00:00,2019-02-13 00:00:00,Securitização de Recebíveis,PRIVADO,SEDE,SP
ATIVO,09.229.201/0001-30,GPS PARTICIPAÇÕES E EMPREENDIMENTOS S/A,SÃO PAULO,5.345e+06,25712,2021-04-20 00:00:00,2021-04-20 00:00:00,Emp. Adm. Part. - Sem Setor Principal,PRIVADO,SEDE,SP
CANCELADA,14.191.427/0001-29,GRANBIO INVESTIMENTOS S.A.,SÃO PAULO,5.5089e+06,25321,2020-11-13 00:00:00,2026-02-18 00:00:00,"Emp. Adm. Part. - Agricultura (Açúcar, Álcool e Cana)",PRIVADO,SEDE,SP
CANCELADA,61.247.854/0001-61,GRANIMAR SA MARMORES GRANITOS,SÃO PAULO,4.253e+06,6564,1972-11-09 00:00:00,1991-03-20 00:00:00,Extração Mineral,PRIVADO,SEDE,SP
ATIVO,81.616.807/0001-55,GRANJA FARIA S.A.,LAURO MULLER,8.888e+07,27219,2023-06-12 00:00:00,2023-06-12 00:00:00,Alimentos,PRIVADO,SEDE,SC
CANCELADA,88.925.029/0001-25,GRANOLEO SA CI SEMS OLEAGS DER,PORTO ALEGRE,9.02003e+07,6572,1981-10-09 00:00:00,2008-03-05 00:00:00,Alimentos,PRIVADO,SEDE,RS
CANCELADA,00.313.162/0001-80,GRAPIA SA,RIO DE JANEIRO,2.00579e+07,15016,1995-09-05 00:00:00,1998-12-18 00:00:00,Emp. Adm. Participações,PRIVADO,SEDE,RJ
CANCELADA,87.377.016/0001-04,GRAVATAI SUL SA,PORTO ALEGRE,9.13502e+07,12904,1986-07-17 00:00:00,2005-03-22 00:00:00,"Máquinas, Equipamentos, Veículos e Peças",PRIVADO,SEDE,RS
ATIVO,92.012.467/0001-70,GRAZZIOTIN SA,PASSO FUNDO,9.906e+07,4537,1979-01-31 00:00:00,1979-01-31 00:00:00,Comércio (Atacado e Varejo),PRIVADO,SEDE,RS
ATIVO,89.850.341/0001-60,GRENDENE SA,SOBRAL,6.20401e+07,19615,2004-10-26 00:00:00,2004-10-26 00:00:00,Têxtil e Vestuário,PRIVADO HOLDING,SEDE,CE
CANCELADA,01.258.945/0001-70,GRUÇAI PARTICIPAÇÕES SA,SÃO PAULO,1.405e+06,15695,1996-08-28 00:00:00,2019-08-16 00:00:00,Emp. Adm. Part. - Serviços Transporte e Logística,PRIVADO HOLDING,SEDE,SP
ATIVO,33.041.260/0652-90,GRUPO CASAS BAHIA S.A.,SÃO PAULO,4.565e+06,6505,1981-11-24 00:00:00,1981-11-24 00:00:00,Comércio (Atacado e Varejo),PRIVADO,SEDE,SP
ATIVO,33.041.260/0652-90,GRUPO CASAS BAHIA S.A.,SÃO PAULO,4.565e+06,6505,1981-11-24 00:00:00,1981-11-24 00:00:00,Comércio (Atacado e Varejo),PRIVADO,SEDE,SP
CANCELADA,10.285.590/0001-08,GRUPO DE MODA SOMA S.A.,RIO DE JANEIRO,2.22902e+07,25011,2020-07-29 00:00:00,2024-07-31 00:00:00,Têxtil e Vestuário,PRIVADO,SEDE,RJ
ATIVO,04.972.092/0001-22,GRUPO FARTURA DE HORTIFRUT S.A.,SUMARÉ,1.31817e+07,26166,2021-08-16 00:00:00,2021-08-16 00:00:00,Comércio (Atacado e Varejo),PRIVADO,SEDE,SP
ATIVO,24.990.777/0001-09,GRUPO MATEUS S.A.,SÃO LUÍS,6.50741e+07,25186,2020-10-08 00:00:00,2020-10-08 00:00:00,Emp. Adm. Part. - Comércio (Atacado e Varejo),PRIVADO HOLDING,SEDE,MA
ATIVO,24.990.777/0001-09,GRUPO MATEUS S.A.,SÃO LUÍS,6.50741e+07,25186,2020-10-08 00:00:00,2020-10-08 00:00:00,Emp. Adm. Part. - Comércio (Atacado e Varejo),PRIVADO HOLDING,SEDE,MA
ATIVO,59.717.553/0001-02,GRUPO MULTILASER S.A.,SÃO PAULO,1.452e+06,26034,2021-07-20 00:00:00,2021-07-20 00:00:00,Comunicação e Informática,PRIVADO,SEDE,SP
ATIVO,17.765.891/0001-70,GRUPO SALTA EDUCAÇÃO S.A.,RIO DE JANEIRO,2.22801e+07,27820,2025-06-17 00:00:00,2025-06-17 00:00:00,Emp. Adm. Part. - Educação,PRIVADO,SEDE,RJ
ATIVO,13.217.485/0001-11,GRUPO SBF S.A.,SÃO PAULO,5.4259e+06,24694,2019-04-15 00:00:00,2019-04-15 00:00:00,Comércio (Atacado e Varejo),PRIVADO HOLDING,SEDE,SP
ATIVO,31.553.627/0001-01,GRUPO TOKY S.A.,SÃO PAULO,4.73009e+06,25461,2021-02-03 00:00:00,2021-02-03 00:00:00,Comércio (Atacado e Varejo),ESTRANGEIRO,SEDE,SP
ATIVO,08.397.078/0001-01,GSH CORP PARTICIPAÇÕES S.A.,RIO DE JANEIRO,2.22109e+07,26603,2022-01-27 00:00:00,2022-01-27 00:00:00,Serviços Médicos,PRIVADO,SEDE,RJ
CANCELADA,00.649.881/0001-76,GTD PARTICIPACOES SA,RIO DE JANEIRO,2.00309e+07,14915,1995-06-27 00:00:00,2015-04-07 00:00:00,Emp. Adm. Part. - Sem Setor Principal,PRIVADO,SEDE,RJ
ATIVO,08.402.943/0001-52,GUARARAPES CONFECÇÕES SA,NATAL,5.91159e+07,4669,1958-10-16 00:00:00,1958-10-16 00:00:00,Têxtil e Vestuário,PRIVADO,SEDE,RN
CANCELADA,08.810.422/0001-34,GUARARAPES PAINÉIS S.A.,CAÇADOR,8.951e+07,26115,2021-07-30 00:00:00,2023-12-28 00:00:00,"Emp. Adm. Part. - Const. Civil, Mat. Const. e Decoração",PRIVADO,SEDE,SC
CANCELADA,30.788.149/0001-48,GUARDIAN COMPANHIA SECURITIZADORA,PORTO ALEGRE,9.048e+07,24562,2018-10-10 00:00:00,2023-12-28 00:00:00,Securitização de Recebíveis,PRIVADO,SEDE,RS
CANCELADA,58.962.275/0001-96,GURGEL MOTORES SA,SÃO PAULO,4.11012e+06,13382,1988-09-13 00:00:00,2005-03-22 00:00:00,"Máquinas, Equipamentos, Veículos e Peças",PRIVADO,SEDE,SP
CANCELADA,62.278.783/0001-27,GURGEL SA PARTICIPACOES,SÃO PAULO,4.11012e+06,12050,1984-11-06 00:00:00,2005-03-22 00:00:00,Emp. Adm. Participações,PRIVADO,SEDE,SP
CANCELADA,03.420.904/0001-64,GVT HOLDING S/A,CURITIBA,8.00102e+07,20117,2006-06-09 00:00:00,2010-05-07 00:00:00,Emp. Adm. Part. - Telecomunicações,ESTRANGEIRO HOLDING,SEDE,PR
CANCELADA,10.737.120/0001-20,GYPSUM DO NE SA IC DE GESSO,PETROLINA,5.63e+07,6610,1968-09-06 00:00:00,2005-03-22 00:00:00,Extração Mineral,PRIVADO,SEDE,PE
CANCELADA,09.304.427/0001-58,HABITASEC SECURITIZADORA SA,SÃO PAULO,1.4519e+06,21628,2008-08-19 00:00:00,2022-06-30 00:00:00,Securitização de Recebíveis,PRIVADO,SEDE,SP
ATIVO,30.540.991/0001-66,HAGA S.A. INDÚSTRIA E COMÉRCIO,NOVA FRIBURGO,2.86052e+07,13366,1988-09-01 00:00:00,1988-09-01 00:00:00,Metalurgia e Siderurgia,PRIVADO,SEDE,RJ
CANCELADA,34.111.187/0001-12,HAITONG BANCO DE INVESTIMENTO DO BRASIL S.A.,SÃO PAULO,4.542e+06,13960,1991-12-16 00:00:00,2000-06-20 00:00:00,Arrendamento Mercantil,PRIVADO,SEDE,SP
ATIVO,05.197.443/0001-38,HAPVIDA PARTICIPAÇÕES E INVESTIMENTOS S.A.,FORTALEZA,6.01401e+07,24392,2018-04-20 00:00:00,2018-04-20 00:00:00,Serviços Médicos,PRIVADO HOLDING,SEDE,CE
ATIVO,05.197.443/0001-38,HAPVIDA PARTICIPAÇÕES E INVESTIMENTOS S.A.,FORTALEZA,6.01401e+07,24392,2018-04-20 00:00:00,2018-04-20 00:00:00,Serviços Médicos,PRIVADO HOLDING,SEDE,CE
CANCELADA,13.407.573/0001-86,HARPIA ÔMEGA PARTICIPAÇÕES S.A.,SÃO PAULO,4.53813e+06,22578,2011-08-18 00:00:00,2016-06-07 00:00:00,Emp. Adm. Part. - Sem Setor Principal,PRIVADO HOLDING,SEDE,SP
ATIVO,56.444.250/0001-75,HAUSCENTER SA,SÃO PAULO,4.5789e+06,14850,1995-05-02 00:00:00,1995-05-02 00:00:00,Emp. Adm. Part. - Sem Setor Principal,PRIVADO,SEDE,SP
ATIVO,14.785.152/0001-51,HBR REALTY EMPREENDIMENTOS IMOBILIÁRIOS S.A.,MOGI DAS CRUZES,8.7805e+06,25402,2020-12-18 00:00:00,2020-12-18 00:00:00,"Construção Civil, Mat. Constr. e Decoração",PRIVADO,SEDE,SP
ATIVO,49.263.189/0001-02,HELBOR EMPREENDIMENTOS S/A,MOGI DAS CRUZES,8.7805e+06,20877,2007-07-09 00:00:00,2007-07-09 00:00:00,"Construção Civil, Mat. Constr. e Decoração",PRIVADO,SEDE,SP
ATIVO,32.431.519/0001-10,HÉLIO VALGAS SOLAR PARTICIPAÇÕES S.A.,VÁRZEA DA PALMA,3.926e+07,27332,2023-10-30 00:00:00,2023-10-30 00:00:00,Energia Elétrica,PRIVADO,SEDE,MG
ATIVO,92.749.225/0001-63,HERCULES S/A - FABRICA DE TALHERES,SÃO PAULO,4.103e+06,6629,1968-11-01 00:00:00,1968-11-01 00:00:00,Metalurgia e Siderurgia,PRIVADO,SEDE,SP
CANCELADA,82.647.942/0001-20,HERING SA BRINQ INST MUSICAIS,BLUMENAU,8.903e+07,13137,1987-01-12 00:00:00,2005-03-22 00:00:00,"Máquinas, Equipamentos, Veículos e Peças",PRIVADO,SEDE,SC
ATIVO,12.648.327/0001-53,HIDROVIAS DO BRASIL S.A.,SÃO PAULO,1.31791e+06,22675,2011-12-14 00:00:00,2011-12-14 00:00:00,Serviços Transporte e Logística,PRIVADO,SEDE,SP
ATIVO,27.902.165/0002-96,HIGHLINE BRASIL II INFRAESTRUTURA DE TELECOMUNICAÇÕES S.A.,RIO DE JANEIRO,2.27751e+07,27880,2025-08-04 00:00:00,2025-08-04 00:00:00,Telecomunicações,PRIVADO,SEDE,RJ
CANCELADA,60.904.810/0001-02,HINDI CIA BRAS DE HABITACOES,SÃO PAULO,1.427e+06,6661,1977-07-20 00:00:00,1990-11-29 00:00:00,"Construção Civil, Mat. Constr. e Decoração",PRIVADO,SEDE,SP
CANCELADA,39.393.829/0001-37,HLASA PARTICIPAÇÕES S.A.,RIO DE JANEIRO,2.0031e+07,25364,2020-12-10 00:00:00,2022-01-10 00:00:00,Emp. Adm. Part. - Sem Setor Principal,PRIVADO HOLDING,SEDE,RJ
ATIVO,40.159.947/0001-64,HMOBI PARTICIPAÇÕES S.A,RIO DE JANEIRO,2.021e+07,25674,2021-04-07 00:00:00,2021-04-07 00:00:00,Emp. Adm. Part. - Sem Setor Principal,PRIVADO HOLDING,SEDE,RJ
CANCELADA,61.150.397/0001-92,HOECHST BRASIL QUIM FARM SA,SÃO PAULO,4.7959e+06,12335,1985-03-26 00:00:00,1996-02-12 00:00:00,Petroquímicos e Borracha,ESTRANGEIRO,SEDE,SP
CANCELADA,60.861.788/0001-52,HOECHST BRASIL SA QUIM FARM,SÃO PAULO,1.047e+06,6670,1980-07-18 00:00:00,1996-02-12 00:00:00,Petroquímicos e Borracha,ESTRANGEIRO,SEDE,SP
ATIVO,18.903.785/0001-78,HOLDING DO ARAGUAIA S.A.,SÃO PAULO,4.547e+06,26565,2021-12-23 00:00:00,2021-12-23 00:00:00,Serviços Transporte e Logística,PRIVADO HOLDING,SEDE,SP
CANCELADA,23.864.409/0001-51,HOLDING VERZANI & SANDRINI S.A.,SANTO ANDRÉ,9.07051e+06,26689,2022-03-23 00:00:00,2022-08-12 00:00:00,Emp. Adm. Part. - Sem Setor Principal,PRIVADO,SEDE,SP
CANCELADA,00.924.432/0001-99,HOPI HARI SA,VINHEDO,1.328e+07,15377,1996-02-13 00:00:00,2018-05-30 00:00:00,Hospedagem e Turismo,PRIVADO,SEDE,SP
ATIVO,02.560.878/0001-07,HOSPITAL ANCHIETA S.A.,BRASÍLIA,7.21157e+07,26468,2021-12-08 00:00:00,2021-12-08 00:00:00,Serviços Médicos,PRIVADO,SEDE,DF
ATIVO,25.249.439/0001-83,HOSPITAL CARE CALEDONIA S.A.,CAMPINAS,1.30763e+07,25771,2021-04-28 00:00:00,2021-04-28 00:00:00,Serviços Médicos,PRIVADO,SEDE,SP
CANCELADA,00.949.959/0001-78,HOSPITAL LA SANTE SA,SÃO PAULO,4.5789e+06,15466,1996-03-29 00:00:00,2004-04-27 00:00:00,Serviços Médicos,PRIVADO,SEDE,SP
ATIVO,16.676.520/0001-59,HOSPITAL MATER DEI S.A.,BELO HORIZONTE,3.01901e+07,25690,2021-04-14 00:00:00,2021-04-14 00:00:00,Serviços Médicos,PRIVADO,SEDE,MG
CANCELADA,33.858.168/0001-91,HOTEIS E TURISMO GUANABARA SA,BELO HORIZONTE,3.0441e+07,6696,1968-07-17 00:00:00,2015-03-13 00:00:00,Hospedagem e Turismo,PRIVADO,SEDE,MG
ATIVO,33.200.049/0001-47,HOTEIS OTHON S.A. - EM RECUPERAÇÃO JUDICIAL,RIO DE JANEIRO,2.206e+07,6700,1980-08-08 00:00:00,1980-08-08 00:00:00,Hospedagem e Turismo,PRIVADO,SEDE,RJ
CANCELADA,82.602.426/0001-80,HOTEIS TANNENHOF SA,JOINVILLE,8.92e+07,6718,1981-05-20 00:00:00,1990-09-19 00:00:00,Hospedagem e Turismo,PRIVADO,SEDE,SC
CANCELADA,15.675.715/0001-11,HOUSI S.A.,SÃO PAULO,4.547e+06,25313,2020-11-10 00:00:00,2022-06-21 00:00:00,"Emp. Adm. Part. - Const. Civil, Mat. Const. e Decoração",PRIVADO,SEDE,SP
CANCELADA,60.891.751/0001-77,HOWA S.A. INDUSTRIAS MECANICAS,SÃO PAULO,1.006e+06,6734,1973-01-12 00:00:00,1984-12-18 00:00:00,"Máquinas, Equipamentos, Veículos e Peças",ESTRANGEIRO,SEDE,SP
CANCELADA,12.827.269/0001-25,HRH ILHA DO SOL EMPREENDIMENTOS IMOBILIÁRIOS SPE S/A,SERTANEJA,8.634e+07,24376,2018-04-11 00:00:00,2020-06-15 00:00:00,Hospedagem e Turismo,PRIVADO,SEDE,PR
CANCELADA,34.262.972/0001-76,HSBC ASSET FINANCE (BRASIL) - ARRENDAMEN,SÃO PAULO,5.315e+06,8915,1983-05-23 00:00:00,1990-08-03 00:00:00,Arrendamento Mercantil,ESTRANGEIRO,SEDE,SP
CANCELADA,34.262.972/0001-76,HSBC ASSET FINANCE (BRASIL) - ARRENDAMEN,SÃO PAULO,5.315e+06,15210,1995-12-13 00:00:00,2004-10-29 00:00:00,Arrendamento Mercantil,PRIVADO,SEDE,SP
CANCELADA,44.847.374/0001-12,HSBC LEASING A.M.(BRASIL) SA,CURITIBA,8.163e+07,736,1981-09-23 00:00:00,1999-12-23 00:00:00,Arrendamento Mercantil,PRIVADO,SEDE,PR
CANCELADA,76.538.446/0001-36,HSBC SEGUROS BRASIL SA,CURITIBA,8.002e+07,728,1977-07-20 00:00:00,2000-12-26 00:00:00,Seguradoras e Corretoras,PRIVADO,SEDE,PR
CANCELADA,67.760.702/0001-44,HSBX BAURU EMPREENDIMENTOS SA,BAURU,1.71e+07,14095,1993-01-26 00:00:00,2009-09-16 00:00:00,"Construção Civil, Mat. Constr. e Decoração",PRIVADO,SEDE,SP
CANCELADA,50.991.421/0001-08,HUMAITA SA,SÃO PAULO,1.31e+06,12149,1984-12-12 00:00:00,1989-12-19 00:00:00,Emp. Adm. Participações,PRIVADO,SEDE,SP
CANCELADA,40.760.921/0001-77,HUMAITA SECURITIZADORA S/A,NATAL,5.9015e+07,25968,2021-07-05 00:00:00,2022-06-30 00:00:00,Securitização de Recebíveis,PRIVADO,SEDE,RN
CANCELADA,18.483.666/0001-03,HUMBERG AGRIBRASIL COMÉRCIO E EXPORTAÇÃO DE GRÃOS S.A,SÃO PAULO,4.534e+06,25933,2021-06-10 00:00:00,2025-10-24 00:00:00,Comércio (Atacado e Varejo),PRIVADO,SEDE,SP
CANCELADA,84.685.189/0001-93,HUSKY SA,JOINVILLE,8.92041e+07,13218,1987-08-25 00:00:00,2007-01-09 00:00:00,Têxtil e Vestuário,PRIVADO HOLDING,SEDE,SC
CANCELADA,01.180.474/0001-25,HYDE PARK SA,SÃO JOSÉ DOS PINHAIS,8.30054e+07,15580,1996-05-28 00:00:00,2007-01-09 00:00:00,"Construção Civil, Mat. Constr. e Decoração",PRIVADO,SEDE,PR
ATIVO,02.932.074/0001-91,HYPERA S/A,SÃO PAULO,4.54707e+06,21431,2008-04-16 00:00:00,2008-04-16 00:00:00,Farmacêutico e Higiene,PRIVADO,SEDE,SP
CANCELADA,34.270.520/0001-36,IBM LEASING ARREND MERC SA,RIO DE JANEIRO,2.22069e+07,14257,1993-12-03 00:00:00,1995-01-09 00:00:00,Arrendamento Mercantil,PRIVADO,SEDE,RJ
CANCELADA,17.157.264/0001-56,ICAL IND DE CALCINACAO SA,BELO HORIZONTE,3.013e+07,6785,1982-09-28 00:00:00,1989-02-23 00:00:00,Extração Mineral,PRIVADO,SEDE,MG
CANCELADA,10.969.780/0001-36,ICANOR SA ARAMES E CABOS,IGARASSU,5.36e+07,6793,1971-07-07 00:00:00,1984-10-26 00:00:00,Outras Atividades Industriais,PRIVADO,SEDE,PE
CANCELADA,49.058.555/0001-83,IDEROL SA EQUIPS RODOVIARIOS,BETIM,3.25e+07,13692,1990-07-04 00:00:00,2005-12-20 00:00:00,"Máquinas, Equipamentos, Veículos e Peças",PRIVADO,SEDE,MG
CANCELADA,49.867.112/0001-33,IFEMA SA I DE CONDS ELETRICOS,VARGEM GRANDE PAULISTA,6.73e+06,6807,1972-09-19 00:00:00,1989-09-19 00:00:00,Metalurgia e Siderurgia,PRIVADO,SEDE,SP
ATIVO,40.593.395/0001-06,IFIN PARTICIPACOES S.A.,SÃO PAULO,5.50103e+06,26905,2022-07-28 00:00:00,2022-07-28 00:00:00,Securitização de Recebíveis,PRIVADO,SEDE,SP
CANCELADA,43.185.362/0001-07,IGB ELETRÔNICA S.A. - EM RECUPERAÇÃO JUDICIAL,MANAUS,6.9075e+07,6815,1973-12-19 00:00:00,2023-06-07 00:00:00,"Máquinas, Equipamentos, Veículos e Peças",PRIVADO,SEDE,AM
ATIVO,42.353.180/0001-35,IGUÁ RIO DE JANEIRO S.A.,RIO DE JANEIRO,2.2775e+07,26727,2022-03-30 00:00:00,2022-03-30 00:00:00,"Emp. Adm. Part. - Saneamento, Serv. Água e Gás",PRIVADO,SEDE,RJ
CANCELADA,08.159.965/0001-33,IGUA SANEAMENTO S.A.,SÃO PAULO,1.455e+06,22403,2011-02-21 00:00:00,2011-03-23 00:00:00,"Saneamento, Serv. Água e Gás",PRIVADO HOLDING,SEDE,SP
ATIVO,08.159.965/0001-33,IGUA SANEAMENTO S.A.,SÃO PAULO,1.455e+06,23175,2013-05-13 00:00:00,2013-05-13 00:00:00,"Saneamento, Serv. Água e Gás",PRIVADO HOLDING,SEDE,SP
ATIVO,58.070.452/0001-20,IGUÁ SERGIPE S.A.,ARACAJU,4.90254e+07,27812,2025-05-29 00:00:00,2025-05-29 00:00:00,"Emp. Adm. Part. - Saneamento, Serv. Água e Gás",PRIVADO HOLDING,SEDE,SE
CANCELADA,81.304.727/0001-64,IGUACU CELULOSE PAPEL SA,CURITIBA,8.11703e+07,15113,1995-11-09 00:00:00,2017-03-03 00:00:00,Papel e Celulose,PRIVADO,SEDE,PR
ATIVO,51.218.147/0001-93,IGUATEMI EMPRESA DE SHOPPING CENTERS S/A,SÃO PAULO,1.45507e+06,20494,2007-02-02 00:00:00,2007-02-02 00:00:00,Comércio (Atacado e Varejo),PRIVADO,SEDE,SP
ATIVO,60.543.816/0001-93,IGUATEMI S.A.,SÃO PAULO,1.45507e+06,8672,1946-03-12 00:00:00,1946-03-12 00:00:00,Emp. Adm. Part. - Comércio (Atacado e Varejo),PRIVADO HOLDING,SEDE,SP
CANCELADA,60.484.797/0001-71,IKPC INDS KLABIN PAPEL CEL SA,SÃO PAULO,1.0759e+06,7420,1979-11-14 00:00:00,2001-12-28 00:00:00,Papel e Celulose,PRIVADO,SEDE,SP
CANCELADA,78.571.411/0001-24,"IMCOPA-IMPORTAÇÃO, EXPORT E IND DE OLEOS SA",ARAUCÁRIA,8.3707e+07,21318,2008-01-18 00:00:00,2008-11-05 00:00:00,Alimentos,PRIVADO,SEDE,PR
CANCELADA,92.783.646/0001-00,IMCOSUL SA,PORTO ALEGRE,9.00102e+07,6831,1977-07-20 00:00:00,2005-12-20 00:00:00,Comércio (Atacado e Varejo),PRIVADO,SEDE,RS
CANCELADA,33.123.118/0001-66,IMPERIO LISAMAR SA IND E COM,RIO DE JANEIRO,2.153e+07,14567,1994-09-21 00:00:00,2007-08-07 00:00:00,Alimentos,PRIVADO,SEDE,RJ
CANCELADA,04.893.996/0001-62,IMPORTADORA DE FERRAGENS SA,BELÉM,6.00252e+07,6840,1977-07-20 00:00:00,2010-01-04 00:00:00,Comércio (Atacado e Varejo),PRIVADO,SEDE,CE
CANCELADA,61.081.972/0001-42,INBRAC SA CONDUTORES ELETRICOS,SANTA BRANCA,1.238e+07,6874,1981-05-25 00:00:00,2002-03-05 00:00:00,"Máquinas, Equipamentos, Veículos e Peças",PRIVADO,SEDE,SP
ATIVO,09.054.385/0001-44,INBRANDS SA,SÃO PAULO,5.8049e+06,22560,2011-08-08 00:00:00,2011-08-08 00:00:00,Têxtil e Vestuário,PRIVADO,SEDE,SP
ATIVO,09.611.768/0001-76,INC EMPREENDIMENTOS IMOBILIÁRIOS S.A.,JUIZ DE FORA,3.60253e+07,24279,2017-11-09 00:00:00,2017-11-09 00:00:00,"Construção Civil, Mat. Constr. e Decoração",PRIVADO,SEDE,MG
CANCELADA,15.126.626/0001-16,IND AZULEJOS BAHIA SA,CAMAÇARI,4.28012e+07,6955,1971-12-30 00:00:00,2018-01-30 00:00:00,"Construção Civil, Mat. Constr. e Decoração",PRIVADO,SEDE,BA
CANCELADA,15.102.692/0001-56,IND BAHIANA DE LAJES SA,SALVADOR,4.00154e+07,6912,1969-11-10 00:00:00,2005-03-22 00:00:00,"Construção Civil, Mat. Constr. e Decoração",PRIVADO,SEDE,BA
CANCELADA,04.393.401/0001-00,IND BEBS ANTARCTICA AMAZ  SA,MANAUS,6.905e+07,6963,1981-11-30 00:00:00,1999-01-11 00:00:00,Bebidas e Fumo,PRIVADO,SEDE,AM
CANCELADA,17.317.686/0001-41,IND BEBS ANTARCTICA MG SA,VESPASIANO,3.32e+07,6971,1979-12-12 00:00:00,1995-01-17 00:00:00,Bebidas e Fumo,PRIVADO,SEDE,MG
CANCELADA,23.536.691/0001-48,IND BEBS ANTARCTICA MG SA,VESPASIANO,3.32e+07,3581,1981-05-20 00:00:00,1999-01-11 00:00:00,Bebidas e Fumo,PRIVADO,SEDE,MG
CANCELADA,32.993.529/0001-40,IND BEBS ANTARCTICA MT SA,CUIABÁ,7.8e+07,13684,1990-05-09 00:00:00,1990-07-26 00:00:00,Bebidas e Fumo,PRIVADO,SEDE,MT
CANCELADA,15.182.652/0001-61,IND BEBS ANTARCTICA NORTE-NORDESTE SA,CAMAÇARI,4.281e+07,6980,1979-10-08 00:00:00,2001-11-01 00:00:00,Bebidas e Fumo,PRIVADO,SEDE,BA
CANCELADA,09.259.821/0001-11,IND BEBS ANTARCTICA PARAIBA SA,JOÃO PESSOA,5.8082e+07,13188,1987-05-28 00:00:00,1999-01-11 00:00:00,Bebidas e Fumo,PRIVADO,SEDE,PB
CANCELADA,05.234.760/0001-87,IND BEBS ANTARCTICA PIAUI SA,TERESINA,6.4022e+07,6998,1982-07-01 00:00:00,1999-01-11 00:00:00,Bebidas e Fumo,PRIVADO,SEDE,PI
CANCELADA,95.424.479/0001-08,IND BEBS ANTARCTICA POLAR SA,PORTO ALEGRE,9.02406e+07,7005,1966-07-05 00:00:00,2001-05-31 00:00:00,Bebidas e Fumo,PRIVADO,SEDE,RS
CANCELADA,08.473.852/0001-08,IND BEBS ANTARCTICA RN SA,SÃO GONÇALO DO AMARANTE,5.929e+07,13668,1990-05-04 00:00:00,1999-01-11 00:00:00,Bebidas e Fumo,PRIVADO,SEDE,RN
CANCELADA,04.932.265/0001-89,IND BIOL FARMACEUTICA AMAZ SA,BELÉM,6.6823e+07,6920,1973-10-19 00:00:00,2005-03-22 00:00:00,Farmacêutico e Higiene,PRIVADO,SEDE,PA
CANCELADA,89.716.138/0001-03,IND CALCADOS ERNO SA,ESTÂNCIA VELHA,9.36e+07,7013,1977-07-20 00:00:00,2005-12-20 00:00:00,Têxtil e Vestuário,PRIVADO,SEDE,RS
CANCELADA,04.990.958/0001-28,IND CERAMICA AMAZONIA SA INCA,ANANINDEUA,6.0033e+07,6947,1973-11-28 00:00:00,2007-02-14 00:00:00,Extração Mineral,PRIVADO,SEDE,PA
CANCELADA,95.814.083/0001-69,IND DE MAQS AGRICOLAS IDEAL SA,SANTA ROSA,9.89e+07,7072,1971-10-20 00:00:00,1991-05-06 00:00:00,"Máquinas, Equipamentos, Veículos e Peças",PRIVADO,SEDE,RS
CANCELADA,51.329.092/0001-99,IND DE PAPEL PIRACICABA SA,PIRACICABA,1.34e+07,7102,1983-07-08 00:00:00,1986-12-23 00:00:00,Papel e Celulose,PRIVADO,SEDE,SP
CANCELADA,90.724.345/0001-80,IND MAQS AGRICOLAS FUCHS SA,IJUÍ,9.87e+07,7064,1972-04-14 00:00:00,2012-10-25 00:00:00,"Máquinas, Equipamentos, Veículos e Peças",PRIVADO,SEDE,RS
CANCELADA,28.053.387/0001-63,IND MASSAS E BISCOITOS ALCOBAÇA SA,VILA VELHA,2.91202e+07,9920,1977-07-20 00:00:00,1988-01-12 00:00:00,Alimentos,PRIVADO,SEDE,ES
CANCELADA,30.819.585/0001-37,IND METALURGICA IGUACU SA,NOVA IGUAÇU,2.615e+07,7218,1976-05-05 00:00:00,2005-12-20 00:00:00,Metalurgia e Siderurgia,PRIVADO,SEDE,RJ
CANCELADA,61.085.544/0001-98,IND OLEOS PACAEMBU SA,CASCAVEL,8.5816e+07,12645,1986-04-11 00:00:00,2006-11-22 00:00:00,Alimentos,PRIVADO,SEDE,PR
CANCELADA,15.891.435/0001-40,IND PAPEIS SANTO AMARO SA,SANTO AMARO,4.42e+07,7080,1977-07-20 00:00:00,2005-03-22 00:00:00,Papel e Celulose,PRIVADO,SEDE,BA
CANCELADA,60.432.648/0001-69,IND PAPEL PAPELAO S.ROBERTO SA,SÃO PAULO,2.1109e+06,7099,1983-11-28 00:00:00,1996-11-11 00:00:00,Embalagens,PRIVADO,SEDE,SP
CANCELADA,84.430.610/0001-15,IND TEXTIL JARITA SA,JARAGUÁ DO SUL,8.925e+07,7269,1980-11-20 00:00:00,2005-03-22 00:00:00,Têxtil e Vestuário,PRIVADO,SEDE,SC
CANCELADA,92.690.817/0001-57,"INDAC - INDÚSTRIA, ADM. E COMÉRCIO S.A.",PORTO ALEGRE,9.022e+07,7277,1983-03-30 00:00:00,2010-03-08 00:00:00,Emp. Adm. Part. - Metalurgia e Siderurgia,PRIVADO,SEDE,RS
CANCELADA,92.750.132/0001-59,INDL ARTE TECNICA S.A.,PORTO ALEGRE,9.02e+07,7285,1976-03-17 00:00:00,1989-01-24 00:00:00,Metalurgia e Siderurgia,PRIVADO,SEDE,RS
CANCELADA,01.003.635/0001-05,INDL BRASIL ARREND MERC SA,BARUERI,6.453e+06,15954,1996-12-05 00:00:00,2003-10-01 00:00:00,Arrendamento Mercantil,PRIVADO,SEDE,SP
CANCELADA,92.721.315/0001-46,INDL E COML BRAS SA INCOBRASA,PORTO ALEGRE,9e+07,7307,1983-10-13 00:00:00,1988-01-11 00:00:00,Alimentos,PRIVADO,SEDE,RS
CANCELADA,18.135.624/0001-81,INDS ALIMCS ITACOLOMY SA ITASA,MONTES CLAROS,3.94e+07,7340,1977-07-20 00:00:00,1987-11-26 00:00:00,Alimentos,ESTRANGEIRO,SEDE,MG
CANCELADA,09.886.995/0001-04,INDS ALIMENTICIAS MAGUARY SA,SÃO PAULO,4.578e+06,7358,1977-07-20 00:00:00,1992-03-13 00:00:00,Alimentos,PRIVADO,SEDE,SP
CANCELADA,62.291.380/0001-18,INDS ARTEB SA,SÃO BERNARDO DO CAMPO,9.8919e+06,15881,1996-11-28 00:00:00,2010-01-25 00:00:00,"Máquinas, Equipamentos, Veículos e Peças",PRIVADO,SEDE,SP
CANCELADA,86.046.562/0001-91,INDS ARTEFAMA SA,SÃO BENTO DO SUL,8.929e+07,7366,1977-07-20 00:00:00,1993-06-24 00:00:00,"Construção Civil, Mat. Constr. e Decoração",PRIVADO,SEDE,SC
CANCELADA,61.142.063/0001-77,INDS C FABRINI SA,SÃO BERNARDO DO CAMPO,9.883e+06,7374,1977-07-20 00:00:00,1996-06-14 00:00:00,"Máquinas, Equipamentos, Veículos e Peças",PRIVADO,SEDE,SP
CANCELADA,56.993.645/0001-27,INDS CHOCOLATE LACTA S/A,SÃO PAULO,4.6029e+06,7390,1977-07-20 00:00:00,1998-07-17 00:00:00,Alimentos,PRIVADO,SEDE,SP
CANCELADA,10.728.806/0001-54,INDS COELHO SA,RECIFE,5.00303e+07,7382,1977-07-20 00:00:00,2010-01-04 00:00:00,Alimentos,PRIVADO,SEDE,PE
CANCELADA,31.901.382/0001-58,INDS DE BEBS JOAQUIM T A F SA,SÃO JOÃO DA BARRA,2.815e+07,12068,1984-11-19 00:00:00,1986-07-25 00:00:00,Bebidas e Fumo,PRIVADO,SEDE,RJ
CANCELADA,08.397.697/0001-98,INDS JOSSAN SA,NATAL,5.907e+07,7404,1977-10-20 00:00:00,1991-06-13 00:00:00,Metalurgia e Siderurgia,PRIVADO,SEDE,RN
CANCELADA,06.061.105/0001-37,INDS KARINA SA,SÃO LUÍS,6.5e+07,7412,1977-07-20 00:00:00,2005-08-09 00:00:00,Alimentos,PRIVADO,SEDE,MA
CANCELADA,60.873.874/0001-85,INDS MADEIRIT SA,SÃO PAULO,1.048e+06,7439,1968-08-05 00:00:00,2010-01-04 00:00:00,"Construção Civil, Mat. Constr. e Decoração",PRIVADO,SEDE,SP
CANCELADA,10.775.468/0001-01,INDS MINERVA SA,RECIFE,5.214e+07,7455,1977-07-20 00:00:00,2006-11-22 00:00:00,Embalagens,PRIVADO,SEDE,PE
CANCELADA,43.995.323/0001-75,INDS MONSANTO SA,SÃO PAULO,5.424e+06,7463,1981-09-29 00:00:00,1986-03-07 00:00:00,Petroquímicos e Borracha,ESTRANGEIRO,SEDE,SP
CANCELADA,00.322.818/0001-20,INDS NUCLEARES DO BRASIL SA,RIO DE JANEIRO,2.003e+07,5606,1973-11-08 00:00:00,1994-07-18 00:00:00,Outras Atividades Industriais,ESTATAL,SEDE,RJ
CANCELADA,06.283.477/0001-08,INDS QUIMICAS NORTE SA,SÃO LUÍS,6.511e+07,7471,1971-10-25 00:00:00,2005-08-09 00:00:00,Petroquímicos e Borracha,PRIVADO,SEDE,MA
CANCELADA,10.810.653/0001-90,INDS ROMI DO NORDESTE SA,SANTA BÁRBARA D'OESTE,1.345e+07,7501,1965-10-14 00:00:00,1988-07-14 00:00:00,Metalurgia e Siderurgia,PRIVADO,SEDE,SP
CANCELADA,84.685.106/0001-66,INDS SCHNEIDER SA,JOINVILLE,8.92042e+07,7528,1982-08-23 00:00:00,2000-01-04 00:00:00,"Máquinas, Equipamentos, Veículos e Peças",PRIVADO,SEDE,SC
CANCELADA,71.444.681/0001-25,INDS TEXTEIS BARBERO SA,CARIACICA,2.91409e+07,7536,1982-09-01 00:00:00,2008-03-18 00:00:00,Têxtil e Vestuário,PRIVADO,SEDE,ES
CANCELADA,28.500.320/0001-20,INDÚSTRIA VEROLME S.A. - IVESA,RIO DE JANEIRO,2.004e+07,12866,1986-07-02 00:00:00,2015-04-07 00:00:00,"Máquinas, Equipamentos, Veículos e Peças",PRIVADO HOLDING,SEDE,RJ
CANCELADA,88.301.163/0001-55,INDUSTRIAS MICHELETTO S/A,CANOAS,9.242e+07,7447,1968-09-17 00:00:00,2008-06-26 00:00:00,"Máquinas, Equipamentos, Veículos e Peças",PRIVADO,SEDE,RS
CANCELADA,02.225.714/0001-23,INEPAR ENERGIA SA,CURITIBA,8.04101e+07,16730,1997-12-17 00:00:00,2011-11-21 00:00:00,Energia Elétrica,PRIVADO,SEDE,PR
ATIVO,02.258.422/0001-97,INEPAR EQUIPAMENTOS E MONTAGENS S/A - EM RECUPERACAO JUDICIA,CURITIBA,8.04102e+07,17868,1998-10-23 00:00:00,1998-10-23 00:00:00,"Máquinas, Equipamentos, Veículos e Peças",PRIVADO,SEDE,PR
ATIVO,76.627.504/0001-06,INEPAR S.A. INDUSTRIA E CONSTRUCOES EM RECUPERACAO JUDICIAL,CURITIBA,8.04102e+07,7595,1980-01-22 00:00:00,1980-01-22 00:00:00,"Máquinas, Equipamentos, Veículos e Peças",PRIVADO,SEDE,PR
CANCELADA,07.704.069/0001-45,INFINITY BIO-ENERGY BRASIL PARTICIPAÇÕES S/A,SÃO PAULO,4.55106e+06,21288,2008-01-10 00:00:00,2008-11-27 00:00:00,"Agricultura (Açúcar, Álcool e Cana)",ESTRANGEIRO HOLDING,SEDE,SP
CANCELADA,01.596.910/0001-41,INFOVIAS PNSC SA,SÃO PAULO,1.405e+06,16314,1997-07-02 00:00:00,2002-05-27 00:00:00,Emp. Adm. Participações,PRIVADO,SEDE,SP
ATIVO,38.456.921/0001-36,INFRACOMMERCE CXAAS S.A.,SÃO PAULO,4.5489e+06,25747,2021-04-27 00:00:00,2021-04-27 00:00:00,Comércio (Atacado e Varejo),PRIVADO,SEDE,SP
CANCELADA,10.488.244/0001-19,INFRASEC SECURITIZADORA S/A,SÃO PAULO,1.4182e+06,21750,2009-09-22 00:00:00,2026-04-13 00:00:00,Securitização de Recebíveis,PRIVADO,SEDE,SP
CANCELADA,02.604.860/0001-60,INNCORP S.A.,SÃO PAULO,4.53202e+06,17558,1998-07-20 00:00:00,2020-11-05 00:00:00,Emp. Adm. Part. - Sem Setor Principal,PRIVADO HOLDING,SEDE,SP
ATIVO,35.822.503/0001-27,INSPIRALI EDUCAÇÃO S.A.,BELO HORIZONTE,3.04556e+07,27251,2023-07-27 00:00:00,2023-07-27 00:00:00,Educação,PRIVADO,SEDE,MG
CANCELADA,19.378.769/0001-76,INSTITUTO HERMES PARDINI S/A,BELO HORIZONTE,3.01401e+07,24090,2017-02-10 00:00:00,2023-07-19 00:00:00,Serviços Médicos,PRIVADO,SEDE,MG
CANCELADA,19.378.769/0001-76,INSTITUTO HERMES PARDINI S/A,BELO HORIZONTE,3.01401e+07,24090,2017-02-10 00:00:00,2023-07-19 00:00:00,Serviços Médicos,PRIVADO,SEDE,MG
ATIVO,82.901.000/0001-27,INTELBRAS S.A. IND. DE TELECOMUNICAÇÃO ELETRÔNICA BRASILEIRA,SÃO JOSÉ,8.81048e+07,25453,2021-02-02 00:00:00,2021-02-02 00:00:00,Comércio (Atacado e Varejo),PRIVADO,SEDE,SC
CANCELADA,12.395.063/0001-73,INTELLECTUAL SERVICES S.A - GESTÃO DE ATIVOS DO CONHECIMENTO,CURITIBA,8.00401e+07,23043,2013-02-19 00:00:00,2016-01-07 00:00:00,Emp. Adm. Part. - Educação,PRIVADO,SEDE,PR
CANCELADA,80.246.812/0001-50,INTERAGRO SA ALIMENTOS,CURITIBA,8.16902e+07,16179,1997-03-12 00:00:00,1998-01-16 00:00:00,Alimentos,PRIVADO,SEDE,PR
CANCELADA,62.258.884/0001-36,INTERCEMENT BRASIL S.A. - EM RECUPERAÇÃO JUDICIAL,SÃO PAULO,4.578e+06,19631,2004-11-12 00:00:00,2011-08-01 00:00:00,"Construção Civil, Mat. Constr. e Decoração",PRIVADO,SEDE,SP
CANCELADA,62.258.884/0001-36,INTERCEMENT BRASIL S.A. - EM RECUPERAÇÃO JUDICIAL,SÃO PAULO,4.578e+06,25992,2021-07-14 00:00:00,2026-04-27 00:00:00,"Construção Civil, Mat. Constr. e Decoração",PRIVADO,SEDE,SP
CANCELADA,12.610.116/0001-21,INTERCOSMETIC HOLDING S/A,CURITIBA,8.00401e+07,22888,2012-08-06 00:00:00,2016-01-07 00:00:00,Emp. Adm. Part. - Farmacêutico e Higiene,PRIVADO,SEDE,PR
CANCELADA,12.394.916/0001-52,INTERMULTIMODAL S.A OPERADORA DE PLATAFORMAS INTERNACIONAIS DE LOGISTICA MULTIMODAL,CURITIBA,8.00401e+07,23086,2013-02-28 00:00:00,2016-01-07 00:00:00,Emp. Adm. Part. - Serviços Transporte e Logística,PRIVADO,SEDE,PR
ATIVO,17.314.329/0001-20,INTERNATIONAL MEAL COMPANY ALIMENTAÇÃO S.A.,SÃO PAULO,5.4779e+06,23574,2015-03-19 00:00:00,2015-03-19 00:00:00,Alimentos,PRIVADO,SEDE,SP
CANCELADA,08.936.792/0001-12,"INTERNATIONAL MEAL COMPANY HOLDINGS, SA",SÃO PAULO,4.717e+06,21890,2009-12-18 00:00:00,2010-03-26 00:00:00,Alimentos,ESTRANGEIRO HOLDING,SEDE,SP
CANCELADA,08.936.792/0001-12,"INTERNATIONAL MEAL COMPANY HOLDINGS, SA",SÃO PAULO,4.717e+06,22438,2011-03-03 00:00:00,2014-12-01 00:00:00,Alimentos,PRIVADO HOLDING,SEDE,SP
CANCELADA,05.347.060/0001-07,INTERPLAYERS SOLUÇÕES INTEGRADAS S.A.,SÃO PAULO,4.696e+06,26387,2021-11-19 00:00:00,2024-10-30 00:00:00,Farmacêutico e Higiene,PRIVADO,SEDE,SP
CANCELADA,42.461.046/0001-58,INVESPAR SA,RIO DE JANEIRO,2.0011e+07,7609,1983-09-08 00:00:00,1996-08-23 00:00:00,Emp. Adm. Participações,PRIVADO,SEDE,RJ
ATIVO,00.644.907/0001-93,INVESTCO S/A,MIRACEMA DO TOCANTINS,7.765e+07,18589,2000-02-04 00:00:00,2000-02-04 00:00:00,Energia Elétrica,PRIVADO,SEDE,TO
CANCELADA,46.112.488/0001-40,INVESTEC SA,SÃO PAULO,1.3108e+06,12505,1985-11-01 00:00:00,1999-05-04 00:00:00,Emp. Adm. Participações,PRIVADO,SEDE,SP
CANCELADA,02.983.657/0001-41,INVESTHOTEL S.A.,CURITIBA,8.02502e+07,18570,2000-01-31 00:00:00,2002-09-19 00:00:00,Emp. Adm. Participações,PRIVADO,SEDE,PR
ATIVO,01.548.981/0001-79,INVESTIMENTOS BEMGE S.A.,SÃO PAULO,4.3449e+06,6041,1977-07-20 00:00:00,1977-07-20 00:00:00,Bancos,PRIVADO,SEDE,SP
ATIVO,03.758.318/0001-24,INVESTIMENTOS E PARTICIP EM INFRA SA INVEPAR,GUARULHOS,7.1901e+06,18775,2000-09-29 00:00:00,2000-09-29 00:00:00,Emp. Adm. Part. - Serviços Transporte e Logística,PRIVADO,SEDE,SP
ATIVO,03.758.318/0001-24,INVESTIMENTOS E PARTICIP EM INFRA SA INVEPAR,GUARULHOS,7.1901e+06,18775,2000-09-29 00:00:00,2000-09-29 00:00:00,Emp. Adm. Part. - Serviços Transporte e Logística,PRIVADO,SEDE,SP
CANCELADA,02.869.385/0001-53,INVESTMOBILE SA,CURITIBA,8.02502e+07,18120,1998-12-21 00:00:00,2002-09-30 00:00:00,Emp. Adm. Participações,PRIVADO,SEDE,PR
CANCELADA,02.812.190/0001-77,INVESTVALE SERVIÇOS S.A.,RIO DE JANEIRO,2.00059e+07,18384,1999-07-20 00:00:00,2007-05-09 00:00:00,Comunicação e Informática,PRIVADO,SEDE,RJ
CANCELADA,00.021.096/0001-74,INVISTA NYLON SUL AMERICANA S/A,AMERICANA,1.34703e+07,18791,2000-10-25 00:00:00,2003-11-05 00:00:00,Têxtil e Vestuário,PRIVADO,SEDE,SP
CANCELADA,10.242.478/0001-81,INVITEL LEGACY SA,RIO DE JANEIRO,2.00409e+07,21687,2008-11-11 00:00:00,2020-07-01 00:00:00,Emp. Adm. Part. - Telecomunicações,PRIVADO HOLDING,SEDE,RJ
CANCELADA,02.465.782/0001-60,INVITEL SA,RIO DE JANEIRO,2.24302e+07,17396,1998-06-17 00:00:00,2009-07-31 00:00:00,Emp. Adm. Part. - Telecomunicações,PRIVADO HOLDING,SEDE,RJ
ATIVO,61.156.113/0001-75,IOCHPE MAXION SA,CRUZEIRO,1.27309e+07,11932,1984-07-17 00:00:00,1984-07-17 00:00:00,"Máquinas, Equipamentos, Veículos e Peças",PRIVADO,SEDE,SP
ATIVO,61.156.113/0001-75,IOCHPE MAXION SA,CRUZEIRO,1.27309e+07,11932,1984-07-17 00:00:00,1984-07-17 00:00:00,"Máquinas, Equipamentos, Veículos e Peças",PRIVADO,SEDE,SP
ATIVO,61.156.113/0001-75,IOCHPE MAXION SA,CRUZEIRO,1.27309e+07,11932,1984-07-17 00:00:00,1984-07-17 00:00:00,"Máquinas, Equipamentos, Veículos e Peças",PRIVADO,SEDE,SP
CANCELADA,88.939.236/0001-39,IPIRANGA PETROQUIMICA SA,TRIUNFO,9.5853e+07,12300,1985-03-14 00:00:00,2007-07-18 00:00:00,Petroquímicos e Borracha,PRIVADO,SEDE,RS
CANCELADA,11.029.196/0001-63,IPLAC DO BR SA PLASTICOS INDL,FORTALEZA,6.031e+07,7641,1984-11-23 00:00:00,2004-06-24 00:00:00,Petroquímicos e Borracha,PRIVADO HOLDING,SEDE,CE
CANCELADA,92.387.018/0001-06,IRANI AGROFLORESTAL SA,PORTO ALEGRE,9.001e+07,13463,1989-04-27 00:00:00,1995-05-04 00:00:00,Reflorestamento,PRIVADO,SEDE,RS
ATIVO,92.791.243/0001-03,IRANI PAPEL E EMBALAGEM S.A.,PORTO ALEGRE,9.04809e+07,2429,1977-07-20 00:00:00,1977-07-20 00:00:00,Embalagens,PRIVADO,SEDE,RS
ATIVO,33.376.989/0001-91,IRB - BRASIL RESSEGUROS S.A.,RIO DE JANEIRO,2.00312e+07,24180,2017-07-27 00:00:00,2017-07-27 00:00:00,Seguradoras e Corretoras,PRIVADO,SEDE,RJ
ATIVO,33.376.989/0001-91,IRB - BRASIL RESSEGUROS S.A.,RIO DE JANEIRO,2.00312e+07,24180,2017-07-27 00:00:00,2017-07-27 00:00:00,Seguradoras e Corretoras,PRIVADO,SEDE,RJ
CANCELADA,01.545.832/0001-56,IRIRI PARTICIPACOES SA,SÃO PAULO,4.5389e+06,16110,1997-02-21 00:00:00,2001-09-04 00:00:00,Emp. Adm. Participações,PRIVADO HOLDING,SEDE,SP
CANCELADA,52.769.783/0001-76,IRMAOS DAVOLI SA IMP E COM,MOGI MIRIM,1.38e+07,7650,1977-07-20 00:00:00,1988-01-12 00:00:00,"Máquinas, Equipamentos, Veículos e Peças",PRIVADO,SEDE,SP
CANCELADA,09.295.979/0001-47,IRONX MINERAÇÃO S/A,RIO DE JANEIRO,2.221e+07,21458,2008-04-24 00:00:00,2008-12-19 00:00:00,Metalurgia e Siderurgia,PRIVADO HOLDING,SEDE,RJ
CANCELADA,15.121.064/0001-18,IRPESA SA IND METALURGICA,SALVADOR,4.378e+07,7668,1981-12-14 00:00:00,2005-03-22 00:00:00,Metalurgia e Siderurgia,PRIVADO,SEDE,BA
CANCELADA,08.075.006/0001-30,ISA CAPITAL DO BRASIL SA,SÃO PAULO,4.546e+06,20427,2007-01-04 00:00:00,2010-05-28 00:00:00,Emp. Adm. Part. - Energia Elétrica,ESTRANGEIRO HOLDING,SEDE,SP
ATIVO,02.998.611/0001-04,ISA ENERGIA BRASIL S.A.,SÃO PAULO,4.794e+06,18376,1999-07-14 00:00:00,1999-07-14 00:00:00,Energia Elétrica,PRIVADO HOLDING,SEDE,SP
ATIVO,02.998.611/0001-04,ISA ENERGIA BRASIL S.A.,SÃO PAULO,4.794e+06,18376,1999-07-14 00:00:00,1999-07-14 00:00:00,Energia Elétrica,PRIVADO HOLDING,SEDE,SP
CANCELADA,13.407.617/0001-78,ISOLUX INFRASTRUCTURE SA,SÃO PAULO,1.31e+06,22624,2011-12-09 00:00:00,2012-03-29 00:00:00,Energia Elétrica,ESTRANGEIRO,SEDE,SP
CANCELADA,01.355.994/0001-21,ITA ENERGETICA S/A,SÃO PAULO,1.41591e+06,18910,2001-03-21 00:00:00,2012-12-26 00:00:00,Energia Elétrica,PRIVADO,SEDE,SP
CANCELADA,00.987.716/0001-24,ITABAPOANA PARTICIPACOES SA,SÃO PAULO,1.45102e+06,15601,1996-06-17 00:00:00,1998-07-14 00:00:00,Emp. Adm. Participações,PRIVADO,SEDE,SP
CANCELADA,27.184.951/0001-14,ITAGUASSU AGRO INDUSTRIAL S/A,NOSSA SENHORA DO SOCORRO,4.916e+07,7692,1982-12-30 00:00:00,1999-08-18 00:00:00,Extração Mineral,PRIVADO,SEDE,SE
CANCELADA,01.258.943/0001-81,ITAITINGA PARTICIPACOES SA,SÃO PAULO,1.405e+06,15865,1996-11-07 00:00:00,2019-08-19 00:00:00,Emp. Adm. Part. - Sem Setor Principal,PRIVADO HOLDING,SEDE,SP
CANCELADA,77.558.948/0001-91,ITAMARATY FILTROS DE PAPEL SA,LONDRINA,8.60724e+07,7706,1981-08-28 00:00:00,1998-01-28 00:00:00,Outras Atividades Industriais,PRIVADO,SEDE,PR
CANCELADA,13.575.295/0001-76,ITAPARICA SA EMPREEND TURIST,MATÃO,1.59959e+07,7722,1978-12-22 00:00:00,2004-12-29 00:00:00,Hospedagem e Turismo,PRIVADO HOLDING,SEDE,SP
CANCELADA,02.397.080/0001-96,ITAPEBI GERAÇÃO DE ENERGIA S/A,RIO DE JANEIRO,2.221e+07,19364,2003-02-05 00:00:00,2026-02-25 00:00:00,Energia Elétrica,PRIVADO,SEDE,RJ
CANCELADA,86.442.951/0001-36,ITAPIRUBA HOTEIS E TURISMO SA,LAGUNA,8.879e+07,7730,1977-10-20 00:00:00,1989-07-18 00:00:00,Hospedagem e Turismo,PRIVADO,SEDE,SC
CANCELADA,08.219.477/0001-74,ITAQUI GERAÇÃO DE ENERGIA S.A.,SÃO LUÍS,6.50856e+07,23213,2013-09-26 00:00:00,2015-07-31 00:00:00,Energia Elétrica,PRIVADO,SEDE,MA
CANCELADA,02.180.133/0001-12,ITAÚ RENT ADM. E PARTICIPAÇÕES S.A.,SÃO PAULO,4.3449e+06,17019,1998-04-06 00:00:00,2002-08-19 00:00:00,Emp. Adm. Participações,PRIVADO,SEDE,SP
CANCELADA,60.872.504/0001-23,ITAÚ UNIBANCO HOLDING S.A.,SÃO PAULO,4.3449e+06,1279,1977-07-20 00:00:00,1998-04-08 00:00:00,Bancos,ESTRANGEIRO,SEDE,SP
ATIVO,60.872.504/0001-23,ITAÚ UNIBANCO HOLDING S.A.,SÃO PAULO,4.3449e+06,19348,2002-12-30 00:00:00,2002-12-30 00:00:00,Bancos,PRIVADO,SEDE,SP
CANCELADA,60.701.190/0001-04,ITAU UNIBANCO S.A.,SÃO PAULO,4.3449e+06,1287,1977-07-20 00:00:00,2003-05-08 00:00:00,Bancos,PRIVADO,SEDE,SP
CANCELADA,43.443.464/0001-85,ITAUBANK LEASING SA ARREND MERCANTIL (SUCEDIDA POR ITAU UNIBANCO SA E DIBENS LEASING SA ARR. MERCANT,BARUERI,6.455e+06,1821,1983-07-06 00:00:00,2009-02-28 00:00:00,Arrendamento Mercantil,PRIVADO,SEDE,SP
ATIVO,61.532.644/0001-15,ITAUSA S.A.,SÃO PAULO,1.3102e+06,7617,1977-07-20 00:00:00,1977-07-20 00:00:00,Emp. Adm. Part. - Intermediação Financeira,PRIVADO,SEDE,SP
ATIVO,61.532.644/0001-15,ITAUSA S.A.,SÃO PAULO,1.3102e+06,7617,1977-07-20 00:00:00,1977-07-20 00:00:00,Emp. Adm. Part. - Intermediação Financeira,PRIVADO,SEDE,SP
CANCELADA,07.256.507/0001-50,ITAUSEG PARTICIPAÇÕES SA,SÃO PAULO,4.3449e+06,19933,2006-01-05 00:00:00,2012-11-28 00:00:00,Emp. Adm. Part. - Seguradoras e Corretoras,PRIVADO HOLDING,SEDE,SP
CANCELADA,51.764.058/0001-42,ITAUTEC INFORMÁTICA S.A. - GRUPO ITAUTEC,SÃO PAULO,3.08602e+06,7757,1982-06-03 00:00:00,2006-06-01 00:00:00,Comunicação e Informática,PRIVADO,SEDE,SP
CANCELADA,54.526.082/0001-31,ITAUTEC S.A. - GRUPO ITAUTEC,SÃO PAULO,1.31094e+06,12530,1985-11-14 00:00:00,2019-08-15 00:00:00,Comunicação e Informática,PRIVADO,SEDE,SP
CANCELADA,01.545.830/0001-67,ITINGA PARTICIPACOES SA,SÃO PAULO,5.744e+06,16136,1997-02-21 00:00:00,1999-04-23 00:00:00,Emp. Adm. Participações,PRIVADO HOLDING,SEDE,SP
CANCELADA,00.185.041/0001-08,ITIQUIRA ENERGÉTICA S/A,ITIQUIRA,7.879e+07,18732,2000-08-08 00:00:00,2009-02-02 00:00:00,Energia Elétrica,ESTRANGEIRO,SEDE,MT
CANCELADA,97.395.172/0001-43,IVEN SA,SÃO PAULO,1.3103e+06,14389,1994-05-17 00:00:00,2005-04-29 00:00:00,Emp. Adm. Part. - Energia Elétrica,PRIVADO,SEDE,SP
CANCELADA,92.754.191/0001-03,J H SANTOS SA COM E INDUSTRIA,PORTO ALEGRE,9.00101e+07,7765,1977-07-20 00:00:00,2006-07-18 00:00:00,Comércio (Atacado e Varejo),PRIVADO,SEDE,RS
ATIVO,14.998.371/0001-19,J. MACEDO S/A,FORTALEZA,6.01804e+07,21156,2007-10-16 00:00:00,2007-10-16 00:00:00,Alimentos,PRIVADO,SEDE,CE
CANCELADA,07.219.769/0001-44,JAIME PINHEIRO PARTIC. S/A,SÃO PAULO,1.31e+06,11878,1982-11-10 00:00:00,1995-02-09 00:00:00,Emp. Adm. Participações,PRIVADO,SEDE,SP
ATIVO,02.635.522/0001-95,JALLES MACHADO S.A.,GOIANÉSIA,7.63889e+07,25496,2021-02-04 00:00:00,2021-02-04 00:00:00,"Agricultura (Açúcar, Álcool e Cana)",PRIVADO,SEDE,GO
CANCELADA,33.438.250/0001-67,JAMYR VASCONCELLOS SA,RIO DE JANEIRO,2.0921e+07,7773,1982-12-23 00:00:00,1989-02-10 00:00:00,Comércio (Atacado e Varejo),PRIVADO,SEDE,RJ
CANCELADA,84.432.426/0001-04,JARAGUA FABRIL SA,JARAGUÁ DO SUL,8.9255e+07,7781,1956-03-31 00:00:00,2010-01-04 00:00:00,Têxtil e Vestuário,PRIVADO,SEDE,SC
CANCELADA,60.395.126/0001-34,JARAGUA SA IND MECANICAS,SÃO PAULO,5.311e+06,7790,1981-08-28 00:00:00,1991-08-20 00:00:00,"Máquinas, Equipamentos, Veículos e Peças",PRIVADO,SEDE,SP
CANCELADA,04.815.734/0001-80,JARI CELULOSE SA,ALMEIRIM,6.824e+07,14354,1994-04-27 00:00:00,2006-02-20 00:00:00,Papel e Celulose,PRIVADO,SEDE,PA
CANCELADA,61.156.741/0001-50,JAU SA CONST E INCORPORADORA,SÃO PAULO,4.571e+06,7803,1982-12-28 00:00:00,1987-02-02 00:00:00,"Construção Civil, Mat. Constr. e Decoração",PRIVADO,SEDE,SP
ATIVO,02.916.265/0001-60,JBS SA,SÃO PAULO,5.1181e+06,20575,2007-03-27 00:00:00,2007-03-27 00:00:00,Alimentos,PRIVADO,SEDE,SP
CANCELADA,07.859.510/0001-68,JHSF MALLS S.A.,SÃO PAULO,5.67612e+06,24473,2018-06-25 00:00:00,2023-12-06 00:00:00,Comércio (Atacado e Varejo),PRIVADO HOLDING,SEDE,SP
ATIVO,08.294.224/0001-65,JHSF PARTICIPAÇÕES SA,SÃO PAULO,5.67202e+06,20605,2007-04-04 00:00:00,2007-04-04 00:00:00,"Emp. Adm. Part. - Const. Civil, Mat. Const. e Decoração",PRIVADO HOLDING,SEDE,SP
CANCELADA,03.616.270/0001-10,JIQUIRIÇA PARTICIPAÇÕES SA,RIO DE JANEIRO,2.003e+07,18805,2000-10-31 00:00:00,2001-12-31 00:00:00,Emp. Adm. Participações,PRIVADO HOLDING,SEDE,RJ
ATIVO,33.035.536/0001-00,JOAO FORTES ENGENHARIA SA - EM RECUPERAÇÃO JUDICIAL,RIO DE JANEIRO,2.2631e+07,7811,1977-07-20 00:00:00,2021-05-19 00:00:00,"Construção Civil, Mat. Constr. e Decoração",PRIVADO,SEDE,RJ
CANCELADA,33.330.564/0001-41,JORNAL DO BRASIL SA,RIO DE JANEIRO,2.0949e+07,13455,1989-03-15 00:00:00,1990-05-24 00:00:00,Gráficas e Editoras,PRIVADO,SEDE,RJ
ATIVO,87.456.562/0001-22,JOSAPAR-JOAQUIM OLIVEIRA S.A. - PARTICIP,PORTO ALEGRE,9.048e+07,13285,1988-03-04 00:00:00,1988-03-04 00:00:00,Emp. Adm. Part. - Alimentos,PRIVADO,SEDE,RS
CANCELADA,15.463.423/0001-15,JP PARTICIPAÇÕES S.A.,SÃO PAULO,1.45507e+06,23299,2013-11-22 00:00:00,2014-12-31 00:00:00,Emp. Adm. Part. - Telecomunicações,PRIVADO,SEDE,SP
CANCELADA,53.790.218/0001-53,JPSP INVESTIMENTOS E PARTICIPAÇÕES S.A.,SÃO PAULO,1.45507e+06,12262,1985-01-04 00:00:00,2017-07-28 00:00:00,Emp. Adm. Part. - Telecomunicações,PRIVADO,SEDE,SP
ATIVO,52.548.435/0001-79,JSL S.A.,SÃO PAULO,4.53e+06,22020,2010-04-15 00:00:00,2010-04-15 00:00:00,Serviços Transporte e Logística,PRIVADO HOLDING,SEDE,SP
ATIVO,52.548.435/0001-79,JSL S.A.,SÃO PAULO,4.53e+06,22020,2010-04-15 00:00:00,2010-04-15 00:00:00,Serviços Transporte e Logística,PRIVADO HOLDING,SEDE,SP
CANCELADA,00.627.379/0001-64,JUNGFRAU PARTICIPACOES SA,SÃO PAULO,5.419e+06,14893,1995-06-16 00:00:00,1999-07-21 00:00:00,Emp. Adm. Participações,PRIVADO HOLDING,SEDE,SP
ATIVO,09.414.761/0001-64,K-INFRA RODOVIA DO AÇO S.A.,VASSOURAS,2.77e+07,22446,2011-03-29 00:00:00,2011-03-29 00:00:00,Serviços Transporte e Logística,PRIVADO,SEDE,RJ
CANCELADA,88.610.779/0001-08,KALIL SEHBE SA IND VESTUARIO,CAXIAS DO SUL,9.502e+07,7846,1968-06-28 00:00:00,2005-12-20 00:00:00,Têxtil e Vestuário,PRIVADO,SEDE,RS
ATIVO,09.146.451/0001-06,KALLAS INCORPORAÇÕES E CONSTRUÇÕES S.A.,SÃO PAULO,4.524e+06,25798,2021-05-03 00:00:00,2021-05-03 00:00:00,"Construção Civil, Mat. Constr. e Decoração",PRIVADO,SEDE,SP
ATIVO,43.283.811/0001-50,KALUNGA S.A.,SÃO PAULO,3.10401e+06,25631,2021-03-08 00:00:00,2021-03-08 00:00:00,Comércio (Atacado e Varejo),PRIVADO,SEDE,SP
CANCELADA,09.347.916/0001-97,KAROON PETROLEO & GAS SA,RIO DE JANEIRO,2.242e+07,22241,2010-11-09 00:00:00,2011-06-21 00:00:00,Petróleo e Gás,PRIVADO,SEDE,RJ
ATIVO,82.640.558/0001-04,KARSTEN SA,BLUMENAU,8.90747e+07,4146,1971-12-29 00:00:00,1971-12-29 00:00:00,Têxtil e Vestuário,PRIVADO,SEDE,SC
CANCELADA,14.164.438/0001-10,KAUFMANN CACAU INDL E COML SA,ILHÉUS,4.566e+07,7854,1977-07-20 00:00:00,1992-03-06 00:00:00,Alimentos,PRIVADO,SEDE,BA
CANCELADA,29.339.827/0001-06,KAURI SIGMA SA,DUQUE DE CAXIAS,2.503e+07,7862,1983-12-22 00:00:00,1991-06-03 00:00:00,Petroquímicos e Borracha,PRIVADO,SEDE,RJ
ATIVO,91.983.056/0001-69,KEPLER WEBER SA,SÃO PAULO,4.552e+06,7870,1980-12-15 00:00:00,1980-12-15 00:00:00,Emp. Adm. Part. - Metalurgia e Siderurgia,PRIVADO,SEDE,SP
CANCELADA,57.003.881/0001-11,KIBON SA INDS ALIMENTICIAS,SÃO PAULO,4.67523e+06,7897,1977-07-20 00:00:00,1993-11-04 00:00:00,Alimentos,ESTRANGEIRO,SEDE,SP
CANCELADA,15.661.374/0001-25,KIEPPE INVESTIMENTOS SA,SALVADOR,4.18279e+07,13200,1987-07-08 00:00:00,1995-02-14 00:00:00,Emp. Adm. Participações,PRIVADO,SEDE,BA
ATIVO,89.637.490/0001-45,KLABIN S.A.,SÃO PAULO,5.4261e+06,12653,1997-08-06 00:00:00,1997-08-06 00:00:00,Papel e Celulose,PRIVADO,SEDE,SP
CANCELADA,00.187.032/0001-48,KLABIN SEGALL S/A,SÃO PAULO,4.547e+06,20249,2006-08-14 00:00:00,2010-08-30 00:00:00,"Construção Civil, Mat. Constr. e Decoração",PRIVADO,SEDE,SP
ATIVO,13.270.520/0001-66,KORA SAÚDE PARTICIPAÇÕES S.A.,VITÓRIA,2.90561e+07,25879,2021-05-13 00:00:00,2021-05-13 00:00:00,Serviços Médicos,PRIVADO,SEDE,ES
CANCELADA,00.354.053/0001-00,KOSMOS COMÉRCIO DE VESTUÁRIO S/A - EM RECUPERAÇÃO JUDICIAL,SÃO PAULO,1.243e+06,15083,1995-10-09 00:00:00,2022-07-12 00:00:00,Comércio (Atacado e Varejo),PRIVADO,SEDE,SP
CANCELADA,60.680.873/0001-14,KSB BOMBAS HIDRAULICAS SA,VÁRZEA PAULISTA,1.322e+07,7919,1981-12-04 00:00:00,1991-10-03 00:00:00,Metalurgia e Siderurgia,ESTRANGEIRO,SEDE,SP
CANCELADA,82.640.723/0001-10,KUALA SA,BLUMENAU,8.90501e+07,566,1969-01-03 00:00:00,2006-06-30 00:00:00,Têxtil e Vestuário,PRIVADO HOLDING,SEDE,SC
CANCELADA,61.489.514/0001-47,LABO ELETRONICA SA,SÃO CAETANO DO SUL,9.58069e+06,12688,1986-04-17 00:00:00,2010-01-04 00:00:00,"Máquinas, Equipamentos, Veículos e Peças",PRIVADO,SEDE,SP
ATIVO,17.159.229/0001-76,LABORATÓRIO TEUTO BRASILEIRO S.A.,ANÁPOLIS,7.51321e+07,26182,2021-08-24 00:00:00,2021-08-24 00:00:00,Farmacêutico e Higiene,PRIVADO,SEDE,GO
CANCELADA,77.964.963/0001-30,LABRA IND BRAS DE LAPIS SA,ARAUCÁRIA,8.3707e+07,11940,1984-07-18 00:00:00,1994-03-03 00:00:00,Outras Atividades Industriais,PRIVADO,SEDE,PR
CANCELADA,02.037.966/0001-29,LAEROB PARTICIPACOES SA,RIO DE JANEIRO,2.003e+07,16420,1997-08-26 00:00:00,2003-10-21 00:00:00,Emp. Adm. Participações,PRIVADO,SEDE,RJ
CANCELADA,61.080.198/0001-55,LAFER SA INDUSTRIA E COMERCIO,SÃO PAULO,1.519e+06,7927,1977-07-20 00:00:00,1988-02-29 00:00:00,"Construção Civil, Mat. Constr. e Decoração",PRIVADO,SEDE,SP
CANCELADA,09.017.691/0001-00,LAHOTELS S.A.,SÃO PAULO,4.53813e+06,21229,2007-11-29 00:00:00,2009-02-18 00:00:00,Emp. Adm. Part. - Sem Setor Principal,PRIVADO HOLDING,SEDE,SP
CANCELADA,57.483.190/0001-62,LAMINACAO NACIONAL METAIS SA,SANTO ANDRÉ,9.2209e+06,7943,1981-03-13 00:00:00,1985-06-18 00:00:00,Metalurgia e Siderurgia,PRIVADO,SEDE,SP
CANCELADA,57.483.190/0001-62,LAMINACAO NACIONAL METAIS SA,SANTO ANDRÉ,9.2209e+06,12912,1986-07-21 00:00:00,1997-06-17 00:00:00,Metalurgia e Siderurgia,PRIVADO,SEDE,SP
CANCELADA,58.900.754/0001-88,LANDIS GYR INEPAR,CURITIBA,8.14501e+07,15105,1995-10-31 00:00:00,1999-07-15 00:00:00,"Máquinas, Equipamentos, Veículos e Peças",PRIVADO,SEDE,PR
CANCELADA,91.664.706/0001-03,LANIFICIO SEHBE SA IND E EXP,CAXIAS DO SUL,9.509e+07,7951,1938-03-28 00:00:00,2005-12-20 00:00:00,Têxtil e Vestuário,PRIVADO,SEDE,RS
CANCELADA,06.041.065/0001-61,LAPSA LATICINIOS PERIZES SA,ROSÁRIO,6.51e+07,7960,1977-07-20 00:00:00,2005-08-09 00:00:00,"Agricultura (Açúcar, Álcool e Cana)",PRIVADO,SEDE,MA
CANCELADA,44.076.123/0001-81,LARAMO SA,SÃO PAULO,1.013e+06,12114,1984-12-07 00:00:00,1985-07-23 00:00:00,Outras Atividades Industriais,PRIVADO,SEDE,SP
CANCELADA,60.631.090/0001-40,LARK SA MAQ E EQUIPAMENTOS(Massa Falida Administrada Judicialmente p/Soc.Advogados Mandel Advocacia),SÃO PAULO,5.72722e+06,7978,1977-07-20 00:00:00,2015-06-18 00:00:00,"Máquinas, Equipamentos, Veículos e Peças",PRIVADO,SEDE,SP
CANCELADA,02.628.033/0001-06,LATINTECH CAPITAL S/A,RIO DE JANEIRO,2.241e+07,18643,2000-03-27 00:00:00,2001-06-12 00:00:00,Emp. Adm. Participações,ESTRANGEIRO HOLDING,SEDE,RJ
ATIVO,26.462.693/0001-28,LAVVI EMPREENDIMENTOS IMOBILIÁRIOS S.A,SÃO PAULO,1.2282e+06,25062,2020-08-31 00:00:00,2020-08-31 00:00:00,"Construção Civil, Mat. Constr. e Decoração",PRIVADO,SEDE,SP
ATIVO,21.414.457/0001-12,LEADS CIA. SECURITIZADORA,SÃO PAULO,1.45101e+06,23558,2015-02-03 00:00:00,2015-02-03 00:00:00,Securitização de Recebíveis,PRIVADO,SEDE,SP
CANCELADA,03.120.821/0001-50,LEASING BMC SA ARREND MERC,SÃO PAULO,4.578e+06,13919,1991-10-17 00:00:00,1998-11-18 00:00:00,Arrendamento Mercantil,PRIVADO,SEDE,SP
CANCELADA,87.876.033/0001-88,LEE SA IND DE CONFECCOES,PORTO ALEGRE,9.024e+07,8001,1982-08-10 00:00:00,1987-11-13 00:00:00,Têxtil e Vestuário,PRIVADO,SEDE,RS
ATIVO,00.873.894/0001-24,LET'S RENT A CAR S.A.,ARARAQUARA,1.48082e+07,27383,2023-12-18 00:00:00,2023-12-18 00:00:00,Serviços Transporte e Logística,PRIVADO,SEDE,SP
CANCELADA,02.390.206/0001-09,LF TEL SA,SÃO PAULO,1.4899e+06,17442,1998-07-02 00:00:00,2014-12-11 00:00:00,Emp. Adm. Part. - Telecomunicações,PRIVADO,SEDE,SP
CANCELADA,01.468.594/0001-22,LG INFORMÁTICA S.A.,APARECIDA DE GOIÂNIA,7.49346e+07,25666,2021-04-06 00:00:00,2022-05-12 00:00:00,Comunicação e Informática,PRIVADO,SEDE,GO
CANCELADA,26.173.550/0001-04,LGT HUB PARTICIPAÇÕES S/A,INDAIATUBA,1.3345e+07,24198,2017-08-28 00:00:00,2018-06-18 00:00:00,"Emp. Adm. Part. - Const. Civil, Mat. Const. e Decoração",PRIVADO,SEDE,SP
CANCELADA,33.813.452/0001-41,LIBRA TERMINAIS SA,RIO DE JANEIRO,2.003e+07,18295,1999-06-09 00:00:00,2002-11-11 00:00:00,Serviços Transporte e Logística,PRIVADO,SEDE,RJ
CANCELADA,02.373.383/0001-79,LIBRA TERMINAL 35 SA,RIO DE JANEIRO,2.003e+07,17574,1998-07-24 00:00:00,2002-11-11 00:00:00,Serviços Transporte e Logística,PRIVADO,SEDE,RJ
CANCELADA,02.373.517/0001-51,LIBRA TERMINAL RIO S.A. - EM RECUPERAÇÃO JUDICIAL,RIO DE JANEIRO,2.09317e+07,17582,1998-07-24 00:00:00,2005-01-17 00:00:00,Serviços Transporte e Logística,PRIVADO,SEDE,RJ
CANCELADA,02.373.517/0001-51,LIBRA TERMINAL RIO S.A. - EM RECUPERAÇÃO JUDICIAL,RIO DE JANEIRO,2.09317e+07,23434,2014-07-14 00:00:00,2020-05-08 00:00:00,Serviços Transporte e Logística,PRIVADO,SEDE,RJ
CANCELADA,04.169.411/0001-66,LIDER AVIAÇÃO HOLDING S/A,BELO HORIZONTE,3.12708e+07,21547,2008-07-14 00:00:00,2010-02-05 00:00:00,Emp. Adm. Part. - Serviços Transporte e Logística,PRIVADO HOLDING,SEDE,MG
CANCELADA,17.162.579/0001-91,LIDER TAXI AEREO SA,BELO HORIZONTE,3.127e+07,8010,1977-07-20 00:00:00,1989-02-01 00:00:00,Serviços Transporte e Logística,PRIVADO,SEDE,MG
ATIVO,02.357.251/0001-53,LIFEMED INDUSTRIAL DE EQUIP. E ART. MEDICOS E HOSP. S.A.,PELOTAS,9.60501e+07,24872,2019-11-08 00:00:00,2019-11-08 00:00:00,"Máquinas, Equipamentos, Veículos e Peças",PRIVADO,SEDE,RS
CANCELADA,02.217.325/0001-56,LIGA FUTEBOL SA,RIO DE JANEIRO,2.003e+07,16691,1997-12-08 00:00:00,2013-01-15 00:00:00,Emp. Adm. Part. - Sem Setor Principal,PRIVADO HOLDING,SEDE,RJ
CANCELADA,17.221.771/0001-01,LIGAS DE ALUMINIO SA LIASA,PIRAPORA,3.927e+07,8028,1977-10-20 00:00:00,2003-07-03 00:00:00,Metalurgia e Siderurgia,PRIVADO,SEDE,MG
ATIVO,04.368.865/0001-66,LIGGA TELECOMUNICAÇÕES S.A.,CURITIBA,8.042e+07,27367,2023-11-14 00:00:00,2023-11-14 00:00:00,Telecomunicações,PRIVADO,SEDE,PR
ATIVO,01.917.818/0001-36,LIGHT ENERGIA S.A.,RIO DE JANEIRO,2.008e+07,23000,2013-01-11 00:00:00,2013-01-11 00:00:00,Energia Elétrica,PRIVADO,SEDE,RJ
ATIVO,03.378.521/0001-75,LIGHT S.A. - EM RECUPERAÇÃO JUDICIAL,RIO DE JANEIRO,2.008e+07,19879,2005-12-12 00:00:00,2005-12-12 00:00:00,Emp. Adm. Part. - Energia Elétrica,PRIVADO,SEDE,RJ
ATIVO,60.444.437/0001-46,LIGHT SERVIÇOS DE ELETRICIDADE SA,RIO DE JANEIRO,2.008e+07,8036,1968-11-25 00:00:00,1968-11-25 00:00:00,Energia Elétrica,PRIVADO HOLDING,SEDE,RJ
ATIVO,60.444.437/0001-46,LIGHT SERVIÇOS DE ELETRICIDADE SA,RIO DE JANEIRO,2.008e+07,8036,1968-11-25 00:00:00,1968-11-25 00:00:00,Energia Elétrica,PRIVADO HOLDING,SEDE,RJ
CANCELADA,48.071.716/0001-06,LIMASA SA,SÃO BERNARDO DO CAMPO,9.893e+06,12360,1985-05-20 00:00:00,2007-02-14 00:00:00,Metalurgia e Siderurgia,PRIVADO,SEDE,SP
CANCELADA,00.974.211/0001-25,LINHA AMARELA S.A.- LAMSA,RIO DE JANEIRO,2.07452e+07,16853,1998-02-02 00:00:00,2003-05-06 00:00:00,Serviços Transporte e Logística,PRIVADO HOLDING,SEDE,RJ
ATIVO,10.234.027/0001-00,LINHAS DE MACAPÁ TRANSMISSORA DE ENERGIA S.A.,CATAGUASES,3.67709e+07,23680,2015-08-12 00:00:00,2015-08-12 00:00:00,Energia Elétrica,PRIVADO,SEDE,MG
ATIVO,10.240.186/0001-00,LINHAS DE XINGU TRANSMISSORA DE ENERGIA S.A.,CATAGUASES,3.67709e+07,23671,2015-08-12 00:00:00,2015-08-12 00:00:00,Energia Elétrica,PRIVADO,SEDE,MG
CANCELADA,06.948.969/0001-75,LINX S.A.,SÃO PAULO,5.4259e+06,23035,2013-02-06 00:00:00,2021-08-02 00:00:00,Comunicação e Informática,PRIVADO,SEDE,SP
CANCELADA,61.064.689/0001-02,LION SA,SÃO PAULO,1.515e+06,8044,1982-09-10 00:00:00,1988-05-19 00:00:00,"Máquinas, Equipamentos, Veículos e Peças",PRIVADO,SEDE,SP
CANCELADA,53.026.472/0001-80,LISTEL LISTAS TELEFONICAS SA,SÃO PAULO,4.565e+06,13714,1990-07-19 00:00:00,1991-01-14 00:00:00,Gráficas e Editoras,PRIVADO,SEDE,SP
ATIVO,00.743.065/0001-27,LITEL PARTICIPACOES SA,RIO DE JANEIRO,2.2775e+07,15091,1995-10-18 00:00:00,1995-10-18 00:00:00,Emp. Adm. Part. - Extração Mineral,PRIVADO,SEDE,RJ
ATIVO,05.495.546/0001-84,LITELA PARTICIPAÇÕES S.A. - EM LIQUIDAÇÃO,RIO DE JANEIRO,2.2775e+07,24759,2019-09-05 00:00:00,2019-09-05 00:00:00,Emp. Adm. Part. - Extração Mineral,PRIVADO,SEDE,RJ
ATIVO,05.917.486/0001-40,LIVETECH DA BAHIA INDÚSTRIA E COMÉRCIO S.A.,ILHÉUS,4.56583e+07,25895,2021-05-13 00:00:00,2021-05-13 00:00:00,Comércio (Atacado e Varejo),PRIVADO,SEDE,BA
CANCELADA,92.724.053/0001-73,LIVRARIA DO GLOBO SA,PORTO ALEGRE,9.00101e+07,8060,1977-07-20 00:00:00,2011-02-17 00:00:00,Comércio (Atacado e Varejo),PRIVADO,SEDE,RS
CANCELADA,33.038.696/0001-02,LIVRARIA JOSE OLYMPIO EDITORA,RIO DE JANEIRO,2.2251e+07,8079,1968-06-28 00:00:00,1984-10-15 00:00:00,Gráficas e Editoras,PRIVADO,SEDE,RJ
ATIVO,00.389.481/0001-79,LM TRANSPORTES INTERESTADUAIS SERVIÇOS E COMÉRCIO S.A.,SALVADOR,4.18207e+07,24880,2019-11-29 00:00:00,2019-11-29 00:00:00,Emp. Adm. Part. - Serviços Transporte e Logística,PRIVADO,SEDE,BA
ATIVO,02.286.479/0001-08,LOCALIZA  FLEET S.A.,BELO HORIZONTE,3.115e+07,24813,2019-10-10 00:00:00,2019-10-10 00:00:00,Serviços Transporte e Logística,PRIVADO HOLDING,SEDE,MG
ATIVO,16.670.085/0001-55,LOCALIZA RENT A CAR SA,BELO HORIZONTE,3.115e+07,19739,2005-05-06 00:00:00,2005-05-06 00:00:00,Serviços Transporte e Logística,PRIVADO,SEDE,MG
ATIVO,16.670.085/0001-55,LOCALIZA RENT A CAR SA,BELO HORIZONTE,3.115e+07,19739,2005-05-06 00:00:00,2005-05-06 00:00:00,Serviços Transporte e Logística,PRIVADO,SEDE,MG
CANCELADA,04.437.534/0001-30,LOCAMÉRICA RENT-A-CAR S.A.,BELO HORIZONTE,3.115e+07,21555,2008-07-29 00:00:00,2023-12-31 00:00:00,Serviços Transporte e Logística,PRIVADO,SEDE,MG
ATIVO,09.041.168/0001-10,LOG COMMERCIAL PROPERTIES E PARTICIPAÇÕES,BELO HORIZONTE,3.04556e+07,23272,2013-11-12 00:00:00,2013-11-12 00:00:00,"Construção Civil, Mat. Constr. e Decoração",PRIVADO HOLDING,SEDE,MG
ATIVO,42.278.291/0001-24,LOG-IN LOGISTICA INTERMODAL SA,RIO DE JANEIRO,2.00213e+07,20710,2007-06-04 00:00:00,2007-06-04 00:00:00,Serviços Transporte e Logística,PRIVADO,SEDE,RJ
CANCELADA,19.851.496/0001-35,LOGOS COMPANHIA SECURITIZADORA S/A,CURITIBA,8.053e+07,23477,2014-09-04 00:00:00,2023-03-21 00:00:00,Securitização de Recebíveis,PRIVADO,SEDE,PR
CANCELADA,33.014.556/0001-96,LOJAS AMERICANAS SA,RIO DE JANEIRO,2.00819e+07,8087,1977-07-20 00:00:00,2021-12-10 00:00:00,Comércio (Atacado e Varejo),PRIVADO,SEDE,RJ
CANCELADA,33.014.556/0001-96,LOJAS AMERICANAS SA,RIO DE JANEIRO,2.00819e+07,8087,1977-07-20 00:00:00,2021-12-10 00:00:00,Comércio (Atacado e Varejo),PRIVADO,SEDE,RJ
CANCELADA,33.005.703/0001-61,LOJAS BRASILEIRAS SA LOBRAS,SÃO PAULO,1.1389e+06,8109,1977-07-20 00:00:00,1999-08-04 00:00:00,Comércio (Atacado e Varejo),PRIVADO,SEDE,SP
CANCELADA,82.640.632/0001-84,LOJAS HERING SA,BLUMENAU,8.90109e+07,8117,1977-07-20 00:00:00,2019-05-10 00:00:00,Têxtil e Vestuário,PRIVADO,SEDE,SC
ATIVO,96.418.264/0218-02,LOJAS QUERO QUERO S.A.,CACHOEIRINHA,9.491e+07,25038,2020-08-06 00:00:00,2020-08-06 00:00:00,Comércio (Atacado e Varejo),PRIVADO,SEDE,RS
ATIVO,96.418.264/0218-02,LOJAS QUERO QUERO S.A.,CACHOEIRINHA,9.491e+07,25038,2020-08-06 00:00:00,2020-08-06 00:00:00,Comércio (Atacado e Varejo),PRIVADO,SEDE,RS
ATIVO,92.754.738/0001-62,LOJAS RENNER SA,PORTO ALEGRE,9.14104e+07,8133,1977-07-20 00:00:00,1977-07-20 00:00:00,Comércio (Atacado e Varejo),PRIVADO,SEDE,RS
ATIVO,92.754.738/0001-62,LOJAS RENNER SA,PORTO ALEGRE,9.14104e+07,8133,1977-07-20 00:00:00,1977-07-20 00:00:00,Comércio (Atacado e Varejo),PRIVADO,SEDE,RS
CANCELADA,60.889.854/0001-00,LONAFLEX SA,OSASCO,6.02e+06,8141,1977-07-20 00:00:00,1990-07-17 00:00:00,"Máquinas, Equipamentos, Veículos e Peças",PRIVADO,SEDE,SP
ATIVO,02.338.534/0001-58,LONGDIS SA,SÃO PAULO,4.6039e+06,17434,1998-06-30 00:00:00,2021-12-17 00:00:00,Emp. Adm. Part. - Sem Setor Principal,PRIVADO HOLDING,SEDE,SP
CANCELADA,33.107.533/0001-26,LORENTZEN EMPREENDIMENTOS SA,RIO DE JANEIRO,2.0021e+07,12351,1985-04-26 00:00:00,1990-07-06 00:00:00,Emp. Adm. Participações,PRIVADO,SEDE,RJ
CANCELADA,12.394.972/0001-97,LOUCOS POR FUTEBOL S.A.,CURITIBA,8.025e+07,23027,2013-01-16 00:00:00,2016-01-07 00:00:00,Emp. Adm. Part. - Sem Setor Principal,PRIVADO,SEDE,PR
CANCELADA,23.643.315/0001-52,LPC INDUSTRIAS ALIMENTICIAS SA,SÃO PAULO,5.1889e+06,8184,1977-07-20 00:00:00,1996-12-04 00:00:00,Alimentos,ESTRANGEIRO,SEDE,SP
ATIVO,08.078.847/0001-09,LPS BRASIL CONSULTORIA DE IMOVEIS S/A,SÃO PAULO,1.427e+06,20370,2006-12-12 00:00:00,2006-12-12 00:00:00,"Emp. Adm. Part. - Const. Civil, Mat. Const. e Decoração",ESTRANGEIRO,SEDE,SP
CANCELADA,84.684.554/0001-45,LUMIERE SA,BLUMENAU,8.901e+07,2224,1980-10-22 00:00:00,2007-02-14 00:00:00,Têxtil e Vestuário,PRIVADO,SEDE,SC
ATIVO,89.463.822/0001-12,LUPATECH S.A.,NOVA ODESSA,1.33882e+07,20060,2006-05-08 00:00:00,2006-05-08 00:00:00,"Máquinas, Equipamentos, Veículos e Peças",PRIVADO,SEDE,SP
ATIVO,43.948.405/0001-69,LUPO S.A.,ARARAQUARA,1.48039e+07,26506,2021-12-17 00:00:00,2021-12-17 00:00:00,Comércio (Atacado e Varejo),PRIVADO,SEDE,SP
CANCELADA,02.351.877/0001-52,LWSA S/A,SÃO PAULO,5.707e+06,21407,2008-03-18 00:00:00,2009-03-18 00:00:00,Comunicação e Informática,PRIVADO,SEDE,SP
ATIVO,02.351.877/0001-52,LWSA S/A,SÃO PAULO,5.707e+06,24910,2020-02-04 00:00:00,2020-02-04 00:00:00,Comunicação e Informática,PRIVADO,SEDE,SP
CANCELADA,44.813.863/0001-53,M DEDINI SA METALURGICA,PIRACICABA,1.34e+07,8206,1981-09-25 00:00:00,1990-09-12 00:00:00,Metalurgia e Siderurgia,PRIVADO,SEDE,SP
CANCELADA,00.988.131/0001-29,M HOLDINGS SA,ITAPEVI,6.65197e+06,15431,1996-03-01 00:00:00,1998-06-24 00:00:00,Emp. Adm. Participações,PRIVADO HOLDING,SEDE,SP
CANCELADA,17.155.151/0001-11,M ROSCOE SA ENG IND E COMERCIO,BELO HORIZONTE,3.01101e+07,8214,1977-07-20 00:00:00,2002-02-07 00:00:00,"Construção Civil, Mat. Constr. e Decoração",PRIVADO,SEDE,MG
CANCELADA,56.806.656/0001-50,M&G POLIÉSTER SA,SÃO PAULO,4.5789e+06,14559,1994-09-08 00:00:00,2014-10-17 00:00:00,Emp. Adm. Part. - Petroquímicos e Borracha,ESTRANGEIRO HOLDING,SEDE,SP
ATIVO,07.206.816/0001-15,M. DIAS BRANCO SA IND E COM DE ALIMENTOS,EUSÉBIO,6.17666e+07,20338,2006-10-11 00:00:00,2006-10-11 00:00:00,Alimentos,PRIVADO,SEDE,CE
CANCELADA,03.076.274/0001-52,MACHADINHO ENERGÉTICA SA,FLORIANÓPOLIS,8.8035e+07,18929,2001-03-29 00:00:00,2012-12-13 00:00:00,Energia Elétrica,PRIVADO,SEDE,SC
CANCELADA,92.696.418/0001-01,MADEF SA INDUSTRIA E COMERCIO,CANOAS,9.20202e+07,8222,1979-03-17 00:00:00,2010-09-23 00:00:00,"Máquinas, Equipamentos, Veículos e Peças",PRIVADO,SEDE,RS
CANCELADA,10.927.820/0001-87,MADEIRA SINTETICA SA,RECIFE,5e+07,8230,1967-07-28 00:00:00,2005-08-09 00:00:00,"Construção Civil, Mat. Constr. e Decoração",PRIVADO,SEDE,PE
CANCELADA,88.610.159/0001-79,MADEPART SA ADMINISTRAÇÃO E PARTICIPAÇÕES,SÃO PAULO,1.205e+06,8281,1953-07-01 00:00:00,2005-12-20 00:00:00,"Construção Civil, Mat. Constr. e Decoração",PRIVADO,SEDE,SP
ATIVO,13.783.221/0004-78,MADERO INDÚSTRIA E COMÉRCIO S.A.,PONTA GROSSA,8.40438e+07,26379,2021-11-17 00:00:00,2021-11-17 00:00:00,Alimentos,PRIVADO,SEDE,PR
CANCELADA,88.610.290/0001-36,MADEZATTI SA,CAXIAS DO SUL,9.507e+07,8273,1982-07-09 00:00:00,1987-10-16 00:00:00,"Construção Civil, Mat. Constr. e Decoração",PRIVADO,SEDE,RS
ATIVO,08.795.211/0001-70,MAESTRO LOCADORA DE VEÍCULOS S.A.,EMBU DAS ARTES,6.80401e+06,23612,2015-05-26 00:00:00,2015-05-26 00:00:00,Serviços Transporte e Logística,PRIVADO,SEDE,SP
ATIVO,08.795.211/0001-70,MAESTRO LOCADORA DE VEÍCULOS S.A.,EMBU DAS ARTES,6.80401e+06,23612,2015-05-26 00:00:00,2015-05-26 00:00:00,Serviços Transporte e Logística,PRIVADO,SEDE,SP
CANCELADA,82.640.699/0001-19,MAFISA MALHARIA BLUMENAU SA,BLUMENAU,8.9065e+07,8303,1986-06-05 00:00:00,1991-08-22 00:00:00,Têxtil e Vestuário,PRIVADO,SEDE,SC
ATIVO,47.960.950/0001-21,MAGAZINE LUIZA SA,FRANCA,1.44005e+07,22470,2011-04-28 00:00:00,2011-04-28 00:00:00,Comércio (Atacado e Varejo),PRIVADO,SEDE,SP
CANCELADA,00.592.603/0001-20,MAGNESITA MINERAÇÃO S.A.,BRUMADO,4.61e+07,24244,2017-10-04 00:00:00,2018-12-14 00:00:00,Emp. Adm. Part. - Extração Mineral,PRIVADO,SEDE,BA
CANCELADA,08.684.547/0001-65,MAGNESITA REFRATARIOS S.A.,CONTAGEM,3.22109e+07,20842,2007-07-02 00:00:00,2019-01-23 00:00:00,Emp. Adm. Part. - Extração Mineral,PRIVADO,SEDE,MG
CANCELADA,19.791.268/0001-17,MAGNESITA SA,MONTES CLAROS,3.94011e+07,8311,1969-01-15 00:00:00,2008-02-21 00:00:00,Extração Mineral,PRIVADO,SEDE,MG
CANCELADA,03.002.935/0001-03,MAHLE COFAP ANEIS SA,MAUÁ,9.3719e+06,18520,2000-01-12 00:00:00,2003-01-07 00:00:00,"Máquinas, Equipamentos, Veículos e Peças",PRIVADO,SEDE,SP
ATIVO,60.476.884/0001-87,MAHLE METAL LEVE S.A.,MOGI GUAÇU,1.3849e+07,8575,1977-07-20 00:00:00,1977-07-20 00:00:00,"Máquinas, Equipamentos, Veículos e Peças",PRIVADO,SEDE,SP
CANCELADA,70.036.132/0001-59,MAISA PARTICIPACOES SA,MOSSORÓ,5.9601e+07,16187,1997-03-14 00:00:00,2006-11-22 00:00:00,Alimentos,PRIVADO,SEDE,RN
CANCELADA,00.889.852/0001-81,MAISON ECO SA,CURITIBA,8.02403e+07,15180,1995-12-12 00:00:00,1998-10-30 00:00:00,"Construção Civil, Mat. Constr. e Decoração",PRIVADO,SEDE,PR
CANCELADA,02.176.632/0001-36,MAISON ROYALE SA,CURITIBA,8.00109e+07,17035,1998-04-16 00:00:00,2002-10-30 00:00:00,"Construção Civil, Mat. Constr. e Decoração",PRIVADO,SEDE,PR
CANCELADA,87.191.847/0001-89,MAISONNAVE CIA DE PART,PORTO ALEGRE,9.00102e+07,8338,1981-03-13 00:00:00,1998-12-18 00:00:00,Emp. Adm. Participações,PRIVADO,SEDE,RS
CANCELADA,92.893.999/0001-63,MAISONNAVE DTVM SA,PORTO ALEGRE,9e+07,8346,1977-07-20 00:00:00,1989-01-10 00:00:00,Seguradoras e Corretoras,PRIVADO,SEDE,RS
CANCELADA,87.155.461/0001-11,MAISONNAVE LEASING SA AM,PORTO ALEGRE,9e+07,8354,1981-06-12 00:00:00,1989-01-10 00:00:00,Arrendamento Mercantil,PRIVADO,SEDE,RS
CANCELADA,92.753.805/0001-24,MAISONNAVE SA CFI,PORTO ALEGRE,9e+07,8362,1977-07-20 00:00:00,1989-01-10 00:00:00,Bancos,PRIVADO,SEDE,RS
CANCELADA,47.427.653/0001-15,MAKRO ATACADISTA SA,SÃO PAULO,5.5369e+06,14834,1995-04-13 00:00:00,2002-02-26 00:00:00,Comércio (Atacado e Varejo),ESTRANGEIRO HOLDING,SEDE,SP
CANCELADA,60.400.009/0001-11,MANASA MADEIREIRA NACIONAL SA,SÃO PAULO,1.31193e+06,8389,1972-10-17 00:00:00,2006-03-27 00:00:00,Reflorestamento,PRIVADO,SEDE,SP
ATIVO,09.584.854/0001-37,MANAUS TRANSMISSORA DE ENERGIA S.A,RIO DE JANEIRO,2.2775e+07,26719,2022-03-29 00:00:00,2022-03-29 00:00:00,Energia Elétrica,PRIVADO,SEDE,RJ
ATIVO,61.065.298/0001-02,MANGELS INDUSTRIAL S.A.,SÃO BERNARDO DO CAMPO,9.75073e+06,8397,1971-12-28 00:00:00,1971-12-28 00:00:00,Emp. Adm. Part. - Metalurgia e Siderurgia,PRIVADO,SEDE,SP
ATIVO,46.568.486/0001-60,MANTIQUEIRA HOLDING S.A.,RIO DE JANEIRO,2.0071e+07,27952,2025-12-15 00:00:00,2025-12-15 00:00:00,Emp. Adm. Part. - Energia Elétrica,PRIVADO,SEDE,RJ
CANCELADA,61.293.643/0001-65,MANUF ART BORRACHA NOGAM SA,SÃO PAULO,1.2282e+06,12670,1986-04-23 00:00:00,2010-01-04 00:00:00,Têxtil e Vestuário,PRIVADO,SEDE,SP
ATIVO,61.082.004/0001-50,MANUFATURA DE  BRINQUEDOS ESTRELA SA,SÃO PAULO,5.42318e+06,8427,1968-06-28 00:00:00,2011-07-14 00:00:00,Brinquedos e Lazer,PRIVADO,SEDE,SP
CANCELADA,02.535.295/0001-26,MAORI SA,SÃO PAULO,1.4042e+06,17779,1998-09-23 00:00:00,2019-04-15 00:00:00,Emp. Adm. Part. - Gráficas e Editoras,PRIVADO,SEDE,SP
CANCELADA,00.925.788/0001-47,MAPPIN TRUST RECEBIVEIS SA,SÃO PAULO,1.451e+06,15156,1995-12-11 00:00:00,1998-08-18 00:00:00,Serviços Diversos,PRIVADO,SEDE,SP
CANCELADA,60.894.482/0001-00,MAQUINAS PIRATININGA SA,SÃO PAULO,4.185e+06,8435,1969-06-13 00:00:00,1993-02-19 00:00:00,"Máquinas, Equipamentos, Veículos e Peças",PRIVADO,SEDE,SP
CANCELADA,51.468.056/0001-06,MARAMBAIA ENERGIA RENOVÁVEL SA,PETRÓPOLIS,2.573e+07,12181,1984-06-28 00:00:00,2013-01-07 00:00:00,"Agricultura (Açúcar, Álcool e Cana)",PRIVADO,SEDE,RJ
ATIVO,88.611.835/0001-29,MARCOPOLO SA,CAXIAS DO SUL,9.50862e+07,8451,1977-07-20 00:00:00,1977-07-20 00:00:00,"Máquinas, Equipamentos, Veículos e Peças",PRIVADO,SEDE,RS
CANCELADA,27.044.213/0001-71,MARCOVAN SA,RIO DE JANEIRO,2.006e+07,8460,1977-07-20 00:00:00,2006-11-22 00:00:00,"Construção Civil, Mat. Constr. e Decoração",PRIVADO,SEDE,RJ
ATIVO,03.853.896/0001-40,MARFRIG GLOBAL FOODS SA,SÃO PAULO,5.319e+06,20788,2007-06-18 00:00:00,2007-06-18 00:00:00,Alimentos,PRIVADO,SEDE,SP
ATIVO,07.334.600/0001-35,MARINA DE IRACEMA PARK SA,FORTALEZA,6.01911e+07,16268,1997-05-14 00:00:00,1997-05-14 00:00:00,Hospedagem e Turismo,PRIVADO,SEDE,CE
CANCELADA,01.603.908/0001-52,MARINGA PARK SA,CURITIBA,8.032e+07,16381,1997-07-31 00:00:00,2005-03-22 00:00:00,Crédito Imobiliário,PRIVADO,SEDE,PR
ATIVO,61.189.288/0001-89,MARISA LOJAS SA,SÃO PAULO,5.0011e+06,22055,2010-06-14 00:00:00,2010-06-14 00:00:00,Comércio (Atacado e Varejo),PRIVADO,SEDE,SP
CANCELADA,08.262.343/0001-36,MARISA SA,SÃO PAULO,1.138e+06,20761,2007-06-13 00:00:00,2010-07-26 00:00:00,Comércio (Atacado e Varejo),PRIVADO HOLDING,SEDE,SP
CANCELADA,84.429.752/0001-62,MARISOL SA,JARAGUÁ DO SUL,8.92569e+07,8486,1976-05-21 00:00:00,2012-07-02 00:00:00,Emp. Adm. Part. - Têxtil e Vestuário,PRIVADO,SEDE,SC
CANCELADA,03.301.811/0001-10,MARLIM PARTICIPAÇÕES SA,RIO DE JANEIRO,2.00312e+07,18481,1999-11-16 00:00:00,2009-08-07 00:00:00,Emp. Adm. Part. - Petróleo e Gás,PRIVADO,SEDE,RJ
CANCELADA,00.090.057/0001-29,MARSIAJ OLIVEIRA SA,PORTO ALEGRE,9.05701e+07,14575,1994-10-04 00:00:00,2006-03-21 00:00:00,Comércio (Atacado e Varejo),PRIVADO,SEDE,RS
CANCELADA,56.021.785/0001-33,MARTREX SA,SÃO PAULO,3.16903e+06,13064,1986-10-13 00:00:00,2001-01-09 00:00:00,Emp. Adm. Participações,PRIVADO,SEDE,SP
ATIVO,11.395.624/0001-71,MASSA FALIDA DA BRASIL PHARMA SA,SÃO PAULO,5.4229e+06,22500,2011-06-22 00:00:00,2025-10-17 00:00:00,Farmacêutico e Higiene,PRIVADO HOLDING,SEDE,SP
CANCELADA,82.639.543/0001-18,MASSA FALIDA DA CIA LORENZ,BLUMENAU,8.90103e+07,3611,1977-07-20 00:00:00,2010-01-04 00:00:00,Alimentos,PRIVADO,SEDE,SC
CANCELADA,00.410.345/0001-13,MASSA FALIDA DA CREFISUL LEASING SA ARREND MERCL,SÃO PAULO,1.3113e+06,15164,1995-12-11 00:00:00,2015-02-09 00:00:00,Arrendamento Mercantil,PRIVADO,SEDE,SP
CANCELADA,01.556.141/0001-58,MASSA FALIDA DA ENCOL SA ENG COM E INDUSTRIA,BRASÍLIA,7.12e+07,5622,1982-09-22 00:00:00,1988-03-11 00:00:00,"Construção Civil, Mat. Constr. e Decoração",PRIVADO,SEDE,DF
CANCELADA,01.556.141/0001-58,MASSA FALIDA DA ENCOL SA ENG COM E INDUSTRIA,BRASÍLIA,7.12e+07,13633,1990-02-15 00:00:00,2008-03-18 00:00:00,"Construção Civil, Mat. Constr. e Decoração",PRIVADO,SEDE,DF
CANCELADA,82.981.671/0001-45,MASSA FALIDA DA FÁBRICA DE TECIDOS CARLOS RENAUX S.A.,BRUSQUE,8.83539e+07,5827,1969-11-13 00:00:00,2016-01-07 00:00:00,Têxtil e Vestuário,PRIVADO,SEDE,SC
CANCELADA,02.762.115/0001-49,MASSA FALIDA DA MMX MINERACAO E METALICOS S.A.,RIO DE JANEIRO,2.22909e+07,17914,1998-11-10 00:00:00,2024-09-24 00:00:00,Extração Mineral,PRIVADO,SEDE,RJ
CANCELADA,33.010.760/0001-39,MASSA FALIDA DA MULLER IND E COMERCIO,RIO DE JANEIRO,2.16652e+07,8982,1977-07-20 00:00:00,2007-11-13 00:00:00,"Máquinas, Equipamentos, Veículos e Peças",PRIVADO,SEDE,RJ
CANCELADA,59.386.987/0001-77,MASSA FALIDA DA PROCID PARTICIPAÇÕES E NEGÓCIOS SA,SÃO PAULO,1.02901e+06,17060,1998-05-04 00:00:00,2010-01-04 00:00:00,Emp. Adm. Part. - Intermediação Financeira,PRIVADO HOLDING,SEDE,SP
ATIVO,83.296.889/0001-23,MASSA FALIDA DA SA IND E COMERCIO CHAPECO,CHAPECÓ,8.98021e+07,10243,1979-11-30 00:00:00,1979-11-30 00:00:00,Alimentos,PRIVADO,SEDE,SC
CANCELADA,62.607.502/0001-32,MASSA FALIDA DA SHARP SA EQUIPS ELETRONICOS,SÃO PAULO,1.33291e+06,10642,1972-12-13 00:00:00,2010-01-04 00:00:00,"Máquinas, Equipamentos, Veículos e Peças",PRIVADO,SEDE,SP
CANCELADA,78.594.876/0001-09,MASSA FALIDA DA TRANSPARANA SA,LONDRINA,8.60201e+07,11495,1977-07-20 00:00:00,2021-08-09 00:00:00,Comércio (Atacado e Varejo),PRIVADO,SEDE,PR
CANCELADA,11.703.519/0001-52,MASSA FALIDA DE BRASPÉROLA INDÚSTRIA E COMÉRCIO SA,CARIACICA,2.91409e+07,3506,1971-12-08 00:00:00,2007-08-07 00:00:00,Têxtil e Vestuário,PRIVADO,SEDE,ES
CANCELADA,29.075.363/0001-78,MASSA FALIDA DE CIA. BRASILEIRA DE ANTIBIÓTICOS - CIBRAN,TANGUÁ,2.489e+07,12920,1986-07-24 00:00:00,2010-01-04 00:00:00,Farmacêutico e Higiene,PRIVADO,SEDE,RJ
CANCELADA,33.470.022/0001-74,MASSA FALIDA DE COMPANHIA TEXTIL FERREIRA GUIMARAES,RIO DE JANEIRO,2.007e+07,4138,1969-11-01 00:00:00,2011-01-04 00:00:00,Têxtil e Vestuário,PRIVADO,SEDE,RJ
CANCELADA,02.490.462/0001-60,MASSA FALIDA DE FAZENDAS REUNIDAS BOI GORDO,SÃO PAULO,1.22301e+06,19020,2001-08-20 00:00:00,2007-08-07 00:00:00,"Agricultura (Açúcar, Álcool e Cana)",PRIVADO,SEDE,SP
CANCELADA,45.240.538/0001-01,MASSA FALIDA DE OLMA SA OLEOS VEGETAIS,BEBEDOURO,1.47e+07,13560,1989-10-06 00:00:00,2006-03-21 00:00:00,Alimentos,PRIVADO,SEDE,SP
ATIVO,86.550.951/0001-50,MASSA FALIDA DE POMIFRUTAS S/A,FRAIBURGO,8.958e+07,19658,2004-12-28 00:00:00,2004-12-28 00:00:00,"Agricultura (Açúcar, Álcool e Cana)",PRIVADO,SEDE,SC
CANCELADA,33.017.039/0001-70,MASSA FALIDA DE SAM INDUSTRIAS SA,NOVA IGUAÇU,2.60415e+07,12980,1986-08-18 00:00:00,2021-08-09 00:00:00,"Máquinas, Equipamentos, Veículos e Peças",PRIVADO,SEDE,RJ
SUSPENSO(A) - DECISÃO ADM,33.111.246/0001-90,MASSA FALIDA DE TECNOSOLO ENGENHARIA SA,RIO DE JANEIRO,2.0011e+07,11207,1977-07-20 00:00:00,2025-06-05 00:00:00,"Construção Civil, Mat. Constr. e Decoração",PRIVADO,SEDE,RJ
CANCELADA,62.136.254/0001-99,MASSA FALIDA DO BANCO CRUZEIRO DO SUL S/A,SÃO PAULO,4.55106e+06,20753,2007-06-13 00:00:00,2021-08-09 00:00:00,Bancos,PRIVADO,SEDE,SP
CANCELADA,07.645.294/0001-58,MASTER IND PLAST CEARENSE SA,FORTALEZA,6.04106e+07,7234,1967-02-21 00:00:00,2007-01-09 00:00:00,Petroquímicos e Borracha,PRIVADO,SEDE,CE
CANCELADA,07.645.260/0001-63,MASTER SA TEC PLASTICOS,FORTALEZA,6.0353e+07,12548,1985-01-23 00:00:00,2007-01-09 00:00:00,Petroquímicos e Borracha,PRIVADO,SEDE,CE
CANCELADA,56.795.362/0001-70,MATEL TECN DE TELEINF SA,SÃO PAULO,2.0479e+06,13170,1987-04-29 00:00:00,1999-10-21 00:00:00,"Máquinas, Equipamentos, Veículos e Peças",PRIVADO,SEDE,SP
CANCELADA,08.904.090/0001-57,MATONE SECURITIZADORA S/A,PORTO ALEGRE,9.04302e+07,21059,2007-08-17 00:00:00,2012-06-19 00:00:00,Securitização de Recebíveis,PRIVADO,SEDE,RS
CANCELADA,02.736.473/0001-87,MAVERICK SA,SÃO PAULO,1.4819e+06,18228,1999-05-04 00:00:00,2001-06-05 00:00:00,Emp. Adm. Participações,PRIVADO,SEDE,SP
CANCELADA,07.385.191/0001-04,MÁXIMA SECURITIZADORA DE CRÉDITOS IMOBILIÁRIOS S/A,RIO DE JANEIRO,2.202e+07,19780,2005-08-18 00:00:00,2010-09-30 00:00:00,Securitização de Recebíveis,PRIVADO,SEDE,RJ
CANCELADA,57.912.412/0001-15,MAYUTA SA,SÃO PAULO,1.304e+06,13250,1987-11-05 00:00:00,1990-12-27 00:00:00,Emp. Adm. Participações,PRIVADO,SEDE,SP
CANCELADA,04.123.616/0001-00,MB ENGENHARIA SA,GOIÂNIA,7.4215e+07,21385,2008-03-12 00:00:00,2008-06-13 00:00:00,"Construção Civil, Mat. Constr. e Decoração",PRIVADO,SEDE,GO
CANCELADA,15.688.041/0001-90,MBK SECURITIZADORA S/A,BELO HORIZONTE,3.011e+07,22861,2012-07-23 00:00:00,2024-09-17 00:00:00,Securitização de Recebíveis,PRIVADO,SEDE,MG
CANCELADA,03.751.496/0001-23,MC TRUST SA,RIO BONITO,2.88e+07,18783,2000-10-18 00:00:00,2006-01-17 00:00:00,Comunicação e Informática,PRIVADO,SEDE,RJ
CANCELADA,65.614.901/0001-19,MC&A SISTEMAS PESSOAIS SA,SÃO PAULO,4.002e+06,13862,1991-07-08 00:00:00,1992-02-24 00:00:00,"Máquinas, Equipamentos, Veículos e Peças",PRIVADO,SEDE,SP
CANCELADA,11.858.621/0001-27,MCM CIMENTOS S.A.,SÃO PAULO,1.4072e+06,22284,2010-12-16 00:00:00,2012-05-22 00:00:00,"Construção Civil, Mat. Constr. e Decoração",PRIVADO HOLDING,SEDE,SP
CANCELADA,97.422.638/0001-52,MCOM SA TELECOMUNICACOES,RIO DE JANEIRO,2.004e+07,14427,1994-06-01 00:00:00,1995-07-20 00:00:00,Emp. Adm. Participações,PRIVADO HOLDING,SEDE,RJ
CANCELADA,01.102.291/0001-91,MCOM WIRELESS SA,SÃO PAULO,1.452e+06,15504,1996-04-29 00:00:00,2005-06-17 00:00:00,Emp. Adm. Participações,PRIVADO HOLDING,SEDE,SP
CANCELADA,60.835.410/0001-84,MECANICA PESADA SA,SÃO PAULO,1.4049e+06,8516,1966-05-07 00:00:00,1997-12-03 00:00:00,"Máquinas, Equipamentos, Veículos e Peças",PRIVADO HOLDING,SEDE,SP
CANCELADA,43.358.647/0001-00,MEDIAL SAUDE S/A,SÃO PAULO,4.57102e+06,20273,2006-09-19 00:00:00,2010-07-07 00:00:00,Serviços Médicos,PRIVADO,SEDE,SP
CANCELADA,03.587.746/0001-31,MEGAPART PARTICIPAÇÕES SA,RIO DE JANEIRO,2.003e+07,18619,2000-03-10 00:00:00,2004-04-13 00:00:00,Emp. Adm. Participações,PRIVADO HOLDING,SEDE,RJ
CANCELADA,15.217.433/0001-70,MELAMINA ULTRA S.A. INDÚSTRIA  QUÍMICA,SÃO PAULO,1.31791e+06,8524,1971-10-20 00:00:00,2004-11-18 00:00:00,Petroquímicos e Borracha,PRIVADO,SEDE,SP
ATIVO,14.110.585/0001-07,MELIUZ S.A.,SÃO BERNARDO DO CAMPO,9.75073e+06,25232,2020-11-03 00:00:00,2020-11-03 00:00:00,Comunicação e Informática,PRIVADO,SEDE,SP
ATIVO,12.181.987/0001-77,MELNICK DESENVOLVIMENTO IMOBILIÁRIO S.A.,PORTO ALEGRE,9.04501e+07,25119,2020-09-24 00:00:00,2020-09-24 00:00:00,"Emp. Adm. Part. - Const. Civil, Mat. Const. e Decoração",PRIVADO,SEDE,RS
CANCELADA,00.020.540/0001-37,MELPAPER SA,SÃO PAULO,5.051e+06,14532,1994-07-28 00:00:00,2010-02-11 00:00:00,Papel e Celulose,PRIVADO,SEDE,SP
CANCELADA,02.607.723/0001-89,MEM CELULAR PARTICIPAÇÕES SA,RIO DE JANEIRO,2.22902e+07,17531,1998-07-20 00:00:00,2008-06-30 00:00:00,Emp. Adm. Part. - Telecomunicações,PRIVADO HOLDING,SEDE,RJ
ATIVO,17.162.082/0001-73,MENDES JUNIOR ENGENHARIA SA,BELO HORIZONTE,3.01302e+07,4782,1977-07-20 00:00:00,1977-07-20 00:00:00,"Construção Civil, Mat. Constr. e Decoração",PRIVADO,SEDE,MG
CANCELADA,92.012.780/0001-08,MENEGAZ S.A. INDUSTRIA E COM.,PASSO FUNDO,9.90501e+07,13080,1986-11-17 00:00:00,2006-03-21 00:00:00,"Máquinas, Equipamentos, Veículos e Peças",PRIVADO,SEDE,RS
CANCELADA,12.499.629/0001-07,MENFIS PARTICIPAÇÕES S/A,SÃO PAULO,4.53813e+06,22462,2011-04-13 00:00:00,2013-12-31 00:00:00,Emp. Adm. Part. - Sem Setor Principal,PRIVADO HOLDING,SEDE,SP
CANCELADA,26.386.169/0001-15,MERCANTIL DO BRASIL LEASING SA,BELO HORIZONTE,3.01609e+07,15890,1996-11-29 00:00:00,2017-05-31 00:00:00,Arrendamento Mercantil,PRIVADO,SEDE,MG
CANCELADA,33.040.601/0001-87,"MERCANTIL FINANCEIRA S.A. CRÉDITO, FINANCIAMENTO E INVESTIMENTO",NOVA LIMA,3.40061e+07,8540,1977-07-20 00:00:00,2026-03-18 00:00:00,Bancos,PRIVADO,SEDE,MG
CANCELADA,61.079.976/0001-96,MERIDIONAL S.A.,SÃO PAULO,5.42202e+06,12807,1986-06-04 00:00:00,2006-03-21 00:00:00,Metalurgia e Siderurgia,PRIVADO,SEDE,SP
CANCELADA,33.087.156/0001-00,MESBLA SA,RIO DE JANEIRO,2.00213e+07,8559,1977-07-20 00:00:00,2007-01-09 00:00:00,Comércio (Atacado e Varejo),PRIVADO,SEDE,RJ
CANCELADA,39.527.759/0001-62,MESBLA TRUST REC CARTAO CRD SA,RIO DE JANEIRO,2.00213e+07,14060,1992-12-18 00:00:00,2007-01-09 00:00:00,Securitização de Recebíveis,PRIVADO,SEDE,RJ
CANCELADA,60.395.209/0001-23,METAL LEVE ELETR E AUTOM SA,SÃO PAULO,4.746e+06,13528,1989-07-07 00:00:00,1993-04-02 00:00:00,"Máquinas, Equipamentos, Veículos e Peças",PRIVADO HOLDING,SEDE,SP
CANCELADA,61.284.006/0001-22,METALAC SA IND E COMERCIO,SÃO PAULO,5.465e+06,8583,1973-10-26 00:00:00,1999-02-02 00:00:00,"Máquinas, Equipamentos, Veículos e Peças",PRIVADO,SEDE,SP
CANCELADA,33.034.323/0001-55,METALFLEX SA IND E COMERCIO,RIO DE JANEIRO,2.137e+07,8591,1971-07-08 00:00:00,1988-09-23 00:00:00,Metalurgia e Siderurgia,PRIVADO,SEDE,RJ
ATIVO,04.821.041/0001-08,METALFRIO SOLUTIONS S/A,SÃO PAULO,4.18622e+06,20613,2007-04-10 00:00:00,2007-04-10 00:00:00,"Máquinas, Equipamentos, Veículos e Peças",PRIVADO,SEDE,SP
CANCELADA,80.227.184/0001-66,METALGRAFICA IGUACU SA,PONTA GROSSA,8.407e+07,8605,1968-09-02 00:00:00,2023-05-17 00:00:00,Metalurgia e Siderurgia,PRIVADO,SEDE,PR
CANCELADA,33.034.828/0001-10,METALGRAFICA RIO INDL SA,RIO DE JANEIRO,2.0761e+07,8613,1946-08-06 00:00:00,1990-05-02 00:00:00,Metalurgia e Siderurgia,PRIVADO,SEDE,RJ
CANCELADA,33.535.246/0001-17,METALON INDUSTRIAS REUNIDAS SA,RIO DE JANEIRO,2.105e+07,8621,1977-07-20 00:00:00,2010-01-04 00:00:00,Metalurgia e Siderurgia,PRIVADO,SEDE,RJ
CANCELADA,02.312.699/0001-50,METALTRUST S/A (5212 PARTICIPAÇÕES S/A),BELO HORIZONTE,3.01309e+07,17370,1998-06-16 00:00:00,2012-05-31 00:00:00,Emp. Adm. Part. - Securitização de Recebíveis,PRIVADO,SEDE,MG
CANCELADA,84.683.762/0001-20,METALURGICA DUQUE SA - EM RECUPERAÇÃO JUDICIAL,JOINVILLE,8.92262e+07,8648,1971-11-26 00:00:00,2016-01-07 00:00:00,Metalurgia e Siderurgia,PRIVADO,SEDE,SC
ATIVO,92.690.783/0001-09,METALURGICA GERDAU SA,SÃO PAULO,5.42507e+06,8656,1968-05-17 00:00:00,1968-05-17 00:00:00,Emp. Adm. Part. - Metalurgia e Siderurgia,PRIVADO,SEDE,SP
ATIVO,92.690.783/0001-09,METALURGICA GERDAU SA,SÃO PAULO,5.42507e+06,8656,1968-05-17 00:00:00,1968-05-17 00:00:00,Emp. Adm. Part. - Metalurgia e Siderurgia,PRIVADO,SEDE,SP
CANCELADA,89.772.065/0001-69,METALURGICA HASSMANN SA,ESTRELA,9.588e+07,8664,1973-01-12 00:00:00,1992-06-10 00:00:00,Metalurgia e Siderurgia,PRIVADO,SEDE,RS
CANCELADA,84.430.768/0001-95,METALURGICA JOAO WIEST SA,JARAGUÁ DO SUL,8.92013e+07,13641,1990-01-04 00:00:00,1994-07-26 00:00:00,Metalurgia e Siderurgia,PRIVADO,SEDE,SC
CANCELADA,61.074.837/0001-70,METALURGICA MATARAZZO SA,SÃO PAULO,3.041e+06,8680,1933-03-24 00:00:00,1988-08-30 00:00:00,Metalurgia e Siderurgia,PRIVADO,SEDE,SP
CANCELADA,52.502.945/0001-05,METALURGICA MOCOCA SA,MOCOCA,1.373e+07,8699,1981-12-22 00:00:00,1987-05-29 00:00:00,Metalurgia e Siderurgia,PRIVADO,SEDE,SP
ATIVO,85.778.074/0001-06,METALURGICA RIOSULENSE SA,RIO DO SUL,8.91649e+07,13439,1988-11-29 00:00:00,1988-11-29 00:00:00,"Máquinas, Equipamentos, Veículos e Peças",PRIVADO,SEDE,SC
ATIVO,16.234.171/0001-15,METANOR SA METANOL DO NE,CAMAÇARI,4.281e+07,8745,1974-12-26 00:00:00,1974-12-26 00:00:00,Petroquímicos e Borracha,PRIVADO,SEDE,BA
ATIVO,86.375.425/0001-09,METISA METALÚRGICA  TIMBOENSE SA,TIMBÓ,8.90926e+07,8753,1971-05-18 00:00:00,1971-05-18 00:00:00,Metalurgia e Siderurgia,PRIVADO,SEDE,SC
CANCELADA,43.710.946/0001-54,METODO ENGENHARIA SA,SÃO PAULO,4.5711e+06,8761,1973-05-02 00:00:00,1986-09-19 00:00:00,"Construção Civil, Mat. Constr. e Decoração",PRIVADO,SEDE,SP
CANCELADA,43.710.946/0001-54,METODO ENGENHARIA SA,SÃO PAULO,4.5711e+06,17876,1998-11-04 00:00:00,2005-06-20 00:00:00,"Construção Civil, Mat. Constr. e Decoração",PRIVADO,SEDE,SP
CANCELADA,01.709.614/0001-00,METRO EXTENSAO NORTE TRUST SA,SÃO PAULO,1.209e+06,16276,1997-05-16 00:00:00,1998-07-23 00:00:00,Serviços Diversos,PRIVADO,SEDE,SP
CANCELADA,19.296.342/0001-29,MGI - MINAS GERAIS PARTICIPAÇÕES S.A.,BELO HORIZONTE,3.16309e+07,22942,2012-09-04 00:00:00,2022-03-17 00:00:00,Emp. Adm. Part. - Sem Setor Principal,ESTATAL,SEDE,MG
CANCELADA,33.183.526/0001-03,MICROLAB SA,RIO DE JANEIRO,2.11479e+07,12440,1985-09-19 00:00:00,2005-03-22 00:00:00,"Máquinas, Equipamentos, Veículos e Peças",PRIVADO,SEDE,RJ
CANCELADA,45.169.406/0001-30,MICROTEC SIST IND E COM SA,COTIA,6.7e+06,12815,1986-06-05 00:00:00,1998-10-30 00:00:00,"Máquinas, Equipamentos, Veículos e Peças",PRIVADO,SEDE,SP
ATIVO,27.093.558/0001-15,"MILLS LOCAÇÃO, SERVIÇOS E LOGÍSTICA S.A.",SÃO PAULO,5.42318e+06,22012,2010-04-14 00:00:00,2010-04-14 00:00:00,Serviços Transporte e Logística,PRIVADO HOLDING,SEDE,SP
ATIVO,27.093.558/0001-15,"MILLS LOCAÇÃO, SERVIÇOS E LOGÍSTICA S.A.",SÃO PAULO,5.42318e+06,22012,2010-04-14 00:00:00,2010-04-14 00:00:00,Serviços Transporte e Logística,PRIVADO HOLDING,SEDE,SP
CANCELADA,17.496.431/0001-93,MINAS INV SA EMPR ADM ADMINAS,BELO HORIZONTE,3.04304e+07,8800,1977-07-20 00:00:00,1998-12-09 00:00:00,Emp. Adm. Participações,PRIVADO,SEDE,MG
CANCELADA,16.518.649/0001-39,MINASFER S/A,BELO HORIZONTE,3.051e+07,16080,1997-01-29 00:00:00,2010-01-04 00:00:00,Metalurgia e Siderurgia,PRIVADO,SEDE,MG
ATIVO,17.161.241/0001-15,MINASMAQUINAS SA,CONTAGEM,3.22401e+07,8818,1977-07-20 00:00:00,1977-07-20 00:00:00,"Máquinas, Equipamentos, Veículos e Peças",PRIVADO HOLDING,SEDE,MG
CANCELADA,62.436.092/0001-04,MINERACAO ARIPUANA SA,MANAUS,6.9e+07,8834,1969-06-17 00:00:00,1991-04-22 00:00:00,Extração Mineral,PRIVADO,SEDE,AM
CANCELADA,82.989.369/0001-33,MINERAÇÃO E CIMENTO VALE ITAJAI SA,FLORIANÓPOLIS,8.802e+07,4316,1969-11-26 00:00:00,2005-03-22 00:00:00,Extração Mineral,ESTATAL,SEDE,SC
ATIVO,67.620.377/0001-14,MINERVA S/A,BARRETOS,1.47815e+07,20931,2007-07-18 00:00:00,2007-07-18 00:00:00,Alimentos,PRIVADO,SEDE,SP
ATIVO,90.076.886/0001-40,MINUPAR PARTICIPACOES SA,LAJEADO,9.59132e+07,13765,1990-12-21 00:00:00,1990-12-21 00:00:00,Emp. Adm. Part. - Alimentos,PRIVADO,SEDE,RS
ATIVO,07.882.930/0001-65,MITRE REALTY EMPREENDIMENTOS E PARTICIPAÇÕES S.A.,SÃO PAULO,1.418e+06,24902,2020-02-03 00:00:00,2020-02-03 00:00:00,"Construção Civil, Mat. Constr. e Decoração",PRIVADO,SEDE,SP
ATIVO,13.444.994/0001-87,MLOG S.A.,RIO DE JANEIRO,2.22909e+07,22586,2011-09-12 00:00:00,2011-09-12 00:00:00,Emp. Adm. Part. - Sem Setor Principal,PRIVADO,SEDE,RJ
ATIVO,12.592.831/0001-89,MNLT S.A.,SÃO PAULO,5.4025e+06,26611,2022-02-11 00:00:00,2022-02-11 00:00:00,Emp. Adm. Part. - Sem Setor Principal,PRIVADO HOLDING,SEDE,SP
CANCELADA,22.670.178/0001-82,MNM METALURGICA NORTE MINAS SA,MONTES CLAROS,3.9404e+07,12157,1984-10-16 00:00:00,1994-09-14 00:00:00,Metalurgia e Siderurgia,PRIVADO,SEDE,MG
CANCELADA,42.517.177/0001-00,MODDATA SA ENG. DE TEL. E INF.,SÃO PAULO,4.063e+06,12734,1986-05-12 00:00:00,2005-03-22 00:00:00,Telecomunicações,PRIVADO,SEDE,SP
CANCELADA,09.140.181/0001-26,MOENA PARTICIPAÇÕES S/A,SÃO PAULO,1.405e+06,21253,2007-12-24 00:00:00,2010-08-31 00:00:00,Emp. Adm. Part. - Educação,PRIVADO HOLDING,SEDE,SP
CANCELADA,61.204.251/0001-82,MOINHO DA LAPA SA,SÃO PAULO,5.092e+06,8869,1977-07-20 00:00:00,1989-10-03 00:00:00,Alimentos,PRIVADO,SEDE,SP
CANCELADA,10.781.276/0001-08,MOINHO RECIFE SA EMPR E PART,RECIFE,5.00302e+07,12777,1986-05-29 00:00:00,1994-08-15 00:00:00,Alimentos,ESTRANGEIRO,SEDE,PE
CANCELADA,87.551.552/0001-76,MÔNACO - ADMINISTRAÇÃO E PARTICIPAÇÕES S.A.,BENTO GONÇALVES,9.57e+07,3719,1978-06-19 00:00:00,2010-01-04 00:00:00,Bebidas e Fumo,PRIVADO,SEDE,RS
ATIVO,37.702.340/0001-74,MONTE RODOVIAS S.A.,SÃO PAULO,4.542e+06,26328,2021-11-12 00:00:00,2021-11-12 00:00:00,Emp. Adm. Part. - Serviços Transporte e Logística,PRIVADO,SEDE,SP
CANCELADA,33.102.476/0001-92,MONTEIRO ARANHA SA,RIO DE JANEIRO,2.24301e+07,8893,1980-05-07 00:00:00,2026-01-30 00:00:00,Emp. Adm. Part. - Sem Setor Principal,PRIVADO HOLDING,SEDE,RJ
CANCELADA,33.102.476/0001-92,MONTEIRO ARANHA SA,RIO DE JANEIRO,2.24301e+07,8893,1980-05-07 00:00:00,2026-01-30 00:00:00,Emp. Adm. Part. - Sem Setor Principal,PRIVADO HOLDING,SEDE,RJ
CANCELADA,09.191.251/0001-75,MONTICIANO PARTICIPAÇÕES S/A,SÃO PAULO,1.405e+06,21261,2007-12-24 00:00:00,2014-02-26 00:00:00,Emp. Adm. Part. - Sem Setor Principal,PRIVADO HOLDING,SEDE,SP
CANCELADA,60.501.780/0001-85,MONTREAL EMPR COM E IND SA,RIO DE JANEIRO,2.00139e+07,8907,1977-07-20 00:00:00,2008-03-18 00:00:00,"Máquinas, Equipamentos, Veículos e Peças",ESTRANGEIRO,SEDE,RJ
CANCELADA,09.083.175/0001-84,MOSAICO TECNOLOGIA AO CONSUMIDOR S.A.,RIO DE JANEIRO,2.2271e+07,25470,2021-02-03 00:00:00,2022-05-16 00:00:00,Comunicação e Informática,PRIVADO,SEDE,RJ
ATIVO,02.846.056/0001-97,MOTIVA INFRAESTRUTURA DE MOBILIDADE S.A.,SÃO PAULO,5.42507e+06,18821,2000-12-19 00:00:00,2000-12-19 00:00:00,Emp. Adm. Part. - Serviços Transporte e Logística,PRIVADO,SEDE,SP
CANCELADA,16.236.440/0001-82,MOTO PECAS TRANSMISSOES SA,SOROCABA,1.8087e+07,3670,1977-07-20 00:00:00,2000-10-16 00:00:00,"Máquinas, Equipamentos, Veículos e Peças",PRIVADO,SEDE,SP
CANCELADA,61.106.068/0001-44,MOTORADIO SA COML E INDUSTRIAL,SÃO PAULO,1.22301e+06,12769,1986-05-29 00:00:00,2005-03-22 00:00:00,"Máquinas, Equipamentos, Veículos e Peças",PRIVADO,SEDE,SP
CANCELADA,46.414.082/0001-11,MOTORES BUFALO SA,BELO HORIZONTE,3.01101e+07,8923,1982-11-30 00:00:00,2005-12-20 00:00:00,"Máquinas, Equipamentos, Veículos e Peças",PRIVADO,SEDE,MG
CANCELADA,33.063.611/0001-38,MOTORISTA UNIAO COML IMPORT SA,RIO DE JANEIRO,2.02113e+07,8931,1977-07-20 00:00:00,1994-03-08 00:00:00,Petróleo e Gás,PRIVADO,SEDE,RJ
CANCELADA,33.069.691/0001-39,MOTORTEC INDUSTRIA AERONÁUTICA S.A.,RIO DE JANEIRO,2.16552e+07,8940,1977-07-20 00:00:00,2006-03-21 00:00:00,"Máquinas, Equipamentos, Veículos e Peças",PRIVADO,SEDE,RJ
CANCELADA,41.335.131/0001-07,MOTTU I S.A,SÃO PAULO,5.50101e+06,26344,2021-11-12 00:00:00,2025-09-15 00:00:00,"Máquinas, Equipamentos, Veículos e Peças",PRIVADO,SEDE,SP
ATIVO,12.049.631/0001-84,MOURA DUBEUX ENGENHARIA S/A,RECIFE,5.1011e+07,21067,2007-08-23 00:00:00,2007-08-23 00:00:00,"Construção Civil, Mat. Constr. e Decoração",PRIVADO,SEDE,PE
ATIVO,12.049.631/0001-84,MOURA DUBEUX ENGENHARIA S/A,RECIFE,5.1011e+07,21067,2007-08-23 00:00:00,2007-08-23 00:00:00,"Construção Civil, Mat. Constr. e Decoração",PRIVADO,SEDE,PE
CANCELADA,07.196.983/0001-22,MOVEIS DE ACO ANGELO FG SA,FORTALEZA,6.03102e+07,8966,1977-07-20 00:00:00,2006-11-22 00:00:00,"Construção Civil, Mat. Constr. e Decoração",PRIVADO,SEDE,CE
CANCELADA,07.976.147/0001-60,MOVIDA LOCAÇÃO DE VEÍCULOS S.A,SÃO PAULO,4.53e+06,25828,2021-05-11 00:00:00,2025-01-31 00:00:00,Serviços Transporte e Logística,PRIVADO,SEDE,SP
ATIVO,21.314.559/0001-66,MOVIDA PARTICIPAÇÕES S.A.,SÃO PAULO,4.53e+06,23825,2016-01-29 00:00:00,2016-01-29 00:00:00,Serviços Transporte e Logística,PRIVADO HOLDING,SEDE,SP
ATIVO,21.314.559/0001-66,MOVIDA PARTICIPAÇÕES S.A.,SÃO PAULO,4.53e+06,23825,2016-01-29 00:00:00,2016-01-29 00:00:00,Serviços Transporte e Logística,PRIVADO HOLDING,SEDE,SP
ATIVO,26.659.061/0001-59,MPM CORPÓREOS S.A.,SÃO PAULO,4.51705e+06,25445,2021-01-28 00:00:00,2021-01-28 00:00:00,Serviços Médicos,PRIVADO,SEDE,SP
ATIVO,01.417.222/0001-77,MRS LOGÍSTICA S/A,RIO DE JANEIRO,2.22509e+07,17949,1998-11-13 00:00:00,1998-11-13 00:00:00,Serviços Transporte e Logística,PRIVADO,SEDE,RJ
ATIVO,08.343.492/0001-20,MRV ENGENHARIA E PARTICIPAÇÕES S/A,BELO HORIZONTE,3.04556e+07,20915,2007-07-13 00:00:00,2007-07-13 00:00:00,"Construção Civil, Mat. Constr. e Decoração",PRIVADO,SEDE,MG
CANCELADA,76.486.711/0001-80,MUELLER IRMAOS SA,CURITIBA,8.15e+07,12629,1986-03-07 00:00:00,1990-11-09 00:00:00,Metalurgia e Siderurgia,PRIVADO,SEDE,PR
CANCELADA,02.369.513/0001-08,MULTI-CAR RIO TERMINAL DE VEÍCULOS S/A,RIO DE JANEIRO,2.0931e+07,16977,1998-03-26 00:00:00,2004-03-29 00:00:00,Emp. Adm. Participações,PRIVADO,SEDE,RJ
CANCELADA,01.378.557/0001-23,MULTIBRAS PAR SA,SÃO PAULO,4.7951e+06,15857,1996-11-04 00:00:00,1997-12-30 00:00:00,Serviços Diversos,PRIVADO,SEDE,SP
CANCELADA,08.935.054/0001-50,MULTINER S/A,SÃO PAULO,4.542e+06,21520,2008-07-10 00:00:00,2026-05-13 00:00:00,Energia Elétrica,PRIVADO HOLDING,SEDE,SP
ATIVO,07.816.890/0001-53,MULTIPLAN - EMPREEND IMOBILIARIOS S.A.,RIO DE JANEIRO,2.26401e+07,20982,2007-07-25 00:00:00,2007-07-25 00:00:00,"Emp. Adm. Part. - Const. Civil, Mat. Const. e Decoração",PRIVADO,SEDE,RJ
ATIVO,07.816.890/0001-53,MULTIPLAN - EMPREEND IMOBILIARIOS S.A.,RIO DE JANEIRO,2.26401e+07,20982,2007-07-25 00:00:00,2007-07-25 00:00:00,"Emp. Adm. Part. - Const. Civil, Mat. Const. e Decoração",PRIVADO,SEDE,RJ
CANCELADA,53.661.898/0001-05,MULTIPLIC LEASING ARR MERC SA,RIO DE JANEIRO,2.0011e+07,8150,1983-03-30 00:00:00,1998-10-22 00:00:00,Arrendamento Mercantil,PRIVADO,SEDE,RJ
CANCELADA,11.094.546/0001-75,MULTIPLUS SA,BARUERI,6.45591e+06,21946,2010-02-03 00:00:00,2019-05-06 00:00:00,Comércio (Atacado e Varejo),PRIVADO,SEDE,SP
CANCELADA,55.413.983/0001-80,MULTITEL TECNOLOGIA SA,RIO DE JANEIRO,2.0086e+07,12610,1986-02-28 00:00:00,1993-06-24 00:00:00,Emp. Adm. Participações,PRIVADO,SEDE,RJ
CANCELADA,22.148.316/0001-68,MULTITEXTIL SA,RIO DE JANEIRO,2.0011e+07,9008,1980-11-20 00:00:00,1995-01-05 00:00:00,Têxtil e Vestuário,PRIVADO,SEDE,RJ
CANCELADA,61.066.940/0001-78,MULTIVIDRO SA,SÃO PAULO,3.059e+06,9016,1977-07-20 00:00:00,1987-05-07 00:00:00,Extração Mineral,PRIVADO,SEDE,SP
CANCELADA,49.865.884/0001-36,MUNCK SA EQUIPS INDUSTRIAIS,SÃO PAULO,5.576e+06,9024,1977-07-20 00:00:00,1991-01-07 00:00:00,Emp. Adm. Participações,PRIVADO,SEDE,SP
CANCELADA,33.042.961/0001-18,MUNDIAL ARTEFATOS DE COURO SA,RIO DE JANEIRO,2.1511e+07,9032,1977-07-20 00:00:00,2005-03-22 00:00:00,Têxtil e Vestuário,PRIVADO,SEDE,RJ
ATIVO,88.610.191/0001-54,MUNDIAL S.A - PRODUTOS DE CONSUMO,SÃO PAULO,4.103e+06,5312,1979-12-12 00:00:00,1979-12-12 00:00:00,Têxtil e Vestuário,PRIVADO,SEDE,SP
CANCELADA,33.807.348/0001-44,NACIONAL FACTORING SA,RIO DE JANEIRO,2.004e+07,14737,1995-01-05 00:00:00,1997-07-07 00:00:00,Bancos,PRIVADO,SEDE,RJ
CANCELADA,68.584.515/0001-10,NACIONAL IGUATEMI BAHIA PARTICIPAÇÕES SA,RIO DE JANEIRO,2.241e+07,18457,1999-09-24 00:00:00,2003-08-29 00:00:00,Emp. Adm. Participações,PRIVADO,SEDE,RJ
CANCELADA,43.711.746/0001-16,NACIONAL LEASING SA ARR MEC,SÃO PAULO,5.42318e+06,13676,1990-04-05 00:00:00,1996-05-27 00:00:00,Arrendamento Mercantil,PRIVADO,SEDE,SP
CANCELADA,33.222.225/0001-41,NACIONAL SA SOC CRED FIN INVS,RIO DE JANEIRO,2.004e+07,10766,1977-07-20 00:00:00,1990-01-30 00:00:00,Bancos,PRIVADO,SEDE,RJ
CANCELADA,61.067.161/0001-97,NADIR FIGUEIREDO S.A,SÃO PAULO,2.029e+06,9040,1977-07-20 00:00:00,2020-04-16 00:00:00,Comércio (Atacado e Varejo),PRIVADO,SEDE,SP
CANCELADA,60.875.259/0001-08,NAKATA SA IND E COMERCIO,DIADEMA,9.9504e+06,9059,1977-07-20 00:00:00,1998-11-18 00:00:00,"Máquinas, Equipamentos, Veículos e Peças",PRIVADO,SEDE,SP
CANCELADA,14.200.586/0001-42,NAOMI PARTICIPAÇÕES SA,SÃO PAULO,1.405e+06,22667,2011-12-12 00:00:00,2019-03-22 00:00:00,Emp. Adm. Part. - Sem Setor Principal,PRIVADO HOLDING,SEDE,SP
CANCELADA,15.377.572/0001-61,NASA SECURITIZADORA S.A.,CUIABÁ,7.80454e+07,23906,2016-03-21 00:00:00,2022-06-30 00:00:00,Securitização de Recebíveis,PRIVADO,SEDE,MT
CANCELADA,62.336.953/0001-82,NATIONAL DISTILLERS DO BR SA,SÃO PAULO,4.717e+06,12394,1985-06-17 00:00:00,1986-11-28 00:00:00,Emp. Adm. Participações,ESTRANGEIRO,SEDE,SP
CANCELADA,43.504.489/0001-41,NATIVA TRANSFORMADORES SA,PORTO ALEGRE,9.024e+07,13048,1986-10-03 00:00:00,1992-11-18 00:00:00,"Máquinas, Equipamentos, Veículos e Peças",PRIVADO,SEDE,RS
CANCELADA,32.785.497/0001-97,NATURA & CO HOLDING S.A.,SÃO PAULO,5.106e+06,24783,2019-09-25 00:00:00,2025-07-01 00:00:00,Farmacêutico e Higiene,PRIVADO,SEDE,SP
ATIVO,71.673.990/0001-77,NATURA COSMETICOS SA,SÃO PAULO,5.106e+06,19550,2004-05-21 00:00:00,2004-05-21 00:00:00,Farmacêutico e Higiene,PRIVADO,SEDE,SP
CANCELADA,04.233.319/0001-18,NCF PARTICIPACOES S.A.,OSASCO,6.0299e+06,24015,2016-10-03 00:00:00,2024-04-26 00:00:00,Emp. Adm. Part. - Sem Setor Principal,PRIVADO HOLDING,SEDE,SP
ATIVO,01.083.200/0001-18,NEOENERGIA S.A,RIO DE JANEIRO,2.221e+07,15539,1996-05-08 00:00:00,1996-05-08 00:00:00,Emp. Adm. Part. - Energia Elétrica,PRIVADO,SEDE,RJ
ATIVO,10.139.870/0001-08,NEOGRID PARTICIPACÕES S.A.,JOINVILLE,8.92181e+07,25399,2020-12-15 00:00:00,2020-12-15 00:00:00,Comunicação e Informática,PRIVADO HOLDING,SEDE,SC
CANCELADA,60.881.364/0001-50,NESBER COMPANHIA INDUSTRIAL,COTIA,6.71669e+06,1651,1977-07-20 00:00:00,2010-01-04 00:00:00,"Construção Civil, Mat. Constr. e Decoração",PRIVADO,SEDE,SP
CANCELADA,00.108.786/0001-65,NET SERVIÇOS DE COMUNICAÇÃO S.A.,SÃO PAULO,4.719e+06,14621,1994-11-22 00:00:00,2014-12-31 00:00:00,Telecomunicações,PRIVADO HOLDING,SEDE,SP
CANCELADA,00.192.769/0001-59,NEUMARKT TRADE AND FINANCIAL CENTER S/A,BLUMENAU,8.90102e+07,14613,1994-10-27 00:00:00,2024-08-13 00:00:00,Crédito Imobiliário,PRIVADO,SEDE,SC
ATIVO,02.604.997/0001-14,NEWTEL PARTICIPAÇÕES S.A. - EM LIQUIDAÇÃO,RIO DE JANEIRO,2.00409e+07,17540,1998-07-20 00:00:00,1998-07-20 00:00:00,Emp. Adm. Part. - Telecomunicações,PRIVADO HOLDING,SEDE,RJ
CANCELADA,10.302.690/0001-97,NEXFUEL BIOENERGIA S/A,SÃO PAULO,4.547e+06,22063,2010-06-24 00:00:00,2012-01-30 00:00:00,"Agricultura (Açúcar, Álcool e Cana)",PRIVADO,SEDE,SP
ATIVO,08.613.550/0001-98,NEXPE PARTICIPAÇÕES S.A. - EM RECUPERAÇÃO JUDICIAL,SÃO PAULO,4.005e+06,21180,2007-10-26 00:00:00,2007-10-26 00:00:00,"Emp. Adm. Part. - Const. Civil, Mat. Const. e Decoração",PRIVADO,SEDE,SP
CANCELADA,14.200.537/0001-00,NISA PARTICIPAÇÕES SA,SÃO PAULO,1.405e+06,22640,2011-12-12 00:00:00,2014-12-19 00:00:00,Emp. Adm. Part. - Sem Setor Principal,PRIVADO HOLDING,SEDE,SP
CANCELADA,13.558.218/0001-08,NITROCARBONO SA,CAMAÇARI,4.181e+07,9075,1972-11-23 00:00:00,2003-03-31 00:00:00,Petroquímicos e Borracha,PRIVADO,SEDE,BA
CANCELADA,14.200.699/0001-48,NOAH PARTICIPAÇÕES SA,SÃO PAULO,1.405e+06,22659,2011-12-12 00:00:00,2019-09-05 00:00:00,Emp. Adm. Part. - Sem Setor Principal,PRIVADO HOLDING,SEDE,SP
CANCELADA,43.834.894/0001-28,NORCHEM PARTICIPACOES E CONSULTORIA LTDA,BELO HORIZONTE,3.017e+07,9105,1981-09-30 00:00:00,2003-01-23 00:00:00,Bancos,ESTRANGEIRO,SEDE,MG
CANCELADA,13.015.151/0001-65,NORCON SOCIEDADE NORDESTINA DE CONSTRUCÕES S/A,ARACAJU,4.90551e+07,21504,2008-06-23 00:00:00,2010-05-13 00:00:00,"Construção Civil, Mat. Constr. e Decoração",PRIVADO,SEDE,SE
CANCELADA,13.606.611/0001-20,NORDEQ EQUIPS INDLS DO NE SA,SIMÕES FILHO,4.37e+07,11886,1984-06-01 00:00:00,1988-09-23 00:00:00,Metalurgia e Siderurgia,PRIVADO,SEDE,BA
ATIVO,60.884.319/0001-59,NORDON INDUSTRIAS METALURGICAS S.A.,SANTO ANDRÉ,9.08062e+06,9083,1956-08-23 00:00:00,1956-08-23 00:00:00,Metalurgia e Siderurgia,PRIVADO,SEDE,SP
CANCELADA,60.394.301/0001-79,NOROESTE SEGURADORA SA,SÃO PAULO,1.3112e+06,9113,1977-07-20 00:00:00,1994-06-10 00:00:00,Seguradoras e Corretoras,PRIVADO,SEDE,SP
CANCELADA,07.467.619/0001-50,NORSE ENERGY DO BRASIL SA,RIO DE JANEIRO,2.225e+07,21369,2008-02-29 00:00:00,2009-03-03 00:00:00,Petróleo e Gás,ESTRANGEIRO,SEDE,RJ
ATIVO,09.625.321/0001-56,NORTE BRASIL TRANSMISSORA DE ENERGIA S.A.,RIO DE JANEIRO,2.2775e+07,24988,2020-07-03 00:00:00,2020-07-03 00:00:00,Energia Elétrica,PRIVADO,SEDE,RJ
ATIVO,12.300.288/0001-07,NORTE ENERGIA S.A,BRASÍLIA,7.039e+07,25097,2020-09-14 00:00:00,2020-09-14 00:00:00,Energia Elétrica,PRIVADO,SEDE,DF
CANCELADA,29.950.060/0001-57,NORTEC QUIMICA S.A.,DUQUE DE CAXIAS,2.52506e+07,22985,2012-11-23 00:00:00,2025-08-01 00:00:00,Farmacêutico e Higiene,PRIVADO,SEDE,RJ
CANCELADA,19.853.511/0001-84,NOTRE DAME INTERMÉDICA PARTICIPAÇÕES S.A.,SÃO PAULO,1.3111e+06,24384,2018-04-19 00:00:00,2022-03-18 00:00:00,Emp. Adm. Part. - Serviços médicos,PRIVADO,SEDE,SP
CANCELADA,04.634.250/0001-34,NOVA AÇÃO PARTICIPAÇÕES S.A.,RIO DE JANEIRO,2.02119e+07,19224,2002-01-31 00:00:00,2020-05-29 00:00:00,Emp. Adm. Part. - Sem Setor Principal,PRIVADO,SEDE,RJ
CANCELADA,15.101.520/0001-68,NOVA ALIANCA SA,AMÉLIA RODRIGUES,4.423e+07,10251,1977-07-20 00:00:00,2005-11-29 00:00:00,"Agricultura (Açúcar, Álcool e Cana)",PRIVADO,SEDE,BA
CANCELADA,33.007.592/0001-22,NOVA AMERICA SA,DUQUE DE CAXIAS,2.52751e+07,3751,1987-07-20 00:00:00,2011-07-15 00:00:00,Têxtil e Vestuário,PRIVADO,SEDE,RJ
CANCELADA,08.903.116/0001-42,NOVA SECURITIZAÇÃO S/A,SÃO PAULO,4.533e+06,21105,2007-09-11 00:00:00,2019-10-30 00:00:00,Securitização de Recebíveis,PRIVADO,SEDE,SP
CANCELADA,65.441.354/0001-17,NOVA SHOPPING CENTER SA,NOVA IGUAÇU,2.62212e+07,15385,1996-02-22 00:00:00,1997-02-05 00:00:00,Emp. Adm. Participações,PRIVADO,SEDE,RJ
ATIVO,47.586.663/0001-01,NOVA SOCIEDADE DE NAVEGAÇÃO S.A.,RIO DE JANEIRO,2.22909e+07,27081,2023-01-16 00:00:00,2023-01-16 00:00:00,Emp. Adm. Part. - Petróleo e Gás,PRIVADO,SEDE,RJ
ATIVO,04.992.714/0001-84,NOVA TRANSPORTADORA DO SUDESTE S.A. - NTS,RIO DE JANEIRO,2.22109e+07,24708,2019-04-18 00:00:00,2019-04-18 00:00:00,Emp. Adm. Part. - Petróleo e Gás,PRIVADO,SEDE,RJ
CANCELADA,51.754.240/0001-12,NOVADATA SISTS COMPUTADORES SA,BRASÍLIA,7.12051e+07,12700,1986-04-16 00:00:00,1993-09-29 00:00:00,"Máquinas, Equipamentos, Veículos e Peças",PRIVADO,SEDE,DF
CANCELADA,04.665.504/0001-81,NOVAMARLIM PARTICIPAÇÕES S/A,RIO DE JANEIRO,2.00312e+07,19178,2001-12-05 00:00:00,2010-07-21 00:00:00,Emp. Adm. Part. - Petróleo e Gás,PRIVADO,SEDE,RJ
CANCELADA,04.668.779/0001-79,NOVAMARLIM PETROLEO SA,MACAÉ,2.79134e+07,19194,2001-12-19 00:00:00,2010-08-11 00:00:00,Emp. Adm. Part. - Petróleo e Gás,PRIVADO,SEDE,RJ
CANCELADA,91.677.682/0001-27,NOVO HAMBURGO CIA SEGS GERAIS,NOVO HAMBURGO,9.331e+07,9148,1977-07-20 00:00:00,1999-08-18 00:00:00,Seguradoras e Corretoras,PRIVADO,SEDE,RS
CANCELADA,91.669.739/0001-46,NOVOSINOS SA DTVM,NOVO HAMBURGO,9.351e+07,9156,1977-07-20 00:00:00,2002-01-22 00:00:00,Seguradoras e Corretoras,PRIVADO,SEDE,RS
CANCELADA,47.177.654/0001-59,NOVOTEL HOTELARIA TURISMO SA,SÃO PAULO,5.69e+06,9164,1982-08-19 00:00:00,1985-02-27 00:00:00,Hospedagem e Turismo,PRIVADO,SEDE,SP
CANCELADA,10.337.440/0001-92,NPF SECURITIZADORA S.A.,RIO DE JANEIRO,2.22509e+07,21695,2008-12-22 00:00:00,2015-11-11 00:00:00,Securitização de Recebíveis,PRIVADO,SEDE,RJ
CANCELADA,73.615.395/0001-00,NQ PARTICIPAÇÕES S.A.,RIO DE JANEIRO,2.0071e+07,14273,1993-12-21 00:00:00,2002-08-08 00:00:00,Emp. Adm. Participações,PRIVADO,SEDE,RJ
CANCELADA,02.084.220/0001-76,NUMERAL 80 PARTICIPAÇÕES S.A.,SÃO PAULO,4.54312e+06,16446,1997-09-16 00:00:00,2020-09-16 00:00:00,Emp. Adm. Part. - Serviços Transporte e Logística,PRIVADO,SEDE,SP
CANCELADA,33.031.782/0001-85,NUTRICIA SA PRODS DIETS NUTLS,RIO DE JANEIRO,2.153e+07,9172,1982-11-24 00:00:00,1991-05-09 00:00:00,Alimentos,PRIVADO,SEDE,RJ
ATIVO,51.128.999/0001-90,NUTRIPLANT INDUSTRIA E COMÉRCIO S/A,BARUERI,6.41511e+06,21334,2008-02-11 00:00:00,2008-02-11 00:00:00,"Agricultura (Açúcar, Álcool e Cana)",PRIVADO,SEDE,SP
CANCELADA,84.683.770/0001-76,NYLONSUL TEXTIL A M SCHMALZ SA,JOINVILLE,8.92e+07,9180,1970-11-13 00:00:00,2005-03-22 00:00:00,Têxtil e Vestuário,PRIVADO,SEDE,SC
CANCELADA,01.856.751/0001-77,OAHAKA PARTICIPACOES SA,SÃO PAULO,1.45102e+06,16365,1997-07-17 00:00:00,2002-09-30 00:00:00,Emp. Adm. Participações,PRIVADO,SEDE,SP
ATIVO,29.980.141/0001-08,OCEÂNICA ENGENHARIA E CONSULTORIA S.A.,RIO DE JANEIRO,2.26401e+07,26956,2022-09-21 00:00:00,2022-09-21 00:00:00,Emp. Adm. Part. - Petróleo e Gás,PRIVADO,SEDE,RJ
ATIVO,09.114.805/0001-30,OCEANPACT SERVIÇOS MARÍTIMOS S.A.,RIO DE JANEIRO,2.02412e+07,25534,2021-02-10 00:00:00,2021-02-10 00:00:00,Petróleo e Gás,PRIVADO,SEDE,RJ
CANCELADA,12.139.922/0001-63,OCTANTE SECURITIZADORA SA,SÃO PAULO,5.44504e+06,22390,2011-02-14 00:00:00,2022-06-01 00:00:00,Securitização de Recebíveis,PRIVADO,SEDE,SP
CANCELADA,15.105.588/0001-15,ODEBRECHT SA,SALVADOR,4.18279e+07,9199,1981-07-17 00:00:00,2000-10-17 00:00:00,Emp. Adm. Participações,PRIVADO,SEDE,BA
CANCELADA,02.062.753/0001-57,OESTE PARTICIPAÇÕES SA,RIO DE JANEIRO,2.22902e+07,16594,1997-11-10 00:00:00,2009-11-30 00:00:00,Emp. Adm. Part. - Telecomunicações,PRIVADO HOLDING,SEDE,RJ
ATIVO,76.535.764/0001-43,OI S.A. - EM RECUPERAÇÃO JUDICIAL,RIO DE JANEIRO,2.02301e+07,11312,1980-03-27 00:00:00,1980-03-27 00:00:00,Telecomunicações,PRIVADO,SEDE,RJ
CANCELADA,07.957.093/0001-96,ÓLEO E GÁS PARTICIPAÇÕES S/A,RIO DE JANEIRO,2.22902e+07,20168,2006-07-19 00:00:00,2019-03-12 00:00:00,Emp. Adm. Part. - Petróleo e Gás,PRIVADO HOLDING,SEDE,RJ
CANCELADA,07.249.238/0001-02,OLICAL INDUSTRIAL SA,FORTALEZA,6.00301e+07,12831,1986-06-10 00:00:00,2005-03-22 00:00:00,"Agricultura (Açúcar, Álcool e Cana)",PRIVADO,SEDE,CE
CANCELADA,21.110.778/0001-23,OLIVEIRA TRUST S.A.,RIO DE JANEIRO,2.26401e+07,26417,2021-11-29 00:00:00,2026-03-20 00:00:00,Intermediação Financeira,PRIVADO,SEDE,RJ
CANCELADA,91.156.901/0001-22,OLVEBRA SA,PORTO ALEGRE,9.0035e+07,9245,1977-07-20 00:00:00,2010-01-04 00:00:00,Alimentos,PRIVADO HOLDING,SEDE,RS
ATIVO,12.104.241/0004-02,ONCOCLÍNICAS DO BRASIL SERVIÇOS MÉDICOS S.A.,SÃO PAULO,1.304e+06,26123,2021-08-06 00:00:00,2021-08-06 00:00:00,Serviços Médicos,PRIVADO,SEDE,SP
CANCELADA,07.875.234/0001-21,ONE PROPERTIES S.A.,SÃO PAULO,4.55106e+06,20419,2006-12-29 00:00:00,2012-03-29 00:00:00,"Construção Civil, Mat. Constr. e Decoração",PRIVADO HOLDING,SEDE,SP
CANCELADA,02.773.542/0001-22,OPEA SECURITIZADORA S.A.,SÃO PAULO,5.433e+06,18406,1999-08-02 00:00:00,2022-06-30 00:00:00,Securitização de Recebíveis,PRIVADO,SEDE,SP
CANCELADA,89.546.063/0001-51,OPP PETROQUIMICA SA,SÃO PAULO,5.477e+06,15393,1996-02-22 00:00:00,1998-01-08 00:00:00,Petroquímicos e Borracha,PRIVADO,SEDE,SP
CANCELADA,02.318.346/0001-68,OPPORTUNITY ENERGIA E PARTICIPAÇÕES S.A.,RIO DE JANEIRO,2.002e+07,16942,1998-03-06 00:00:00,2021-12-03 00:00:00,Emp. Adm. Part. - Sem Setor Principal,PRIVADO,SEDE,RJ
CANCELADA,01.957.774/0001-78,OPPORTUNITY LESTE SA,RIO DE JANEIRO,2.003e+07,16357,1997-07-16 00:00:00,2006-05-30 00:00:00,Emp. Adm. Part. - Telecomunicações,PRIVADO HOLDING,SEDE,RJ
CANCELADA,03.653.874/0001-36,OPPORTUNITY SECURITIZADORA DE CREDITOS IMOBILIARIOS SA,RIO DE JANEIRO,2.003e+07,20583,2007-03-30 00:00:00,2009-05-04 00:00:00,Securitização de Recebíveis,PRIVADO,SEDE,RJ
ATIVO,59.693.110/0001-29,ORANJEBTC S.A. - EDUCAÇÃO E INVESTIMENTO,SÃO PAULO,1.45192e+06,27910,2025-09-05 00:00:00,2025-09-05 00:00:00,Educação,PRIVADO,SEDE,SP
CANCELADA,01.948.039/0001-06,ORBIS TRUST SECURITIZADORA DE CREDITOS S/A,RIO DE JANEIRO,2.003e+07,16470,1997-09-23 00:00:00,2008-07-28 00:00:00,Securitização de Recebíveis,PRIVADO,SEDE,RJ
ATIVO,32.021.201/0001-61,ORIGEM ENERGIA S.A.,RIO DE JANEIRO,2.22902e+07,27227,2023-06-30 00:00:00,2023-06-30 00:00:00,Petróleo e Gás,PRIVADO,SEDE,RJ
CANCELADA,61.082.863/0001-40,ORION SA,SÃO JOSÉ DOS CAMPOS,1.2247e+07,9261,1980-10-03 00:00:00,2000-09-05 00:00:00,Petroquímicos e Borracha,PRIVADO,SEDE,SP
ATIVO,03.279.285/0001-30,ORIZON MEIO AMBIENTE S.A.,SÃO PAULO,4.57891e+06,27049,2022-12-19 00:00:00,2022-12-19 00:00:00,"Saneamento, Serv. Água e Gás",PRIVADO,SEDE,SP
ATIVO,11.421.994/0001-36,ORIZON VALORIZAÇÃO DE RESÍDUOS S.A.,SÃO PAULO,4.57891e+06,25550,2021-02-11 00:00:00,2021-02-11 00:00:00,"Saneamento, Serv. Água e Gás",PRIVADO,SEDE,SP
ATIVO,11.421.994/0001-36,ORIZON VALORIZAÇÃO DE RESÍDUOS S.A.,SÃO PAULO,4.57891e+06,25550,2021-02-11 00:00:00,2021-02-11 00:00:00,"Saneamento, Serv. Água e Gás",PRIVADO,SEDE,SP
CANCELADA,61.084.885/0001-49,ORNIEX SA,SÃO PAULO,1.4739e+06,9270,1968-09-24 00:00:00,1995-07-14 00:00:00,Petroquímicos e Borracha,PRIVADO,SEDE,SP
ATIVO,09.112.685/0001-32,OSX BRASIL S.A. - EM RECUPERAÇÃO JUDICIAL,RIO DE JANEIRO,2.22909e+07,21342,2008-02-26 00:00:00,2008-02-26 00:00:00,Emp. Adm. Part. - Sem Setor Principal,PRIVADO HOLDING,SEDE,RJ
CANCELADA,12.320.349/0001-90,OURINVEST SECURITIZADORA S.A.,SÃO PAULO,1.31092e+06,22250,2010-11-10 00:00:00,2022-06-01 00:00:00,Securitização de Recebíveis,PRIVADO,SEDE,SP
ATIVO,20.258.278/0001-70,OUROFINO S.A.,CRAVINHOS,1.414e+07,23507,2014-10-17 00:00:00,2014-10-17 00:00:00,Comércio (Atacado e Varejo),PRIVADO,SEDE,SP
CANCELADA,14.109.664/0001-06,OXITENO NORDESTE SA INDÚSTRIA E COMÉRCIO,CAMAÇARI,4.281e+07,9296,1981-05-20 00:00:00,2002-05-22 00:00:00,Petroquímicos e Borracha,PRIVADO,SEDE,BA
CANCELADA,62.545.686/0001-53,OXITENO S.A. - INDÚSTRIA E COMÉRCIO,SÃO PAULO,1.31791e+06,13072,1986-10-16 00:00:00,2002-12-26 00:00:00,Petroquímicos e Borracha,PRIVADO,SEDE,SP
ATIVO,18.080.368/0001-72,OZN HEALTH SPE S.A.,MANAUS,6.90934e+07,27901,2025-09-02 00:00:00,2025-09-02 00:00:00,Serviços Médicos,PRIVADO,SEDE,AM
ATIVO,96.298.013/0001-68,PACAEMBU CONSTRUTORA S.A.,BAURU,1.7015e+07,25143,2020-10-01 00:00:00,2020-10-01 00:00:00,"Construção Civil, Mat. Constr. e Decoração",PRIVADO,SEDE,SP
CANCELADA,21.728.500/0001-14,PACIFIC RDSL PARTICIPAÇÕES S.A.,SÃO PAULO,1.453e+06,24163,2017-07-07 00:00:00,2019-06-19 00:00:00,Emp. Adm. Part. - Sem Setor Principal,ESTRANGEIRO,SEDE,SP
ATIVO,02.365.069/0001-44,PADTEC HOLDING S.A.,CAMPINAS,1.30694e+07,18414,1999-08-02 00:00:00,1999-08-02 00:00:00,Emp. Adm. Part. - Telecomunicações,PRIVADO,SEDE,SP
CANCELADA,15.132.731/0001-68,PAES MENDONCA SA,RIO DE JANEIRO,2.09204e+07,13749,1990-11-26 00:00:00,1998-04-24 00:00:00,Comércio (Atacado e Varejo),PRIVADO,SEDE,RJ
CANCELADA,23.537.475/0001-17,PALMASA AZULEJOS VARZEA PALMA,VÁRZEA DA PALMA,3.926e+07,9318,1970-10-30 00:00:00,1993-10-29 00:00:00,Extração Mineral,PRIVADO,SEDE,MG
CANCELADA,02.682.287/0001-02,"PAN FINANCEIRA S.A. - CRÉDITO, FINANCIAMENTO E INVESTIMENTO",SÃO PAULO,1.3101e+06,18554,2000-01-25 00:00:00,2024-08-29 00:00:00,Arrendamento Mercantil,PRIVADO,SEDE,SP
CANCELADA,92.749.647/0001-39,PANAMBRA SUL RG SA REV VEICS,PORTO ALEGRE,9.006e+07,9326,1977-07-20 00:00:00,1989-12-21 00:00:00,"Máquinas, Equipamentos, Veículos e Peças",PRIVADO,SEDE,RS
ATIVO,92.693.019/0001-89,PANATLANTICA SA,GRAVATAÍ,9.40454e+07,94,1971-12-29 00:00:00,1971-12-29 00:00:00,Metalurgia e Siderurgia,PRIVADO,SEDE,RS
CANCELADA,61.077.830/0001-01,PANEX SA INDUSTRIA E COMERCIO,SÃO BERNARDO DO CAMPO,9.8909e+06,9334,1949-01-27 00:00:00,1991-03-06 00:00:00,Metalurgia e Siderurgia,PRIVADO,SEDE,SP
CANCELADA,61.077.830/0001-01,PANEX SA INDUSTRIA E COMERCIO,SÃO BERNARDO DO CAMPO,9.8909e+06,15490,1996-04-29 00:00:00,1999-06-08 00:00:00,Metalurgia e Siderurgia,PRIVADO,SEDE,SP
CANCELADA,02.305.131/0001-02,PANTANAL PLAZA SHOPPING SA,CUIABÁ,7.80105e+07,17523,1998-07-20 00:00:00,2010-01-04 00:00:00,Comércio (Atacado e Varejo),PRIVADO HOLDING,SEDE,MT
CANCELADA,61.596.284/0001-15,PAO AMERICANO IND E COM SA,SÃO PAULO,5.56e+06,9350,1977-07-20 00:00:00,1989-07-31 00:00:00,Alimentos,PRIVADO,SEDE,SP
CANCELADA,61.140.737/0001-02,PARAMOUNT LANSUL SA,SÃO PAULO,4.717e+06,9377,1971-10-04 00:00:00,2004-12-31 00:00:00,Têxtil e Vestuário,PRIVADO,SEDE,SP
CANCELADA,61.565.222/0001-46,PARAMOUNT TEXTEIS INDUSTRIA E COMERCIO S/A,SÃO PAULO,4.717e+06,19798,2005-09-16 00:00:00,2014-09-10 00:00:00,Têxtil e Vestuário,PRIVADO,SEDE,SP
ATIVO,14.388.334/0001-99,PARANA BANCO S.A.,CURITIBA,8.04201e+07,20729,2007-06-11 00:00:00,2007-06-11 00:00:00,Bancos,PRIVADO,SEDE,PR
CANCELADA,76.527.951/0001-85,PARANA EQUIPAMENTOS SA,CURITIBA,8.16902e+07,9385,1977-07-20 00:00:00,2000-10-16 00:00:00,"Máquinas, Equipamentos, Veículos e Peças",PRIVADO,SEDE,PR
CANCELADA,01.086.706/0001-80,PARANA SHOPPING ADM DE BENS SA,CURITIBA,8.00203e+07,15547,1996-05-09 00:00:00,2001-09-03 00:00:00,Emp. Adm. Participações,PRIVADO,SEDE,PR
ATIVO,60.398.369/0004-79,PARANAPANEMA S.A. - EM RECUPERAÇÃO JUDICIAL,DIAS D'ÁVILA,4.285e+07,9393,1977-07-20 00:00:00,1977-07-20 00:00:00,Metalurgia e Siderurgia,PRIVADO,SEDE,BA
ATIVO,60.398.369/0004-79,PARANAPANEMA S.A. - EM RECUPERAÇÃO JUDICIAL,DIAS D'ÁVILA,4.285e+07,9393,1977-07-20 00:00:00,1977-07-20 00:00:00,Metalurgia e Siderurgia,PRIVADO,SEDE,BA
ATIVO,00.185.475/0001-08,PARCOM PARTICIPACOES SA EM LIQUIDACAO,RIO DE JANEIRO,2.002e+07,14680,1994-12-22 00:00:00,1994-12-22 00:00:00,Emp. Adm. Part. - Telecomunicações,PRIVADO HOLDING,SEDE,RJ
CANCELADA,67.645.952/0001-33,PARINCORP SA,SÃO PAULO,4.71791e+06,14486,1994-07-11 00:00:00,1998-09-23 00:00:00,Emp. Adm. Participações,PRIVADO,SEDE,SP
CANCELADA,89.940.878/0001-10,PARMALAT BRASIL S.A  IND DE  ALIMENTOS.,SÃO PAULO,1.451e+06,12580,1985-12-30 00:00:00,2010-02-11 00:00:00,Alimentos,PRIVADO,SEDE,SP
CANCELADA,00.159.138/0001-38,PARNASSA SA,SÃO PAULO,1.3119e+06,14729,1995-01-04 00:00:00,2000-01-03 00:00:00,Emp. Adm. Participações,PRIVADO HOLDING,SEDE,SP
CANCELADA,02.783.424/0001-03,PARQUES TEMÁTICO HOPI HARI S.A,SÃO PAULO,1.141e+06,18058,1998-12-09 00:00:00,2002-09-27 00:00:00,Emp. Adm. Participações,PRIVADO HOLDING,SEDE,SP
ATIVO,44.854.238/0001-50,PARSAN S.A.,SÃO PAULO,1.452e+06,27448,2024-02-02 00:00:00,2024-02-02 00:00:00,"Saneamento, Serv. Água e Gás",PRIVADO,SEDE,SP
CANCELADA,02.022.558/0001-01,PARTICIP. E EMPREEND. REPUBLICA SA,SÃO PAULO,1.4072e+06,18201,1999-04-07 00:00:00,2007-04-09 00:00:00,Serviços Transporte e Logística,PRIVADO,SEDE,SP
CANCELADA,00.635.156/0001-49,PARTICIPAÇÕES ABC SA,SÃO PAULO,1.03701e+06,14958,1995-07-20 00:00:00,2010-01-04 00:00:00,Emp. Adm. Part. - Comércio (Atacado e Varejo),PRIVADO,SEDE,SP
CANCELADA,14.308.514/0001-13,PARTICIPAÇÕES INDUST. DO NORDESTE S.A.,SALVADOR,4.0015e+07,1597,1983-12-12 00:00:00,2021-08-05 00:00:00,Emp. Adm. Part. - Sem Setor Principal,PRIVADO HOLDING,SEDE,BA
CANCELADA,11.995.753/0001-09,PASCRO PARTICIPAÇÕES S/A,RIO DE JANEIRO,2.004e+07,22209,2010-10-22 00:00:00,2014-07-16 00:00:00,Emp. Adm. Part. - Sem Setor Principal,PRIVADO,SEDE,RJ
CANCELADA,01.258.947/0001-60,PATÍ DO ALFERES PARTICIPAÇÕES S.A.,SÃO PAULO,4.5389e+06,15911,1996-12-05 00:00:00,2002-01-17 00:00:00,Emp. Adm. Participações,PRIVADO HOLDING,SEDE,SP
CANCELADA,12.668.780/0001-21,PATMOS PARTICIPAÇÕES S/A,SÃO PAULO,4.53813e+06,22748,2012-02-13 00:00:00,2013-12-31 00:00:00,Emp. Adm. Part. - Sem Setor Principal,PRIVADO HOLDING,SEDE,SP
CANCELADA,02.533.576/0001-40,PÁTRIA INVESTIMENTOS IMOBILIÁRIOS S.A.,SÃO PAULO,1.452e+06,17744,1998-09-10 00:00:00,2008-02-22 00:00:00,Emp. Adm. Part. - Crédito Imobiliário,PRIVADO,SEDE,SP
ATIVO,23.236.821/0001-27,PATRIMAR ENGENHARIA S.A.,BELO HORIZONTE,3.03208e+07,25305,2020-11-10 00:00:00,2020-11-10 00:00:00,"Construção Civil, Mat. Constr. e Decoração",PRIVADO,SEDE,MG
ATIVO,83.475.913/0001-91,PBG S/A,FLORIANÓPOLIS,8.8032e+07,13773,1991-01-04 00:00:00,1991-01-04 00:00:00,"Construção Civil, Mat. Constr. e Decoração",PRIVADO,SEDE,SC
ATIVO,09.538.973/0001-53,PDG COMPANHIA SECURITIZADORA,SÃO PAULO,4.548e+06,21644,2008-10-03 00:00:00,2008-10-03 00:00:00,Securitização de Recebíveis,PRIVADO,SEDE,SP
ATIVO,02.950.811/0001-89,PDG REALTY S.A. EMPREEND E PARTICIPACOES,SÃO PAULO,4.548e+06,20478,2007-01-23 00:00:00,2007-01-23 00:00:00,"Emp. Adm. Part. - Const. Civil, Mat. Const. e Decoração",PRIVADO,SEDE,SP
CANCELADA,02.762.122/0001-40,PEARSON SISTEMAS DO BRASIL S.A.,SÃO PAULO,4.101e+06,17906,1998-11-09 00:00:00,2011-03-17 00:00:00,Educação,PRIVADO,SEDE,SP
CANCELADA,10.782.175/0001-51,PEIXE SA,SÃO PAULO,1.3113e+06,12092,1984-11-28 00:00:00,2001-03-14 00:00:00,Alimentos,PRIVADO,SEDE,SP
CANCELADA,86.547.619/0001-36,PERDIGAO AGROINDUSTRIAL SA,SÃO PAULO,5.349e+06,9466,1977-07-20 00:00:00,1997-09-12 00:00:00,Emp. Adm. Participações,PRIVADO,SEDE,SP
CANCELADA,82.829.730/0001-64,PERDIGAO AGROINDUSTRIAL SA,SÃO PAULO,5.349e+06,9440,1980-11-10 00:00:00,1995-12-18 00:00:00,Alimentos,PRIVADO,SEDE,SP
CANCELADA,89.421.903/0001-50,PERDIGAO AGROINDUSTRIAL SA,SÃO PAULO,5.349e+06,9431,1981-12-04 00:00:00,1995-11-23 00:00:00,Alimentos,PRIVADO,SEDE,SP
CANCELADA,84.583.616/0001-22,PERDIGAO COUROS SA,JOAÇABA,8.96e+07,9458,1979-11-27 00:00:00,1985-08-05 00:00:00,Têxtil e Vestuário,PRIVADO,SEDE,SC
CANCELADA,13.878.847/0001-15,PERDIZES - SECURITIZADORA DE RECEBÍVEIS COMERCIAIS S.A.,SÃO PAULO,5.00801e+06,24074,2017-01-31 00:00:00,2018-10-08 00:00:00,Securitização de Recebíveis,PRIVADO,SEDE,SP
CANCELADA,12.592.795/0001-53,PERENCO PETRÓLEO E GÁS DO BRASIL PARTICIPAÇÕES S/A,RIO DE JANEIRO,2.22902e+07,22527,2011-06-29 00:00:00,2011-10-20 00:00:00,Petróleo e Gás,ESTRANGEIRO,SEDE,RJ
CANCELADA,04.911.095/0001-56,PERFUMARIAS PHEBO SA,BELÉM,6.6e+07,9474,1971-01-01 00:00:00,1990-07-20 00:00:00,Farmacêutico e Higiene,PRIVADO,SEDE,PA
CANCELADA,02.534.914/0001-68,PERNAMBUCO PARTIC  INVEST. SA,RECIFE,5.00102e+07,17515,1998-07-16 00:00:00,1999-06-09 00:00:00,"Máquinas, Equipamentos, Veículos e Peças",ESTATAL,SEDE,PE
CANCELADA,61.403.960/0001-97,PERSIANAS COLUMBIA SA,SÃO PAULO,4.202e+06,9482,1971-07-16 00:00:00,1992-09-14 00:00:00,Metalurgia e Siderurgia,PRIVADO,SEDE,SP
CANCELADA,61.091.013/0001-08,PERSICO PIZZAMIGLIO SA,GUARULHOS,7.2109e+06,9490,1980-02-13 00:00:00,2010-01-04 00:00:00,Metalurgia e Siderurgia,PRIVADO,SEDE,SP
CANCELADA,61.999.314/0001-34,PESCANOVA SA COM IND,NITERÓI,2.405e+07,9504,1972-03-24 00:00:00,1986-06-18 00:00:00,Pesca,PRIVADO,SEDE,RJ
CANCELADA,18.328.118/0001-09,PET CENTER COMÉRCIO E PARTICIPAÇÕES S.A.,SÃO PAULO,3.03504e+06,25089,2020-09-09 00:00:00,2026-05-14 00:00:00,Comércio (Atacado e Varejo),PRIVADO,SEDE,SP
CANCELADA,18.328.118/0001-09,PET CENTER COMÉRCIO E PARTICIPAÇÕES S.A.,SÃO PAULO,3.03504e+06,25089,2020-09-09 00:00:00,2026-05-14 00:00:00,Comércio (Atacado e Varejo),PRIVADO,SEDE,SP
CANCELADA,02.031.413/0001-69,PETRO RIO JAGUAR PETRÓLEO S.A.,RIO DE JANEIRO,2.225e+07,27200,2023-06-02 00:00:00,2025-01-31 00:00:00,Petróleo e Gás,PRIVADO,SEDE,RJ
CANCELADA,33.795.055/0001-94,PETROBRAS QUÍMICA S.A.- PETROQUISA,RIO DE JANEIRO,2.00312e+07,13595,1989-11-28 00:00:00,2006-11-08 00:00:00,Emp. Adm. Part. - Petroquímicos e Borracha,ESTATAL HOLDING,SEDE,RJ
CANCELADA,29.667.227/0001-77,PETROFLEX INDÚSTRIA E COMÉRCIO S.A.,RIO DE JANEIRO,2.26401e+07,13994,1992-05-08 00:00:00,2008-10-31 00:00:00,Petroquímicos e Borracha,PRIVADO,SEDE,RJ
ATIVO,33.000.167/0001-01,PETRÓLEO BRASILEIRO  S.A.  - PETROBRAS,RIO DE JANEIRO,2.00312e+07,9512,1977-07-20 00:00:00,1977-07-20 00:00:00,Petróleo e Gás,ESTATAL HOLDING,SEDE,RJ
ATIVO,33.000.167/0001-01,PETRÓLEO BRASILEIRO  S.A.  - PETROBRAS,RIO DE JANEIRO,2.00312e+07,9512,1977-07-20 00:00:00,1977-07-20 00:00:00,Petróleo e Gás,ESTATAL HOLDING,SEDE,RJ
ATIVO,07.275.159/0001-68,PETROLEO LUB DO NORDESTE SA,FORTALEZA,6.01803e+07,9520,1975-10-24 00:00:00,1975-10-24 00:00:00,Petróleo e Gás,PRIVADO,SEDE,CE
CANCELADA,74.043.993/0001-15,PETROPAR EMBALAGENS SA,HORIZONTE,6.288e+07,18090,1998-12-11 00:00:00,2001-04-18 00:00:00,Embalagens,PRIVADO,SEDE,CE
CANCELADA,61.632.964/0001-47,PETROQUIMICA UNIAO SA,SANTO ANDRÉ,9.2709e+06,14494,1994-07-12 00:00:00,2008-12-16 00:00:00,Petroquímicos e Borracha,PRIVADO,SEDE,SP
ATIVO,03.342.704/0001-30,PETRORECÔNCAVO S.A.,MATA DE SÃO JOÃO,4.828e+07,25780,2021-04-30 00:00:00,2021-04-30 00:00:00,Emp. Adm. Part. - Petróleo e Gás,PRIVADO,SEDE,BA
ATIVO,88.613.658/0001-10,PETTENATI S.A. INDUSTRIA TEXTIL,CAXIAS DO SUL,9.50106e+07,9539,1981-02-04 00:00:00,1981-02-04 00:00:00,Têxtil e Vestuário,PRIVADO,SEDE,RS
CANCELADA,50.280.429/0001-58,PEVE PREDIOS SA,SÃO PAULO,1.31092e+06,9555,1983-09-29 00:00:00,2003-01-30 00:00:00,Emp. Adm. Participações,PRIVADO,SEDE,SP
CANCELADA,04.364.656/0001-44,PEVÊ-FINASA PARTICIPAÇÕES E PRÉDIOS S.A.,SÃO PAULO,1.31092e+06,19038,2001-08-31 00:00:00,2003-01-30 00:00:00,Emp. Adm. Participações,PRIVADO,SEDE,SP
CANCELADA,43.834.795/0001-46,PHILIP MORRIS BRASILEIRA SA,CURITIBA,8e+07,9563,1982-09-22 00:00:00,1986-10-09 00:00:00,Bebidas e Fumo,ESTRANGEIRO,SEDE,PR
CANCELADA,00.108.813/0001-08,PILCOMAYO PARTICIPACOES SA,SÃO PAULO,5.8049e+06,14630,1994-11-22 00:00:00,2002-01-17 00:00:00,Emp. Adm. Participações,PRIVADO,SEDE,SP
CANCELADA,33.078.585/0001-11,PINA INTERC COML INDL PESCA SA,BELÉM,6.6825e+07,9571,1981-05-20 00:00:00,2010-01-04 00:00:00,Pesca,PRIVADO,SEDE,PA
CANCELADA,61.182.606/0001-80,PINCEIS TIGRE SA,SÃO PAULO,5.113e+06,9580,1973-10-29 00:00:00,1988-02-09 00:00:00,Outras Atividades Industriais,PRIVADO,SEDE,SP
CANCELADA,05.918.309/0001-89,PIPA CIA SECURITIZADORA DE CRÉDITOS IMOBILIÁRIOS,SÃO PAULO,1.451e+06,19518,2004-02-16 00:00:00,2017-01-17 00:00:00,Securitização de Recebíveis,PRIVADO,SEDE,SP
CANCELADA,02.387.233/0001-14,PIRAJU PARTICIPACOES SA,SÃO PAULO,4.5389e+06,17477,1998-07-02 00:00:00,2001-09-06 00:00:00,Emp. Adm. Participações,PRIVADO HOLDING,SEDE,SP
CANCELADA,61.105.730/0001-41,PIRAMIDES BRASILIA SA IC,CANOAS,9.201e+07,9598,1963-01-22 00:00:00,2005-12-20 00:00:00,Petroquímicos e Borracha,PRIVADO,SEDE,RS
CANCELADA,61.150.751/0001-89,PIRELLI CABOS SA,SANTO ANDRÉ,9.1109e+06,9601,1969-11-12 00:00:00,2000-12-05 00:00:00,"Máquinas, Equipamentos, Veículos e Peças",ESTRANGEIRO,SEDE,SP
CANCELADA,59.179.838/0001-37,PIRELLI PNEUS SA,SANTO ANDRÉ,9.11134e+06,13358,1988-09-14 00:00:00,2000-12-05 00:00:00,Petroquímicos e Borracha,ESTRANGEIRO,SEDE,SP
CANCELADA,78.229.309/0001-45,PISA-PAPEL DE IMPRENSA SA,JAGUARIAÍVA,8.42e+07,13730,1990-11-01 00:00:00,2001-09-28 00:00:00,Papel e Celulose,PRIVADO,SEDE,PR
CANCELADA,33.679.797/0001-54,PJBANK SECURITIZADORA S.A.,CAMPINAS,1.30324e+07,24791,2019-10-04 00:00:00,2022-06-30 00:00:00,Securitização de Recebíveis,PRIVADO,SEDE,SP
CANCELADA,07.587.384/0001-30,PLANETA SECURITIZADORA S.A.,SÃO PAULO,4.54405e+06,20222,2006-07-28 00:00:00,2022-06-30 00:00:00,Securitização de Recebíveis,PRIVADO,SEDE,SP
ATIVO,24.230.275/0001-80,PLANO & PLANO DESENVOLVIMENTO IMOBILIÁRIO S.A.,SÃO PAULO,5.5019e+06,25070,2020-09-04 00:00:00,2020-09-04 00:00:00,"Construção Civil, Mat. Constr. e Decoração",PRIVADO,SEDE,SP
ATIVO,51.928.174/0001-50,PLASCAR PARTICIPAÇÕES INDUSTRIAIS S.A,JUNDIAÍ,1.3213e+07,13471,1989-04-19 00:00:00,1989-04-19 00:00:00,"Emp. Adm. Part. - Máqs., Equip., Veíc. e Peças",PRIVADO,SEDE,SP
ATIVO,49.703.913/0001-63,PLATÃO CAPITAL S.A.,SÃO PAULO,1.3102e+06,27995,2026-01-27 00:00:00,2026-01-27 00:00:00,Emp. Adm. Part. - Energia Elétrica,PRIVADO,SEDE,SP
CANCELADA,02.736.471/0001-98,PLATYPUS SA,SÃO PAULO,1.452e+06,18244,1999-05-04 00:00:00,2007-07-06 00:00:00,Emp. Adm. Part. - Serviços médicos,ESTRANGEIRO,SEDE,SP
CANCELADA,12.610.072/0001-30,PLAY BEVERAGE SOUTH AMERICA SA,ITAJAÍ,8.83073e+07,22900,2012-08-10 00:00:00,2014-05-15 00:00:00,Emp. Adm. Part. - Sem Setor Principal,PRIVADO,SEDE,SC
CANCELADA,40.446.476/0001-75,PLAYBANCO SECURITIZADORA S.A,SÃO CAETANO DO SUL,9.58145e+06,26042,2021-07-21 00:00:00,2022-06-01 00:00:00,Securitização de Recebíveis,PRIVADO HOLDING,SEDE,SP
CANCELADA,00.643.535/0001-80,PLAYCENTER SA,SÃO PAULO,1.141e+06,14907,1995-06-16 00:00:00,2002-08-08 00:00:00,Emp. Adm. Participações,PRIVADO,SEDE,SP
CANCELADA,02.395.548/0001-03,POCONÉ PARTICIPAÇÕES SA,SÃO PAULO,4.5389e+06,17469,1998-07-02 00:00:00,2003-01-30 00:00:00,Emp. Adm. Participações,PRIVADO HOLDING,SEDE,SP
CANCELADA,13.545.769/0001-37,POLIALDEN PETROQUIMICA SA,CAMAÇARI,4.281e+07,9636,1974-11-13 00:00:00,2006-05-31 00:00:00,Petroquímicos e Borracha,PRIVADO,SEDE,BA
CANCELADA,15.145.691/0001-99,"POLIFLEX DA BAHIA S.A INDUSTRIA, COMERCIO E EXPORTAÇÃO",SALVADOR,4.0352e+07,9644,1977-10-20 00:00:00,2008-11-03 00:00:00,Petroquímicos e Borracha,PRIVADO,SEDE,BA
CANCELADA,34.230.979/0001-06,POLIMIX CONCRETO S/A,BARUERI,6.4e+06,6777,1980-06-27 00:00:00,1988-06-08 00:00:00,"Construção Civil, Mat. Constr. e Decoração",PRIVADO,SEDE,SP
CANCELADA,62.336.946/0001-80,POLIOLEFINAS SA,SÃO PAULO,4.717e+06,9660,1982-05-28 00:00:00,1988-08-17 00:00:00,Petroquímicos e Borracha,PRIVADO,SEDE,SP
CANCELADA,01.391.425/0001-31,POLIPROPILENO PARTICIPACOES S.A.,SÃO PAULO,1.45292e+06,15997,1996-12-26 00:00:00,2005-12-15 00:00:00,Emp. Adm. Part. - Petroquímicos e Borracha,PRIVADO,SEDE,SP
CANCELADA,13.604.087/0001-58,POLIPROPILENO SA,MAUÁ,9.3809e+06,9679,1984-02-15 00:00:00,2005-12-15 00:00:00,Petroquímicos e Borracha,PRIVADO,SEDE,SP
CANCELADA,13.603.683/0001-13,POLITENO IND E COMERCIO SA,CAMAÇARI,4.281e+07,9687,1987-06-05 00:00:00,2007-04-02 00:00:00,Petroquímicos e Borracha,PRIVADO,SEDE,BA
CANCELADA,16.490.039/0001-74,POLITENO LINEAR IND E COM SA,CAMAÇARI,4.281e+07,14141,1993-06-29 00:00:00,1997-06-26 00:00:00,Petroquímicos e Borracha,PRIVADO,SEDE,BA
CANCELADA,12.261.588/0001-16,POLO CAPITAL SECURITIZADORA S/A,RIO DE JANEIRO,2.244e+07,22160,2010-09-22 00:00:00,2022-10-07 00:00:00,Securitização de Recebíveis,PRIVADO HOLDING,SEDE,RJ
CANCELADA,71.722.607/0001-23,POLONIA PARTICIPACOES SA,SÃO PAULO,4.53891e+06,14192,1993-09-22 00:00:00,2002-06-03 00:00:00,Emp. Adm. Participações,PRIVADO HOLDING,SEDE,SP
ATIVO,59.789.545/0001-71,POLPAR S.A.,SÃO PAULO,1.45292e+06,13447,1989-03-03 00:00:00,1989-03-03 00:00:00,Emp. Adm. Part. - Sem Setor Principal,PRIVADO,SEDE,SP
CANCELADA,90.025.214/0001-05,POLYMAX INFORMATICA SA,SÃO PAULO,1.501e+06,12041,1984-11-06 00:00:00,2006-03-21 00:00:00,"Máquinas, Equipamentos, Veículos e Peças",PRIVADO,SEDE,SP
CANCELADA,09.126.970/0001-02,POLYNOR SA IC FIBS SINTS DA PB,SÃO PAULO,3.016e+06,9695,1971-09-30 00:00:00,2005-03-22 00:00:00,Têxtil e Vestuário,PRIVADO,SEDE,SP
CANCELADA,68.271.295/0001-74,PONTUAL LEASING SA ARREND MERC,BARUERI,6.46011e+06,14087,1993-01-18 00:00:00,2006-07-18 00:00:00,Arrendamento Mercantil,PRIVADO,SEDE,SP
CANCELADA,85.459.691/0001-49,PORCELANA SCHMIDT SA,CAMPO LARGO,8.36045e+07,9709,1968-11-13 00:00:00,2001-05-28 00:00:00,Extração Mineral,PRIVADO,SEDE,PR
CANCELADA,01.376.634/0001-06,PORTHAL DO LAGO SA,CURITIBA,8.023e+07,15750,1996-09-19 00:00:00,2002-02-08 00:00:00,"Construção Civil, Mat. Constr. e Decoração",PRIVADO,SEDE,PR
CANCELADA,40.997.635/0001-20,PORTO DE VITÓRIA COMPANHIA SECURITIZADORA DE CRÉDITOS FINANCEIROS S.A.,SÃO PAULO,4.53301e+06,26239,2021-09-29 00:00:00,2025-12-23 00:00:00,Securitização de Recebíveis,PRIVADO,SEDE,SP
ATIVO,85.041.333/0001-11,PORTO PONTA DO FELIX S/A,ANTONINA,8.33714e+07,15407,1996-02-27 00:00:00,1996-02-27 00:00:00,Serviços Transporte e Logística,PRIVADO,SEDE,PR
ATIVO,46.573.272/0001-81,PORTO SAÚDE PARTICIPAÇÕES S.A.,SÃO PAULO,1.205e+06,27618,2024-08-16 00:00:00,2024-08-16 00:00:00,Emp. Adm. Part. - Serviços médicos,PRIVADO,SEDE,SP
ATIVO,02.149.205/0001-69,PORTO SEGURO SA,SÃO PAULO,1.21601e+06,16659,1997-11-28 00:00:00,1997-11-28 00:00:00,Seguradoras e Corretoras,PRIVADO,SEDE,SP
ATIVO,51.430.503/0001-38,PORTO SERVIÇO S.A,BARUERI,6.454e+06,27600,2024-08-16 00:00:00,2024-08-16 00:00:00,Emp. Adm. Part. - Sem Setor Principal,PRIVADO,SEDE,SP
ATIVO,18.494.485/0001-82,PORTO SUDESTE V.M. S.A.,ITAGUAÍ,2.38266e+07,23523,2014-11-11 00:00:00,2014-11-11 00:00:00,Emp. Adm. Part. - Serviços Transporte e Logística,PRIVADO,SEDE,RJ
ATIVO,04.912.242/0001-02,PORTUENSE FERRAGENS S/A,BELÉM,6.60237e+07,9717,1977-07-20 00:00:00,2001-03-31 00:00:00,"Construção Civil, Mat. Constr. e Decoração",PRIVADO,SEDE,PA
CANCELADA,10.846.981/0001-46,PORTX OPERAÇÕES PORTUÁRIAS S.A.,RIO DE JANEIRO,2.22109e+07,21776,2009-09-25 00:00:00,2012-07-11 00:00:00,Emp. Adm. Part. - Serviços Transporte e Logística,ESTRANGEIRO,SEDE,RJ
ATIVO,81.243.735/0001-48,POSITIVO TECNOLOGIA S.A.,CURITIBA,8.135e+07,20362,2006-12-06 00:00:00,2006-12-06 00:00:00,Comunicação e Informática,PRIVADO,SEDE,PR
CANCELADA,60.333.085/0001-51,POTENZA LEASING ARREND MERC SA,BARUERI,6.4739e+06,13978,1992-03-27 00:00:00,1998-05-12 00:00:00,Arrendamento Mercantil,PRIVADO,SEDE,SP
CANCELADA,11.306.912/0001-02,POTHENCIA S/A - REFLORESTADORA,CAMPO GRANDE,7.90213e+07,22152,2010-09-21 00:00:00,2012-08-01 00:00:00,Reflorestamento,PRIVADO,SEDE,MS
CANCELADA,62.255.682/0001-30,PPE FIOS ESMALTADOS SA,CERQUILHO,1.852e+07,21083,2007-09-10 00:00:00,2010-03-12 00:00:00,"Máquinas, Equipamentos, Veículos e Peças",PRIVADO,SEDE,SP
CANCELADA,10.747.021/0001-29,PRÁTICA PARTICIPAÇÕES S.A.,POUSO ALEGRE,3.755e+07,23728,2015-10-09 00:00:00,2017-12-31 00:00:00,"Emp. Adm. Part. - Máqs., Equip., Veíc. e Peças",PRIVADO HOLDING,SEDE,MG
ATIVO,08.574.411/0001-00,PRÁTICA PRODUTOS S.A.,POUSO ALEGRE,3.75561e+07,24546,2018-09-27 00:00:00,2018-09-27 00:00:00,"Emp. Adm. Part. - Máqs., Equip., Veíc. e Peças",PRIVADO,SEDE,MG
CANCELADA,32.110.314/0001-33,PREDILETO ALIMENTOS SA,CANOAS,9.22002e+07,14010,1992-08-03 00:00:00,2011-12-19 00:00:00,Alimentos,PRIVADO,SEDE,RS
CANCELADA,61.142.469/0001-50,PREMESA SA IND E COMERCIO,SÃO PAULO,1.45292e+06,9725,1972-08-10 00:00:00,1994-10-05 00:00:00,Metalurgia e Siderurgia,PRIVADO,SEDE,SP
CANCELADA,02.396.693/0001-09,PRH9 PRODUÇÕES SA,SÃO PAULO,6.453e+06,18163,1999-02-26 00:00:00,2001-02-06 00:00:00,Serviços Diversos,PRIVADO,SEDE,SP
ATIVO,18.593.815/0001-97,PRINER SERVIÇOS INDUSTRIAIS S.A.,RIO DE JANEIRO,2.26401e+07,24236,2017-10-02 00:00:00,2017-10-02 00:00:00,"Construção Civil, Mat. Constr. e Decoração",PRIVADO,SEDE,RJ
ATIVO,18.593.815/0001-97,PRINER SERVIÇOS INDUSTRIAIS S.A.,RIO DE JANEIRO,2.26401e+07,24236,2017-10-02 00:00:00,2017-10-02 00:00:00,"Construção Civil, Mat. Constr. e Decoração",PRIVADO,SEDE,RJ
CANCELADA,08.926.302/0001-05,PRIO FORTE S.A.,RIO DE JANEIRO,2.225e+07,23493,2014-09-17 00:00:00,2023-03-09 00:00:00,Petróleo e Gás,PRIVADO,SEDE,RJ
ATIVO,08.926.302/0001-05,PRIO FORTE S.A.,RIO DE JANEIRO,2.225e+07,27740,2024-12-19 00:00:00,2024-12-19 00:00:00,Petróleo e Gás,PRIVADO,SEDE,RJ
ATIVO,10.629.105/0001-68,PRIO S.A.,RIO DE JANEIRO,2.225e+07,22187,2010-10-21 00:00:00,2010-10-21 00:00:00,Petróleo e Gás,PRIVADO HOLDING,SEDE,RJ
CANCELADA,10.464.223/0001-63,PRIVALIA BRASIL S.A.,SÃO PAULO,4.72616e+06,25941,2021-06-18 00:00:00,2022-07-26 00:00:00,Comércio (Atacado e Varejo),PRIVADO,SEDE,SP
CANCELADA,03.587.889/0001-43,PRIVATINVEST PARTICIPAÇÕES SA,RIO DE JANEIRO,2.004e+07,18635,2000-03-14 00:00:00,2011-08-31 00:00:00,Emp. Adm. Part. - Sem Setor Principal,PRIVADO,SEDE,RJ
CANCELADA,56.994.924/0001-05,PRÓ METALURGIA SA - EM LIQUIDAÇÃO EXTRAJUDICIAL,ITATIBA,1.32512e+07,1686,1982-02-11 00:00:00,2021-08-09 00:00:00,"Máquinas, Equipamentos, Veículos e Peças",PRIVADO,SEDE,SP
ATIVO,02.291.077/0001-93,PRODUTORES ENERGET.DE MANSO S.A.- PROMAN,RIO DE JANEIRO,2.2461e+07,19232,2002-02-07 00:00:00,2002-02-07 00:00:00,Energia Elétrica,PRIVADO,SEDE,RJ
CANCELADA,61.141.982/0001-26,PRODUTOS QUIMICOS ELEKEIROZ SA,SÃO PAULO,1.41591e+06,9750,1969-11-04 00:00:00,1995-04-12 00:00:00,Petroquímicos e Borracha,PRIVADO,SEDE,SP
ATIVO,45.453.214/0001-51,PROFARMA DISTRIB PROD FARMACEUTICOS S.A.,RIO DE JANEIRO,2.27751e+07,20346,2006-10-24 00:00:00,2006-10-24 00:00:00,Comércio (Atacado e Varejo),PRIVADO HOLDING,SEDE,RJ
ATIVO,02.382.073/0001-10,PROLAGOS S/A - CONC.DE SERVICOS PÚBLICOS DE ÁGUA E ESGOTO,SÃO PEDRO DA ALDEIA,2.89488e+07,23469,2014-08-11 00:00:00,2014-08-11 00:00:00,"Saneamento, Serv. Água e Gás",PRIVADO,SEDE,RJ
CANCELADA,61.391.603/0001-56,PROMETAL PRODS METALURGICOS SA,SÃO PAULO,1.404e+06,9768,1980-09-17 00:00:00,2005-03-22 00:00:00,Metalurgia e Siderurgia,PRIVADO,SEDE,SP
CANCELADA,01.394.549/0001-70,PROMOAUTO PARTICIPAÇÕES SA,TAUBATÉ,1.2042e+07,15970,1996-12-12 00:00:00,2003-01-16 00:00:00,Emp. Adm. Participações,ESTRANGEIRO HOLDING,SEDE,SP
CANCELADA,61.095.923/0001-69,PROMON ENGENHARIA SA,SÃO PAULO,4.543e+06,9776,1980-09-12 00:00:00,1988-09-29 00:00:00,"Construção Civil, Mat. Constr. e Decoração",PRIVADO,SEDE,SP
CANCELADA,55.737.514/0001-16,PROMON TECNOLOGIA SA,SÃO PAULO,4.543e+06,13293,1988-03-30 00:00:00,1990-08-16 00:00:00,Emp. Adm. Participações,PRIVADO,SEDE,SP
ATIVO,02.992.449/0001-09,PROMPT PARTICIPAÇÕES S.A.,RIO DE JANEIRO,2.002e+07,18333,1999-06-18 00:00:00,1999-06-18 00:00:00,Emp. Adm. Part. - Sem Setor Principal,PRIVADO HOLDING,SEDE,RJ
CANCELADA,13.552.070/0001-02,PRONOR PETROQUIMICA SA,SIMÕES FILHO,4.37e+07,9784,1976-12-23 00:00:00,2011-05-16 00:00:00,Emp. Adm. Part. - Embalagens,PRIVADO,SEDE,BA
CANCELADA,62.794.516/0001-02,PROPASA PRODS DE PAPEL SA,SÃO PAULO,4.342e+06,9792,1982-06-30 00:00:00,2007-08-07 00:00:00,Gráficas e Editoras,PRIVADO,SEDE,SP
CANCELADA,33.496.563/0001-71,PROSPEC SA PROSPECCAO AEROLEV,RIO DE JANEIRO,2.001e+07,9814,1977-07-20 00:00:00,1990-10-09 00:00:00,Serviços Diversos,PRIVADO,SEDE,RJ
CANCELADA,12.498.904/0001-78,PROVIDAX PARTICIPAÇÕES S/A,SÃO PAULO,1.044e+06,22314,2010-12-23 00:00:00,2014-07-30 00:00:00,Emp. Adm. Part. - Sem Setor Principal,PRIVADO HOLDING,SEDE,SP
CANCELADA,08.741.499/0001-08,PRUMO LOGÍSTICA S.A.,RIO DE JANEIRO,2.221e+07,21482,2008-06-12 00:00:00,2018-05-04 00:00:00,Serviços Transporte e Logística,PRIVADO HOLDING,SEDE,RJ
CANCELADA,84.496.066/0001-04,PST ELETRÔNICA SA,MANAUS,6.9075e+07,21679,2008-10-24 00:00:00,2010-07-20 00:00:00,"Máquinas, Equipamentos, Veículos e Peças",PRIVADO,SEDE,AM
CANCELADA,26.072.786/0001-46,QESTRA TECNOLOGIA ADMINISTRAÇÃO E PARTICIPAÇÕES S.A.,RIO DE JANEIRO,2.26409e+07,26816,2022-05-30 00:00:00,2025-07-29 00:00:00,Emp. Adm. Part. - Comunicação e Informática,PRIVADO,SEDE,RJ
CANCELADA,13.608.583/0001-80,QGN PARTICIPAÇÕES SA,FEIRA DE SANTANA,4.40636e+07,9857,1982-07-29 00:00:00,2012-08-14 00:00:00,Emp. Adm. Part. - Petroquímicos e Borracha,PRIVADO,SEDE,BA
ATIVO,11.992.680/0001-93,QUALICORP CONSULTORIA E CORRETORA DE SEGUROS S.A.,SÃO PAULO,1.311e+06,22497,2011-06-17 00:00:00,2011-06-17 00:00:00,Seguradoras e Corretoras,PRIVADO,SEDE,SP
ATIVO,35.791.391/0001-94,QUALITY SOFTWARE S.A.,RIO DE JANEIRO,2.02203e+07,23302,2013-12-03 00:00:00,2013-12-03 00:00:00,Emp. Adm. Part. - Comunicação e Informática,PRIVADO,SEDE,RJ
ATIVO,28.367.479/0001-18,QUANTUM PARTICIPAÇÕES S.A,SÃO PAULO,4.53e+06,27855,2025-07-15 00:00:00,2025-07-15 00:00:00,Emp. Adm. Part. - Energia Elétrica,PRIVADO,SEDE,SP
CANCELADA,04.705.090/0001-77,QUATTOR PETROQUÍMICA S.A.,SÃO PAULO,4.534e+06,19267,2002-03-25 00:00:00,2011-02-03 00:00:00,Petroquímicos e Borracha,PRIVADO,SEDE,SP
CANCELADA,07.205.768/0001-40,QUEIROZ COMERCIO E PARTS SA,FORTALEZA,6.0135e+07,9830,1977-07-20 00:00:00,1988-09-28 00:00:00,"Construção Civil, Mat. Constr. e Decoração",PRIVADO,SEDE,CE
CANCELADA,61.074.118/0001-59,QUIMBRASIL QUIM INDL BRAS SA,SÃO PAULO,5.804e+06,9849,1983-06-28 00:00:00,1990-10-09 00:00:00,Petroquímicos e Borracha,PRIVADO,SEDE,SP
CANCELADA,33.036.328/0001-17,QUIMIO PRODS QUIMICOS CI SA,RIO DE JANEIRO,2.096e+07,9873,1983-01-18 00:00:00,1989-06-14 00:00:00,Petroquímicos e Borracha,ESTRANGEIRO,SEDE,RJ
CANCELADA,96.736.806/0001-11,QUIMISINOS SA,FRANCA,1.44011e+07,9881,1984-12-13 00:00:00,2005-03-22 00:00:00,Petroquímicos e Borracha,PRIVADO,SEDE,SP
ATIVO,52.475.549/0001-36,R/HOLDINGS S.A.,SÃO PAULO,1.45292e+06,27685,2024-10-23 00:00:00,2024-10-23 00:00:00,Emp. Adm. Part. - Sem Setor Principal,PRIVADO,SEDE,SP
CANCELADA,06.260.897/0001-79,RACHID ABDALLA SA IND E COM,SÃO LUÍS,6.50356e+07,9903,1979-06-11 00:00:00,2006-03-21 00:00:00,Alimentos,PRIVADO,SEDE,MA
CANCELADA,33.643.305/0001-70,RACIMEC INFORMATICA BRAS SA,RIO DE JANEIRO,2.229e+07,13056,1986-10-09 00:00:00,1993-03-05 00:00:00,"Máquinas, Equipamentos, Veículos e Peças",PRIVADO,SEDE,RJ
CANCELADA,58.371.261/0001-06,RACINVEST INVS IMOBILIARIOS SA,SÃO PAULO,5.574e+06,13803,1991-04-24 00:00:00,1992-01-28 00:00:00,"Construção Civil, Mat. Constr. e Decoração",PRIVADO,SEDE,SP
CANCELADA,43.202.951/0001-56,RACIONAL ENGENHARIA SA,SÃO PAULO,5.574e+06,9911,1982-07-08 00:00:00,1987-11-23 00:00:00,"Construção Civil, Mat. Constr. e Decoração",PRIVADO,SEDE,SP
ATIVO,61.585.865/0001-51,RAIA DROGASIL S.A.,SÃO PAULO,5.3399e+06,5258,1977-07-20 00:00:00,1977-07-20 00:00:00,Comércio (Atacado e Varejo),PRIVADO,SEDE,SP
ATIVO,61.585.865/0001-51,RAIA DROGASIL S.A.,SÃO PAULO,5.3399e+06,5258,1977-07-20 00:00:00,1977-07-20 00:00:00,Comércio (Atacado e Varejo),PRIVADO,SEDE,SP
CANCELADA,60.605.664/0001-06,RAIA SA,SÃO PAULO,5.461e+06,22306,2010-12-16 00:00:00,2012-02-02 00:00:00,Emp. Adm. Part. - Farmacêutico e Higiene,PRIVADO,SEDE,SP
CANCELADA,01.529.589/0001-82,RAIL SUL SA,SÃO PAULO,1.45291e+06,15946,1996-12-05 00:00:00,2006-01-31 00:00:00,Emp. Adm. Part. - Sem Setor Principal,PRIVADO,SEDE,SP
ATIVO,08.070.508/0001-78,RAÍZEN ENERGIA S.A.,SÃO PAULO,4.53813e+06,23230,2013-10-21 00:00:00,2013-10-21 00:00:00,"Agricultura (Açúcar, Álcool e Cana)",PRIVADO,SEDE,SP
ATIVO,33.453.598/0001-23,RAÍZEN S.A.,RIO DE JANEIRO,2.26315e+07,25917,2021-05-28 00:00:00,2021-05-28 00:00:00,Comércio (Atacado e Varejo),PRIVADO,SEDE,RJ
CANCELADA,10.964.948/0001-10,RAN REF ACUCAR NORTE SA,JABOATÃO DOS GUARARAPES,5.43257e+07,9970,1977-07-20 00:00:00,2010-01-04 00:00:00,"Agricultura (Açúcar, Álcool e Cana)",PRIVADO,SEDE,PE
CANCELADA,10.523.280/0001-76,RANDON NORDESTE SA VEICS IMPLS,GUARULHOS,7.03401e+06,9938,1977-07-20 00:00:00,1996-02-16 00:00:00,"Máquinas, Equipamentos, Veículos e Peças",PRIVADO,SEDE,SP
CANCELADA,88.610.829/0001-57,RANDON SA VEICULOS IMPLEMENTOS,CAXIAS DO SUL,9.505e+07,9946,1977-07-20 00:00:00,1993-04-27 00:00:00,"Máquinas, Equipamentos, Veículos e Peças",PRIVADO,SEDE,RS
ATIVO,89.086.144/0001-16,RANDONCORP S.A.,CAXIAS DO SUL,9.5055e+07,14109,1993-02-05 00:00:00,1993-02-05 00:00:00,"Máquinas, Equipamentos, Veículos e Peças",PRIVADO,SEDE,RS
ATIVO,89.086.144/0001-16,RANDONCORP S.A.,CAXIAS DO SUL,9.5055e+07,14109,1993-02-05 00:00:00,1993-02-05 00:00:00,"Máquinas, Equipamentos, Veículos e Peças",PRIVADO,SEDE,RS
CANCELADA,94.789.468/0001-50,RASIP AGRO PASTORIL SA,VACARIA,9.52e+07,18279,1999-05-27 00:00:00,2013-07-16 00:00:00,"Agricultura (Açúcar, Álcool e Cana)",PRIVADO,SEDE,RS
CANCELADA,03.559.006/0001-91,RB CAPITAL SECURITIZADORA S.A.,SÃO PAULO,4.53813e+06,19860,2005-10-31 00:00:00,2019-12-31 00:00:00,Securitização de Recebíveis,PRIVADO,SEDE,SP
CANCELADA,02.221.531/0001-30,RDN CONCESSÕES E PARTICIPAÇÕES S.A.,PONTA GROSSA,8.40402e+07,19151,2001-11-12 00:00:00,2021-12-23 00:00:00,Serviços Transporte e Logística,PRIVADO,SEDE,PR
CANCELADA,10.452.416/0001-02,REAG CAPITAL HOLDING S.A.,SÃO PAULO,1.452e+06,26964,2022-09-27 00:00:00,2025-10-06 00:00:00,Emp. Adm. Part. - Sem Setor Principal,PRIVADO,SEDE,SP
CANCELADA,02.643.896/0001-52,REAL AI PIC SECURITIZADORA DE CREDITOS IMOBILIARIOS S.A.,SÃO PAULO,5.0012e+06,18430,1999-09-14 00:00:00,2023-02-01 00:00:00,Securitização de Recebíveis,PRIVADO,SEDE,SP
CANCELADA,02.670.203/0001-10,REAL CONSÓRCIO PART. S.A.(EM LIQUIDAÇÃO),SÃO PAULO,1.31092e+06,18023,1998-12-09 00:00:00,2002-01-14 00:00:00,Emp. Adm. Participações,PRIVADO,SEDE,SP
CANCELADA,02.670.204/0001-65,REAL HOLDINGS PART. S.A. (EM LIQUIDAÇÃO),SÃO PAULO,1.31092e+06,18007,1998-12-03 00:00:00,2002-01-14 00:00:00,Serviços Transporte e Logística,PRIVADO HOLDING,SEDE,SP
CANCELADA,28.154.847/0001-40,REALCAFE SOLUVEL DO BRASIL S/A,VIANA,2.91353e+07,9962,1977-07-20 00:00:00,2000-04-13 00:00:00,Alimentos,PRIVADO,SEDE,ES
CANCELADA,02.670.205/0001-00,REALPAR PARTICIPAÇÕES S.A-EM LIQUIDAÇÃO,SÃO PAULO,1.31092e+06,18015,1998-12-09 00:00:00,2002-01-14 00:00:00,Emp. Adm. Participações,PRIVADO,SEDE,SP
CANCELADA,01.430.815/0001-73,REASON S.A. COML. IMPORT. E EXPORTADORA,BARUERI,6.41008e+06,16519,1997-10-10 00:00:00,2001-02-05 00:00:00,Comércio (Atacado e Varejo),PRIVADO,SEDE,SP
CANCELADA,06.349.242/0001-71,REC 844 SECURITIZADORA DE CRÉDITOS IMOBILIÁRIOS S.A.,SÃO PAULO,4.54391e+06,19810,2005-10-10 00:00:00,2016-02-03 00:00:00,Securitização de Recebíveis,PRIVADO,SEDE,SP
CANCELADA,04.370.450/0001-27,REC SAO BERNARDO SECURITIZADORA DE CREDITOS IMOBILIARIOS S.A.,SÃO PAULO,4.54391e+06,19356,2002-12-30 00:00:00,2017-04-13 00:00:00,Securitização de Recebíveis,PRIVADO,SEDE,SP
ATIVO,91.333.666/0001-17,RECRUSUL SA,PORTO ALEGRE,9.02003e+07,12572,1985-12-20 00:00:00,1985-12-20 00:00:00,"Máquinas, Equipamentos, Veículos e Peças",PRIVADO,SEDE,RS
ATIVO,06.047.087/0001-39,REDE D'OR SÃO LUIZ S.A.,SÃO PAULO,3.313e+06,24821,2019-10-21 00:00:00,2019-10-21 00:00:00,Serviços Médicos,PRIVADO,SEDE,SP
ATIVO,61.584.140/0001-49,REDE ENERGIA PARTICIPAÇÕES S.A.,CATAGUASES,3.67709e+07,3190,1969-10-16 00:00:00,1969-10-16 00:00:00,Energia Elétrica,PRIVADO,SEDE,MG
CANCELADA,01.425.787/0001-04,REDECARD S/A,BARUERI,6.46004e+06,20893,2007-07-11 00:00:00,2012-10-18 00:00:00,Emp. Adm. Part. - Sem Setor Principal,PRIVADO,SEDE,SP
CANCELADA,01.425.787/0001-04,REDECARD S/A,BARUERI,6.46004e+06,20893,2007-07-11 00:00:00,2012-10-18 00:00:00,Emp. Adm. Part. - Sem Setor Principal,PRIVADO,SEDE,SP
CANCELADA,12.126.500/0001-53,REDENTOR ENERGIA S/A,BELO HORIZONTE,3.01909e+07,22128,2010-08-06 00:00:00,2016-01-19 00:00:00,Emp. Adm. Part. - Energia Elétrica,PRIVADO,SEDE,MG
CANCELADA,67.915.785/0001-01,REDFACTOR FACTORING E FOMENTO COML S/A,SÃO PAULO,1.454e+06,19496,2003-12-22 00:00:00,2011-05-16 00:00:00,Factoring,PRIVADO HOLDING,SEDE,SP
CANCELADA,40.180.943/0001-68,REFINARIA DE MANAUS S.A.,MANAUS,6.90721e+07,27308,2023-09-01 00:00:00,2024-09-10 00:00:00,Petróleo e Gás,PRIVADO,SEDE,AM
ATIVO,33.412.081/0001-96,REFINARIA DE PETRÓLEOS DE MANGUINHOS S.A. - EM RECUPERAÇÃO JUDICIAL,RIO DE JANEIRO,2.093e+07,9989,1970-05-14 00:00:00,1970-05-14 00:00:00,Petróleo e Gás,PRIVADO,SEDE,RJ
CANCELADA,94.845.674/0001-30,REFINARIA PET IPIRANGA SA,RIO GRANDE,9.62029e+07,9997,1963-08-11 00:00:00,2008-07-17 00:00:00,Petróleo e Gás,PRIVADO,SEDE,RS
ATIVO,10.319.900/0001-50,REGENERA RIO S.A.,SÃO PAULO,1.452e+06,26921,2022-08-25 00:00:00,2022-08-25 00:00:00,"Saneamento, Serv. Água e Gás",PRIVADO,SEDE,SP
CANCELADA,13.349.677/0001-81,REIT SECURITIZADORA S.A.,RIO DE JANEIRO,2.241e+07,22802,2012-05-10 00:00:00,2022-06-01 00:00:00,Securitização de Recebíveis,PRIVADO,SEDE,RJ
CANCELADA,47.349.535/0001-36,REMA SA,GUARULHOS,7.04e+06,10022,1983-02-22 00:00:00,1988-09-06 00:00:00,Têxtil e Vestuário,PRIVADO,SEDE,SP
CANCELADA,92.690.700/0001-73,RENNER HERRMANN SA,PORTO ALEGRE,9.101e+07,10030,1968-08-19 00:00:00,2002-08-12 00:00:00,Petroquímicos e Borracha,PRIVADO,SEDE,RS
CANCELADA,02.659.727/0001-00,RENNER PARTICIPAÇÕES SA,PORTO ALEGRE,9.00201e+07,17752,1998-09-15 00:00:00,2009-07-20 00:00:00,Emp. Adm. Part. - Intermediação Financeira,PRIVADO,SEDE,RS
CANCELADA,19.133.012/0001-12,RENOVA COMP. SECURITIZ. DE CRÉDITOS FINANC. S.A.,SÃO PAULO,1.3112e+06,23744,2015-10-22 00:00:00,2021-02-01 00:00:00,Securitização de Recebíveis,PRIVADO,SEDE,SP
ATIVO,08.534.605/0001-74,RENOVA ENERGIA S.A.,SÃO PAULO,4.578e+06,21636,2008-08-20 00:00:00,2008-08-20 00:00:00,Energia Elétrica,PRIVADO,SEDE,SP
CANCELADA,08.572.741/0001-59,REP REAL ESTATE PARTNERS DESENV IMOB SA,SÃO PAULO,4.534e+06,21539,2008-07-11 00:00:00,2012-08-13 00:00:00,Emp. Adm. Part. - Arrendamento Mercantil,PRIVADO,SEDE,SP
CANCELADA,02.363.917/0001-86,RET PARTICIPAÇÕES S/A,SÃO PAULO,5.407e+06,17337,1998-05-28 00:00:00,2018-06-11 00:00:00,Emp. Adm. Part. - Telecomunicações,PRIVADO,SEDE,SP
ATIVO,52.810.883/0001-07,REVEE MCO S.A.,SÃO PAULO,1.45292e+06,27561,2024-07-18 00:00:00,2024-07-18 00:00:00,Emp. Adm. Part. - Intermediação Financeira,PRIVADO HOLDING,SEDE,SP
ATIVO,52.841.191/0001-18,REVEE S.A.,SÃO PAULO,1.4519e+06,27650,2024-09-25 00:00:00,2024-09-25 00:00:00,Emp. Adm. Part. - Brinquedos e Lazer,PRIVADO,SEDE,SP
CANCELADA,29.506.474/0001-91,REXAM BEVERAGE CAN SOUTH AMERICA S.A.,RIO DE JANEIRO,2.0031e+07,16250,1997-05-14 00:00:00,2004-05-19 00:00:00,Metalurgia e Siderurgia,PRIVADO,SEDE,RJ
CANCELADA,11.818.783/0001-31,RG PRIVATE BROKERS INT. DE NEGÓCIOS IMOB. LTDA,SÃO PAULO,4.534e+06,22098,2010-07-21 00:00:00,2011-08-18 00:00:00,Bebidas e Fumo,PRIVADO,SEDE,SP
ATIVO,02.016.440/0001-62,RGE SUL DISTRIBUIDORA DE ENERGIA S.A.,SÃO LEOPOLDO,9.30325e+07,16527,1997-10-13 00:00:00,1997-10-13 00:00:00,Energia Elétrica,PRIVADO,SEDE,RS
CANCELADA,30.702.767/0001-23,RHC SECURITIZADORA DE CRÉDITOS S.A.,SANTO ÂNGELO,9.8803e+07,24635,2019-01-29 00:00:00,2020-06-30 00:00:00,Securitização de Recebíveis,PRIVADO,SEDE,RS
CANCELADA,89.163.430/0001-38,RHODIA AGRO SA,SÃO PAULO,5.804e+06,4421,1982-07-12 00:00:00,1990-01-09 00:00:00,Têxtil e Vestuário,PRIVADO,SEDE,SP
CANCELADA,57.507.626/0001-06,RHODIA SA,SÃO PAULO,5.805e+06,10065,1982-07-12 00:00:00,1993-10-15 00:00:00,Têxtil e Vestuário,ESTRANGEIRO,SEDE,SP
CANCELADA,15.179.682/0001-19,RHODIA-STER FIPACK SA,SÃO PAULO,4.714e+06,6106,1970-12-11 00:00:00,1998-09-04 00:00:00,Têxtil e Vestuário,PRIVADO,SEDE,SP
CANCELADA,15.232.127/0001-03,RIB SA,RIO DE JANEIRO,2.004e+07,12009,1984-06-22 00:00:00,1997-04-25 00:00:00,Extração Mineral,PRIVADO,SEDE,RJ
CANCELADA,72.991.714/0001-10,RIBEIRAO PRETO WATER PARK SA,RIBEIRÃO PRETO,1.411e+07,14583,1994-10-11 00:00:00,2004-06-30 00:00:00,Emp. Adm. Participações,PRIVADO,SEDE,SP
CANCELADA,80.902.018/0001-18,RICASA ROLANDIA IC E AGRI SA,ROLÂNDIA,8.66e+07,10073,1963-08-17 00:00:00,2005-03-22 00:00:00,"Agricultura (Açúcar, Álcool e Cana)",PRIVADO,SEDE,PR
CANCELADA,51.033.975/0001-57,RIMA IMPRESSORA SA,BARUERI,6.4e+06,14036,1992-09-21 00:00:00,2005-03-22 00:00:00,"Máquinas, Equipamentos, Veículos e Peças",PRIVADO,SEDE,SP
CANCELADA,29.388.352/0001-48,RIMET EMPREEND. INDS. E COMERCIAIS S/A,RESENDE,2.7537e+07,12840,1986-06-12 00:00:00,2012-10-31 00:00:00,Metalurgia e Siderurgia,PRIVADO,SEDE,RJ
ATIVO,38.199.406/0001-18,RIO ALTO ENERGIAS RENOVÁVEIS S.A. - EM RECUPERAÇÃO JUDICIAL,SÃO PAULO,4.543e+06,25720,2021-04-26 00:00:00,2024-02-26 00:00:00,Energia Elétrica,PRIVADO,SEDE,SP
CANCELADA,40.480.481/0001-02,RIO ALTO STL HOLDING I S.A.,SANTA LUZIA,5.86e+07,27006,2022-11-09 00:00:00,2025-10-24 00:00:00,Emp. Adm. Part. - Energia Elétrica,PRIVADO,SEDE,PB
CANCELADA,38.126.888/0001-86,Rio Energy Participações S.A.,RIO DE JANEIRO,2.2461e+07,26298,2021-10-29 00:00:00,2023-05-31 00:00:00,Emp. Adm. Part. - Energia Elétrica,PRIVADO,SEDE,RJ
CANCELADA,90.348.632/0001-33,RIO GRANDE CIA CEL DO SUL,GUAÍBA,9.25e+07,10081,1982-10-04 00:00:00,1986-04-10 00:00:00,Papel e Celulose,PRIVADO,SEDE,RS
CANCELADA,02.016.439/0001-38,RIO GRANDE ENERGIA SA,CAXIAS DO SUL,9.50126e+07,16535,1997-10-13 00:00:00,2019-01-01 00:00:00,Energia Elétrica,PRIVADO,SEDE,RS
CANCELADA,14.969.641/0001-63,RIO MONSARÁS PARTICIPAÇÕES S/A,RIO DE JANEIRO,2.0071e+07,22969,2012-09-06 00:00:00,2014-07-23 00:00:00,Energia Elétrica,PRIVADO HOLDING,SEDE,RJ
CANCELADA,42.149.559/0001-28,RIO OTHON PALACE HOTEL SA,RIO DE JANEIRO,2.00901e+07,10090,1973-11-30 00:00:00,1994-02-18 00:00:00,Hospedagem e Turismo,PRIVADO,SEDE,RJ
ATIVO,23.096.269/0001-19,RIO PARANA ENERGIA S.A.,SÃO PAULO,4.55106e+06,25623,2021-03-02 00:00:00,2021-03-02 00:00:00,Energia Elétrica,PRIVADO,SEDE,SP
ATIVO,02.998.301/0001-81,RIO PARANAPANEMA ENERGIA SA,SÃO PAULO,4.55106e+06,18368,1999-07-14 00:00:00,1999-07-14 00:00:00,Energia Elétrica,PRIVADO,SEDE,SP
ATIVO,02.998.301/0001-81,RIO PARANAPANEMA ENERGIA SA,SÃO PAULO,4.55106e+06,18368,1999-07-14 00:00:00,1999-07-14 00:00:00,Energia Elétrica,PRIVADO,SEDE,SP
ATIVO,42.292.007/0001-74,RIO+ SANEAMENTO BL 3 S.A.,RIO DE JANEIRO,2.2775e+07,27146,2023-03-28 00:00:00,2023-03-28 00:00:00,"Saneamento, Serv. Água e Gás",PRIVADO,SEDE,RJ
CANCELADA,03.392.498/0001-73,RIOEST ESTACIONAMENTOS SA,RIO DE JANEIRO,2.07102e+07,18872,2001-02-05 00:00:00,2012-04-26 00:00:00,"Emp. Adm. Part. - Const. Civil, Mat. Const. e Decoração",PRIVADO,SEDE,RJ
CANCELADA,28.442.718/0001-57,RIOLOAN 2 COMPANHIA SECURITIZADORA DE CRÉDITOS FINANCEIROS,SÃO PAULO,4.53813e+06,24368,2018-04-06 00:00:00,2022-07-11 00:00:00,Securitização de Recebíveis,PRIVADO,SEDE,SP
CANCELADA,51.468.791/0001-10,RIPASA SA CELULOSE E PAPEL,SÃO PAULO,4.53701e+06,10103,1982-11-24 00:00:00,2006-08-28 00:00:00,Papel e Celulose,PRIVADO,SEDE,SP
CANCELADA,13.457.942/0001-45,RIVA INCORPORADORA S/A,BELO HORIZONTE,3.01503e+07,24996,2020-07-28 00:00:00,2023-03-21 00:00:00,"Construção Civil, Mat. Constr. e Decoração",PRIVADO,SEDE,MG
CANCELADA,02.105.040/0001-23,RIZA II SECURITIZADORA S.A.,SÃO PAULO,4.533e+06,18287,1999-05-31 00:00:00,2022-06-01 00:00:00,Securitização de Recebíveis,PRIVADO,SEDE,SP
CANCELADA,08.769.451/0001-08,RIZA SECURITIZADORA S.A.,SÃO PAULO,5.50103e+06,20818,2007-07-02 00:00:00,2024-12-19 00:00:00,Securitização de Recebíveis,PRIVADO,SEDE,SP
CANCELADA,92.750.793/0001-84,RIZZO SA IND ALIM,CAXIAS DO SUL,9.51e+07,10111,1971-06-22 00:00:00,1985-10-30 00:00:00,Alimentos,PRIVADO,SEDE,RS
CANCELADA,08.281.683/0001-04,RJ CAPITAL PARTNERS S.A.,RIO DE JANEIRO,2.2775e+07,22330,2011-01-13 00:00:00,2018-05-30 00:00:00,Emp. Adm. Part. - Sem Setor Principal,PRIVADO HOLDING,SEDE,RJ
ATIVO,67.010.660/0001-24,RNI NEGÓCIOS IMOBILIÁRIOS S.A.,SÃO JOSÉ DO RIO PRETO,1.50855e+07,20451,2007-01-18 00:00:00,2007-01-18 00:00:00,"Construção Civil, Mat. Constr. e Decoração",PRIVADO,SEDE,SP
ATIVO,59.981.829/0001-65,RODOBENS S.A.,SÃO JOSÉ DO RIO PRETO,1.5013e+07,25801,2021-05-06 00:00:00,2021-05-06 00:00:00,"Máquinas, Equipamentos, Veículos e Peças",PRIVADO HOLDING,SEDE,SP
CANCELADA,88.612.049/0001-46,RODOVIARIA SA IND IMPLS TRANSP,CAXIAS DO SUL,9.505e+07,10120,1977-07-20 00:00:00,1993-04-19 00:00:00,"Máquinas, Equipamentos, Veículos e Peças",PRIVADO,SEDE,RS
ATIVO,03.025.305/0001-46,RODOVIAS DAS COLINAS S.A.,SÃO PAULO,1.3312e+07,23167,2013-04-25 00:00:00,2013-04-25 00:00:00,Serviços Transporte e Logística,PRIVADO,SEDE,SP
ATIVO,41.508.382/0001-46,RODOVIAS DO BRASIL HOLDING S.A.,RIO DE JANEIRO,2.24301e+07,26352,2021-11-12 00:00:00,2021-11-12 00:00:00,Emp. Adm. Part. - Serviços Transporte e Logística,PRIVADO HOLDING,SEDE,RJ
CANCELADA,29.088.092/0001-95,ROMAXIS SECURITIZADORA S.A.,JOINVILLE,8.92017e+07,24686,2019-03-22 00:00:00,2022-06-30 00:00:00,Securitização de Recebíveis,PRIVADO,SEDE,SC
ATIVO,56.720.428/0001-63,ROMI S.A.,SANTA BÁRBARA D'OESTE,1.34591e+07,7510,1938-04-19 00:00:00,1938-04-19 00:00:00,"Máquinas, Equipamentos, Veículos e Peças",PRIVADO,SEDE,SP
CANCELADA,11.995.745/0001-54,ROPASC PARTICIPAÇÕES S/A,SÃO PAULO,4.53813e+06,22195,2010-10-22 00:00:00,2013-12-31 00:00:00,Emp. Adm. Part. - Sem Setor Principal,PRIVADO,SEDE,SP
CANCELADA,56.991.490/0001-90,ROSAFER SA,SÃO PAULO,4.578e+06,10146,1982-11-25 00:00:00,1989-08-31 00:00:00,Emp. Adm. Participações,PRIVADO,SEDE,SP
SUSPENSO(A) - DECISÃO ADM,61.065.751/0001-80,ROSSI RESIDENCIAL S.A. - EM RECUPERAÇÃO JUDICIAL,SÃO PAULO,4.70911e+06,16306,1997-07-01 00:00:00,2026-05-19 00:00:00,"Construção Civil, Mat. Constr. e Decoração",PRIVADO,SEDE,SP
CANCELADA,01.535.646/0001-36,ROSSI SECURITIES SA,SÃO PAULO,4.547e+06,15989,1996-12-23 00:00:00,2000-06-15 00:00:00,Seguradoras e Corretoras,PRIVADO,SEDE,SP
CANCELADA,22.131.736/0001-31,RR CASA DE INVESTIMENTOS E PARTICIPAÇÕES S.A.,SÃO PAULO,4.707e+06,23787,2015-12-08 00:00:00,2016-06-22 00:00:00,Emp. Adm. Part. - Energia Elétrica,PRIVADO,SEDE,SP
CANCELADA,03.765.375/0001-30,RRSPE EMPRENDIMENTOS E PARTICIPAÇÕES S/A,RIO DE JANEIRO,2.241e+07,18856,2001-01-16 00:00:00,2004-12-29 00:00:00,Emp. Adm. Participações,PRIVADO,SEDE,RJ
CANCELADA,04.925.301/0001-87,RUBERTEX COM E INDUSTRIA SA,BELÉM,1.0039e+06,10170,1977-07-20 00:00:00,2005-03-22 00:00:00,Petroquímicos e Borracha,PRIVADO,SEDE,SP
CANCELADA,21.976.484/0001-89,RUGE SECURITIZADORA DE CRÉDITOS FINANCEIROS S.A.,SÃO PAULO,5.407e+06,24538,2018-09-17 00:00:00,2022-06-30 00:00:00,Securitização de Recebíveis,PRIVADO,SEDE,SP
CANCELADA,71.550.388/0001-42,RUMO LOGÍSTICA OPERADORA MULTIMODAL S.A.,SÃO PAULO,4.54301e+06,23450,2014-08-07 00:00:00,2016-12-19 00:00:00,Serviços Transporte e Logística,PRIVADO,SEDE,SP
ATIVO,33.572.408/0001-97,RUMO MALHA CENTRAL S.A.,SÃO PAULO,4.53813e+06,26484,2021-12-17 00:00:00,2021-12-17 00:00:00,Serviços Transporte e Logística,PRIVADO,SEDE,SP
ATIVO,24.962.466/0001-36,RUMO MALHA NORTE S.A.,RONDONÓPOLIS,7.87509e+07,15300,1995-12-27 00:00:00,1995-12-27 00:00:00,Serviços Transporte e Logística,PRIVADO,SEDE,MT
ATIVO,39.115.514/0001-28,RUMO MALHA OESTE S.A.,SÃO PAULO,4.53813e+06,17850,1998-10-20 00:00:00,1998-10-20 00:00:00,Serviços Transporte e Logística,PRIVADO,SEDE,SP
ATIVO,02.502.844/0001-66,RUMO MALHA PAULISTA S.A.,SÃO PAULO,4.53813e+06,17930,1998-11-12 00:00:00,1998-11-12 00:00:00,Serviços Transporte e Logística,PRIVADO,SEDE,SP
ATIVO,01.258.944/0001-26,RUMO MALHA SUL S.A.,CURITIBA,8.292e+07,15709,1996-08-29 00:00:00,1996-08-29 00:00:00,Serviços Transporte e Logística,PRIVADO,SEDE,PR
ATIVO,02.387.241/0001-60,RUMO S.A.,SÃO PAULO,4.53813e+06,17450,1998-07-02 00:00:00,1998-07-02 00:00:00,Emp. Adm. Part. - Serviços Transporte e Logística,PRIVADO HOLDING,SEDE,SP
ATIVO,02.387.241/0001-60,RUMO S.A.,SÃO PAULO,4.53813e+06,17450,1998-07-02 00:00:00,1998-07-02 00:00:00,Emp. Adm. Part. - Serviços Transporte e Logística,PRIVADO HOLDING,SEDE,SP
CANCELADA,60.582.608/0001-01,RURAL LEASING SA ARREND MERC,BELO HORIZONTE,3.016e+07,15296,1995-12-27 00:00:00,2006-05-23 00:00:00,Arrendamento Mercantil,PRIVADO,SEDE,MG
CANCELADA,92.772.821/0001-64,S.A. (VIAÇÃO AÉREA RIO-GRANDENSE) - FALIDA,PORTO ALEGRE,9.024e+07,11681,1977-07-20 00:00:00,2011-01-04 00:00:00,Serviços Transporte e Logística,PRIVADO,SEDE,RS
CANCELADA,00.982.476/0001-75,S.A.V.SA,CURITIBA,8.03101e+07,15350,1996-01-26 00:00:00,2000-06-15 00:00:00,Emp. Adm. Participações,PRIVADO,SEDE,PR
CANCELADA,02.220.855/0001-53,S.F.S.P.V. EMPRS E PARTS SA,SÃO PAULO,5.419e+06,17809,1998-10-02 00:00:00,1999-07-21 00:00:00,Emp. Adm. Participações,PRIVADO HOLDING,SEDE,SP
CANCELADA,02.250.726/0001-08,S.P.E.L. EMPREENDIMENTOS E PARTICIP. S.A,SÃO PAULO,1.405e+06,17817,1998-10-02 00:00:00,2005-12-31 00:00:00,"Emp. Adm. Part. - Const. Civil, Mat. Const. e Decoração",PRIVADO HOLDING,SEDE,SP
CANCELADA,10.782.548/0001-94,SA BRASILEIRA IND OTICA SABIO,CARPINA,5.581e+07,10189,1977-07-20 00:00:00,2005-08-09 00:00:00,"Máquinas, Equipamentos, Veículos e Peças",PRIVADO,SEDE,PE
CANCELADA,10.074.623/0001-62,SA CONFECCOES BRAS SABRA,SÃO PAULO,3.00301e+06,10197,1976-10-21 00:00:00,1999-04-20 00:00:00,Têxtil e Vestuário,PRIVADO,SEDE,SP
CANCELADA,33.132.275/0001-38,SA CORTUME CARIOCA,RIO DE JANEIRO,2.102e+07,10200,1981-05-28 00:00:00,1987-11-25 00:00:00,Têxtil e Vestuário,ESTRANGEIRO,SEDE,RJ
CANCELADA,33.040.437/0001-08,SA ENGEFUSA,RIO DE JANEIRO,2.003e+07,10219,1977-07-20 00:00:00,2005-12-20 00:00:00,"Construção Civil, Mat. Constr. e Decoração",PRIVADO,SEDE,RJ
CANCELADA,61.116.331/0001-86,SA FABRICA PRODS ALIMCS VIGOR,SÃO PAULO,3.0199e+06,10227,1984-02-21 00:00:00,2009-02-20 00:00:00,Alimentos,PRIVADO,SEDE,SP
CANCELADA,30.751.887/0001-10,SA MARVIN,RIO DE JANEIRO,2.001e+07,12726,1986-03-26 00:00:00,1993-06-17 00:00:00,Metalurgia e Siderurgia,PRIVADO,SEDE,RJ
CANCELADA,17.179.391/0001-56,SA MINERACAO DA TRINDADE,BELO HORIZONTE,3.01309e+07,10260,1969-09-16 00:00:00,2000-10-16 00:00:00,Extração Mineral,PRIVADO,SEDE,MG
CANCELADA,15.104.599/0001-80,SA MINERACAO DE AMIANTO,SÃO PAULO,1.31e+06,13196,1987-07-03 00:00:00,1989-08-23 00:00:00,Extração Mineral,PRIVADO,SEDE,SP
CANCELADA,33.000.571/0001-85,SA WHITE MARTINS,RIO DE JANEIRO,2.009e+07,10294,1969-05-15 00:00:00,2000-05-26 00:00:00,Emp. Adm. Participações,ESTRANGEIRO,SEDE,RJ
CANCELADA,11.616.840/0001-08,SAAG INVESTIMENTOS S.A.,BELO HORIZONTE,3.0411e+07,22756,2012-03-01 00:00:00,2014-10-21 00:00:00,Emp. Adm. Part. - Telecomunicações,PRIVADO,SEDE,MG
CANCELADA,03.818.379/0001-30,SABER SERVIÇOS EDUCACIONAIS S.A.,BELO HORIZONTE,3.01801e+07,24490,2018-08-13 00:00:00,2024-09-27 00:00:00,Educação,PRIVADO,SEDE,MG
CANCELADA,83.313.205/0001-54,SADIA AVICOLA SA,CHAPECÓ,8.98e+07,10308,1975-03-12 00:00:00,1987-05-21 00:00:00,Alimentos,PRIVADO,SEDE,SC
CANCELADA,83.568.147/0001-00,SADIA CONCORDIA SA IND E COM,SÃO PAULO,5.0939e+06,10316,1977-07-20 00:00:00,1998-08-27 00:00:00,Alimentos,PRIVADO,SEDE,SP
CANCELADA,03.906.591/0001-59,SADIA SA,CONCÓRDIA,8.97e+07,10332,1981-12-17 00:00:00,2000-12-29 00:00:00,Alimentos,PRIVADO,SEDE,SC
CANCELADA,20.730.099/0001-94,SADIA SA,CONCÓRDIA,8.97e+07,18848,2000-12-27 00:00:00,2009-11-04 00:00:00,Alimentos,PRIVADO,SEDE,SC
CANCELADA,49.039.936/0001-15,SADOKIN SA ELETRICA ELETRONICA,SÃO PAULO,1.503e+06,7048,1957-11-30 00:00:00,1998-12-18 00:00:00,Metalurgia e Siderurgia,PRIVADO,SEDE,SP
CANCELADA,13.522.948/0001-59,SAFIRA HOLDING S.A.,BARUERI,6.454e+06,27138,2023-03-15 00:00:00,2025-02-13 00:00:00,Emp. Adm. Part. - Energia Elétrica,PRIVADO,SEDE,SP
CANCELADA,08.140.464/0001-05,SAFRA COMPANHIA SECURITIZADORA DE CREDITOS IMOBILIARIOS,SÃO PAULO,1.31093e+06,20400,2006-12-20 00:00:00,2011-10-27 00:00:00,Securitização de Recebíveis,PRIVADO,SEDE,SP
CANCELADA,43.338.730/0001-00,SAFRA HOLDING SA,SÃO PAULO,1.31e+06,10847,1982-07-16 00:00:00,1990-12-27 00:00:00,Emp. Adm. Participações,PRIVADO,SEDE,SP
CANCELADA,62.063.177/0001-94,SAFRA LEASING SA ARRENDAMENTO  MERCANTIL,SÃO PAULO,1.31093e+06,10340,1981-06-24 00:00:00,1990-02-13 00:00:00,Arrendamento Mercantil,PRIVADO,SEDE,SP
CANCELADA,62.063.177/0001-94,SAFRA LEASING SA ARRENDAMENTO  MERCANTIL,SÃO PAULO,1.31093e+06,14184,1993-09-21 00:00:00,2003-08-29 00:00:00,Arrendamento Mercantil,PRIVADO,SEDE,SP
CANCELADA,62.063.177/0001-94,SAFRA LEASING SA ARRENDAMENTO  MERCANTIL,SÃO PAULO,1.31093e+06,19844,2005-10-27 00:00:00,2019-01-17 00:00:00,Arrendamento Mercantil,PRIVADO,SEDE,SP
CANCELADA,43.422.013/0001-61,SAFRA SA ADM E PARTICIPACOES,SÃO PAULO,1.013e+06,10359,1981-04-29 00:00:00,1988-04-28 00:00:00,Emp. Adm. Participações,PRIVADO,SEDE,SP
CANCELADA,08.638.282/0001-69,SAHY PARTICIPAÇÕES SA,SÃO PAULO,1.005e+06,20826,2007-07-02 00:00:00,2007-11-16 00:00:00,Emp. Adm. Part. - Sem Setor Principal,PRIVADO HOLDING,SEDE,SP
CANCELADA,28.672.087/0001-62,SAINT-GOBAIN CANALIZAÇÃO S/A,BARRA MANSA,2.733e+07,3689,1937-08-25 00:00:00,2001-06-01 00:00:00,Metalurgia e Siderurgia,ESTRANGEIRO,SEDE,RJ
CANCELADA,60.853.942/0001-44,SAINT-GOBAIN VIDROS SA,SÃO PAULO,5.0369e+06,4189,1978-03-01 00:00:00,2001-05-31 00:00:00,Extração Mineral,ESTRANGEIRO,SEDE,SP
CANCELADA,12.296.919/0001-53,SALGEMA INDS QUIMICAS SA,SALVADOR,4.18279e+07,10367,1983-08-01 00:00:00,1996-12-23 00:00:00,Petroquímicos e Borracha,PRIVADO,SEDE,BA
CANCELADA,15.494.541/0001-90,SALUS INFRAESTRUTURA PORTUÁRIA S.A.,SÃO PAULO,1.307e+06,23540,2015-01-05 00:00:00,2025-11-07 00:00:00,"Construção Civil, Mat. Constr. e Decoração",PRIVADO,SEDE,SP
CANCELADA,60.531.548/0001-90,SAMCIL SA SERV ASSIS MED AO CI,SÃO PAULO,5.44716e+06,10383,1977-07-20 00:00:00,1994-12-07 00:00:00,Serviços Diversos,PRIVADO,SEDE,SP
ATIVO,01.616.929/0001-02,SANEAMENTO DE GOIAS SA,GOIÂNIA,7.48051e+07,19186,2001-12-11 00:00:00,2012-10-16 00:00:00,"Saneamento, Serv. Água e Gás",ESTATAL,SEDE,GO
CANCELADA,02.724.983/0001-34,SANESALTO SANEAMENTO SA,SALTO,1.332e+07,19593,2004-09-21 00:00:00,2025-09-30 00:00:00,"Saneamento, Serv. Água e Gás",PRIVADO,SEDE,SP
CANCELADA,33.033.960/0001-07,SANO SA INDUSTRIA E COMERCIO,RIO DE JANEIRO,2.15355e+07,10391,1968-05-17 00:00:00,2007-08-07 00:00:00,Extração Mineral,PRIVADO,SEDE,RJ
CANCELADA,61.070.678/0001-35,SANSUY SA IND DE PLASTICOS,EMBU DAS ARTES,6.8008e+06,10405,1980-07-04 00:00:00,1994-06-16 00:00:00,Petroquímicos e Borracha,PRIVADO,SEDE,SP
ATIVO,14.807.945/0001-24,SANSUY SA INDÚSTRIA  DE PLASTICOS,CAMAÇARI,4.28162e+07,12696,1986-05-06 00:00:00,1986-05-06 00:00:00,Petroquímicos e Borracha,PRIVADO,SEDE,BA
ATIVO,00.897.864/0001-58,SANTA CATARINA PART INVEST SA,FLORIANÓPOLIS,8.8032e+07,15199,1995-12-13 00:00:00,1995-12-13 00:00:00,Emp. Adm. Part. - Intermediação Financeira,ESTATAL,SEDE,SC
CANCELADA,61.105.474/0001-92,SANTACONSTANCIA TECELAGEM SA,SÃO PAULO,2.1479e+06,10421,1977-12-21 00:00:00,1996-06-18 00:00:00,Têxtil e Vestuário,PRIVADO,SEDE,SP
CANCELADA,72.418.478/0001-47,SANTANA TEXTIL SA,FORTALEZA,6.288e+07,16039,1997-01-07 00:00:00,1998-01-09 00:00:00,Têxtil e Vestuário,PRIVADO,SEDE,CE
CANCELADA,00.589.171/0001-06,SANTANDER BRASIL ARRENDAMENTO MERCANTIL S.A.,BARUERI,6.455e+06,14940,1995-07-06 00:00:00,2009-11-30 00:00:00,Arrendamento Mercantil,PRIVADO,SEDE,SP
CANCELADA,42.291.245/0001-65,SANTANDER LEASING S.A. ARREND MERC,RIO DE JANEIRO,2.00579e+07,1830,1981-11-10 00:00:00,2002-12-06 00:00:00,Arrendamento Mercantil,PRIVADO,SEDE,RJ
CANCELADA,47.193.149/0001-06,SANTANDER LEASING S.A. ARRENDAMENTO MERCANTIL,SÃO PAULO,4.7529e+06,12165,1984-12-27 00:00:00,2001-01-05 00:00:00,Arrendamento Mercantil,ESTRANGEIRO,SEDE,SP
CANCELADA,47.193.149/0001-06,SANTANDER LEASING S.A. ARRENDAMENTO MERCANTIL,SÃO PAULO,4.7529e+06,20559,2007-03-19 00:00:00,2020-12-29 00:00:00,Arrendamento Mercantil,ESTRANGEIRO,SEDE,SP
CANCELADA,61.101.895/0001-45,SANTHER FAB.DE PAPEL SANTA THEREZINHA SA,SÃO PAULO,3.6309e+06,5819,1980-06-04 00:00:00,1988-01-29 00:00:00,Papel e Celulose,PRIVADO,SEDE,SP
CANCELADA,61.101.895/0001-45,SANTHER FAB.DE PAPEL SANTA THEREZINHA SA,SÃO PAULO,3.6309e+06,14923,1995-06-29 00:00:00,2021-03-05 00:00:00,Papel e Celulose,PRIVADO,SEDE,SP
CANCELADA,33.009.960/0001-71,SANTISTA ALIMENTOS SA,SÃO PAULO,5.329e+06,8877,1977-07-20 00:00:00,2000-12-01 00:00:00,Alimentos,PRIVADO HOLDING,SEDE,SP
CANCELADA,15.082.688/0001-73,SANTISTA TEXTIL SA,SÃO PAULO,5.8049e+06,14516,1994-07-28 00:00:00,2007-11-29 00:00:00,Têxtil e Vestuário,PRIVADO,SEDE,SP
ATIVO,09.391.823/0001-60,SANTO ANTONIO ENERGIA S.A.,RIO DE JANEIRO,2.0091e+07,23388,2014-04-28 00:00:00,2014-04-28 00:00:00,Energia Elétrica,PRIVADO,SEDE,RJ
ATIVO,02.762.121/0001-04,SANTOS BRASIL PARTICIPAÇÕES S.A.,SÃO PAULO,4.53401e+06,17892,1998-11-09 00:00:00,1998-11-09 00:00:00,Emp. Adm. Part. - Serviços Transporte e Logística,ESTATAL HOLDING,SEDE,SP
ATIVO,02.762.121/0001-04,SANTOS BRASIL PARTICIPAÇÕES S.A.,SÃO PAULO,4.53401e+06,17892,1998-11-09 00:00:00,1998-11-09 00:00:00,Emp. Adm. Part. - Serviços Transporte e Logística,ESTATAL HOLDING,SEDE,SP
CANCELADA,08.519.271/0001-60,SANTOS BRASIL TECON S.A.,SÃO PAULO,4.54312e+06,20699,2007-05-16 00:00:00,2009-11-19 00:00:00,Serviços Transporte e Logística,PRIVADO,SEDE,SP
CANCELADA,08.811.226/0001-84,SAO BRAZ SA IND COM ALIMENTOS,CAMPINA GRANDE,5.81076e+07,12513,1985-11-01 00:00:00,1994-09-30 00:00:00,Alimentos,PRIVADO,SEDE,PB
ATIVO,29.780.061/0001-09,SAO CARLOS EMPREEND E PARTICIPACOES S.A.,SÃO PAULO,4.5439e+06,13781,1991-03-25 00:00:00,1991-03-25 00:00:00,Emp. Adm. Part. - Sem Setor Principal,PRIVADO,SEDE,SP
ATIVO,29.780.061/0001-09,SAO CARLOS EMPREEND E PARTICIPACOES S.A.,SÃO PAULO,4.5439e+06,13781,1991-03-25 00:00:00,1991-03-25 00:00:00,Emp. Adm. Part. - Sem Setor Principal,PRIVADO,SEDE,SP
CANCELADA,44.220.580/0001-06,SAO LUIZ PARTICIPACOES SA,SÃO PAULO,4.543e+06,10448,1981-12-17 00:00:00,1988-10-17 00:00:00,Emp. Adm. Participações,PRIVADO,SEDE,SP
ATIVO,51.466.860/0001-56,SÃO MARTINHO SA,PRADÓPOLIS,1.48539e+07,20516,2007-02-07 00:00:00,2007-02-07 00:00:00,"Agricultura (Açúcar, Álcool e Cana)",PRIVADO,SEDE,SP
ATIVO,62.002.886/0001-60,SÃO PAULO TURISMO S.A.,SÃO PAULO,1.01491e+06,9415,1977-10-20 00:00:00,1977-10-20 00:00:00,Emp. Adm. Part. - Hospedagem e Turismo,ESTATAL,SEDE,SP
CANCELADA,04.106.907/0001-90,SÃO PAULO WELLNESS S/A,SÃO PAULO,6.45401e+06,19160,2001-11-14 00:00:00,2004-04-06 00:00:00,Emp. Adm. Participações,PRIVADO,SEDE,SP
CANCELADA,44.841.035/0001-29,SAP SECURITIZADORA DE CREDITOS FINANCEIROS S.A.,RIO DE JANEIRO,2.241e+07,26840,2022-06-21 00:00:00,2022-06-30 00:00:00,Securitização de Recebíveis,PRIVADO,SEDE,RJ
CANCELADA,10.922.052/0001-79,SARABOR SA REGENS ARTEFS BORR,SÃO PAULO,1.44604e+06,10464,1977-07-20 00:00:00,2005-12-20 00:00:00,Petroquímicos e Borracha,PRIVADO,SEDE,SP
ATIVO,60.500.139/0001-26,SARAIVA LIVREIROS S.A. - FALIDA,SÃO PAULO,1.14102e+06,10472,1977-07-20 00:00:00,1977-07-20 00:00:00,Comércio (Atacado e Varejo),PRIVADO,SEDE,SP
CANCELADA,33.429.226/0001-61,SATMA SUL AMERICA PARTS SA,RIO DE JANEIRO,2.0091e+07,11029,1977-07-20 00:00:00,1999-04-06 00:00:00,Seguradoras e Corretoras,PRIVADO,SEDE,RJ
CANCELADA,00.866.577/0001-80,SAUIPE SA,MATA DE SÃO JOÃO,4.828e+07,15261,1995-12-20 00:00:00,2018-04-04 00:00:00,Hospedagem e Turismo,PRIVADO,SEDE,BA
CANCELADA,60.591.609/0001-04,SAVENA SA VEICS NAC COM REPR,SÃO PAULO,1.014e+06,10499,1971-07-26 00:00:00,1984-12-28 00:00:00,"Máquinas, Equipamentos, Veículos e Peças",PRIVADO,SEDE,SP
ATIVO,06.347.409/0001-65,SBF COMÉRCIO DE PRODUTOS ESPORTIVOS S.A.,SÃO PAULO,5.03809e+06,25410,2021-01-06 00:00:00,2021-01-06 00:00:00,Comércio (Atacado e Varejo),PRIVADO HOLDING,SEDE,SP
CANCELADA,19.288.959/0001-00,SCCA - SECURITIZADORA DE CRÉDITOS DO AGRONEGÓCIO S.A.,SÃO PAULO,1.45101e+06,23400,2014-05-27 00:00:00,2015-05-26 00:00:00,Securitização de Recebíveis,PRIVADO,SEDE,SP
CANCELADA,17.568.683/0001-80,SCCI - SECURITIZADORA DE CRÉDITOS IMOBILIÁRIOS S.A.,SÃO PAULO,1.45101e+06,23337,2014-01-16 00:00:00,2017-09-01 00:00:00,Securitização de Recebíveis,PRIVADO,SEDE,SP
CANCELADA,00.285.599/0001-57,SCGR EMPRS PARTICIPACOES SA,RIO DE JANEIRO,2.24411e+07,16063,1997-01-22 00:00:00,1999-05-04 00:00:00,Emp. Adm. Participações,PRIVADO,SEDE,RJ
ATIVO,84.693.183/0001-68,SCHULZ SA,JOINVILLE,8.92196e+07,14664,1994-12-19 00:00:00,1994-12-19 00:00:00,Metalurgia e Siderurgia,PRIVADO,SEDE,SC
CANCELADA,47.379.565/0001-95,SCOPUS TECNOLOGIA SA,SÃO PAULO,5.136e+06,10510,1983-12-01 00:00:00,1992-08-12 00:00:00,"Máquinas, Equipamentos, Veículos e Peças",PRIVADO,SEDE,SP
CANCELADA,93.167.658/0001-73,SDV ADM-DE SHOPPING CENTERS SA,PORTO ALEGRE,9.02003e+07,13790,1991-04-15 00:00:00,2017-04-12 00:00:00,Comércio (Atacado e Varejo),PRIVADO,SEDE,RS
CANCELADA,01.545.828/0001-98,SE SA COMERCIO E IMPORTACAO,SÃO PAULO,1.45102e+06,16128,1997-02-21 00:00:00,1998-06-12 00:00:00,Emp. Adm. Participações,PRIVADO HOLDING,SEDE,SP
CANCELADA,14.042.551/0001-22,SEABRAS SERVIÇOS DE PETROLEO S/A,RIO DE JANEIRO,2.00319e+07,22730,2012-02-13 00:00:00,2014-05-23 00:00:00,Petróleo e Gás,PRIVADO,SEDE,RJ
CANCELADA,02.914.460/0001-50,SEARA ALIMENTOS SA,ITAJAÍ,8.83051e+07,18198,1999-03-11 00:00:00,2005-04-05 00:00:00,Alimentos,ESTRANGEIRO,SEDE,SC
CANCELADA,84.374.818/0001-64,SEARA INDUSTRIAL SA,GASPAR,8.911e+07,10529,1977-07-20 00:00:00,1989-06-15 00:00:00,"Agricultura (Açúcar, Álcool e Cana)",PRIVADO,SEDE,SC
CANCELADA,60.874.633/0001-50,SEARLE BRASIL SA,SÃO PAULO,1.405e+06,10537,1981-06-19 00:00:00,1986-04-18 00:00:00,Farmacêutico e Higiene,ESTRANGEIRO,SEDE,SP
CANCELADA,20.445.827/0001-16,SEC TWO COMPANHIA SECURITIZADORA DE CRÉDITOS,BLUMENAU,8.90354e+07,23752,2015-11-11 00:00:00,2017-06-14 00:00:00,Securitização de Recebíveis,PRIVADO,SEDE,SC
ATIVO,07.119.838/0001-48,SECME - COMPANHIA SECURITIZADORA DE CRÉDITOS IMOBILIÁRIOS,SÃO PAULO,4.551e+06,19720,2005-05-02 00:00:00,2005-05-02 00:00:00,Securitização de Recebíveis,PRIVADO,SEDE,SP
ATIVO,07.119.838/0001-48,SECME - COMPANHIA SECURITIZADORA DE CRÉDITOS IMOBILIÁRIOS,SÃO PAULO,4.551e+06,19720,2005-05-02 00:00:00,2005-05-02 00:00:00,Securitização de Recebíveis,PRIVADO,SEDE,SP
CANCELADA,61.592.895/0001-95,SECURIT SA,GUARULHOS,7.17858e+06,10545,1977-07-20 00:00:00,1996-10-18 00:00:00,"Construção Civil, Mat. Constr. e Decoração",PRIVADO,SEDE,SP
CANCELADA,88.615.315/0001-94,SEHBE CIA DE PARTICIPACOES,CAXIAS DO SUL,9.502e+07,12874,1986-07-09 00:00:00,2005-08-09 00:00:00,Emp. Adm. Participações,PRIVADO,SEDE,RS
CANCELADA,88.658.752/0001-95,SEHBE SA HOTEIS E TURISMO,CAXIAS DO SUL,9.502e+07,10553,1973-04-16 00:00:00,2006-11-22 00:00:00,Hospedagem e Turismo,PRIVADO,SEDE,RS
ATIVO,87.043.832/0001-73,SEIVA S.A. - FLORESTAS E INDÚSTRIAS,SÃO PAULO,5.42507e+06,10561,1981-12-11 00:00:00,1981-12-11 00:00:00,Reflorestamento,PRIVADO,SEDE,SP
CANCELADA,22.902.694/0001-95,SELF IT ACADEMIAS HOLDING S.A.,RECIFE,5.111e+07,26794,2022-05-13 00:00:00,2023-02-10 00:00:00,Emp. Adm. Part. - Brinquedos e Lazer,PRIVADO,SEDE,PE
CANCELADA,56.783.681/0001-66,SEMENTES AGROCERES SA,SÃO PAULO,1.21001e+06,10570,1977-07-20 00:00:00,1998-06-04 00:00:00,"Agricultura (Açúcar, Álcool e Cana)",PRIVADO,SEDE,SP
CANCELADA,61.364.725/0001-53,SEMER SA,SÃO PAULO,4.183e+06,7242,1982-03-08 00:00:00,1985-05-06 00:00:00,Metalurgia e Siderurgia,PRIVADO,SEDE,SP
CANCELADA,61.151.445/0001-67,SEMP TOSHIBA SA,SÃO PAULO,4.724e+06,10588,1971-08-12 00:00:00,2008-11-13 00:00:00,"Máquinas, Equipamentos, Veículos e Peças",PRIVADO,SEDE,SP
ATIVO,06.057.223/0001-71,SENDAS DISTRIBUIDORA S.A.,SÃO PAULO,3.5279e+06,25372,2020-12-11 00:00:00,2020-12-11 00:00:00,Comércio (Atacado e Varejo),PRIVADO HOLDING,SEDE,SP
CANCELADA,31.911.548/0001-17,SENDAS S/A,SÃO JOÃO DE MERITI,2.55699e+07,19291,2002-06-05 00:00:00,2005-07-15 00:00:00,Comércio (Atacado e Varejo),PRIVADO,SEDE,RJ
CANCELADA,22.495.265/0001-40,SENECA COMPANHIA SECURITIZADORA,CURITIBA,8.041e+07,23698,2015-08-17 00:00:00,2022-06-30 00:00:00,Securitização de Recebíveis,PRIVADO,SEDE,PR
ATIVO,80.680.093/0001-81,SENIOR SISTEMAS S.A.,BLUMENAU,8.9012e+07,26786,2022-05-12 00:00:00,2022-05-12 00:00:00,Comunicação e Informática,PRIVADO,SEDE,SC
ATIVO,01.599.101/0001-93,SEQUOIA LOGÍSTICA E TRANSPORTES S.A.,BARUERI,6.454e+06,25160,2020-10-05 00:00:00,2020-10-05 00:00:00,Serviços Transporte e Logística,PRIVADO,SEDE,SP
ATIVO,04.986.320/0001-13,SER EDUCACIONAL S.A.,RECIFE,5.20102e+07,23221,2013-10-18 00:00:00,2013-10-18 00:00:00,Educação,PRIVADO,SEDE,PE
ATIVO,42.500.384/0001-51,SERENA ENERGIA S.A.,SÃO PAULO,4.5439e+06,26441,2021-12-01 00:00:00,2021-12-01 00:00:00,Emp. Adm. Part. - Energia Elétrica,PRIVADO,SEDE,SP
CANCELADA,09.149.503/0001-06,SERENA GERAÇÃO S.A.,SÃO PAULO,4.5439e+06,22110,2010-07-29 00:00:00,2013-09-20 00:00:00,Emp. Adm. Part. - Energia Elétrica,PRIVADO,SEDE,SP
ATIVO,09.149.503/0001-06,SERENA GERAÇÃO S.A.,SÃO PAULO,4.5439e+06,23426,2014-07-07 00:00:00,2014-07-07 00:00:00,Emp. Adm. Part. - Energia Elétrica,PRIVADO,SEDE,SP
CANCELADA,33.161.340/0001-53,SERGEN SERVS GERAIS DE ENG SA,RIO DE JANEIRO,2.0091e+07,10596,1977-07-20 00:00:00,2014-07-30 00:00:00,"Construção Civil, Mat. Constr. e Decoração",PRIVADO,SEDE,RJ
CANCELADA,17.244.161/0001-23,SERMECO SERV MEC ENG CONST SA,BELO HORIZONTE,3.048e+07,10600,1977-07-20 00:00:00,1990-09-06 00:00:00,"Construção Civil, Mat. Constr. e Decoração",PRIVADO,SEDE,MG
CANCELADA,01.369.947/0001-37,SERNAMBETIBA TRUST SPE SA,RIO DE JANEIRO,2.003e+07,15903,1996-12-03 00:00:00,2005-02-22 00:00:00,"Construção Civil, Mat. Constr. e Decoração",PRIVADO,SEDE,RJ
CANCELADA,00.545.378/0001-70,SERRA AZUL WATER PARK SA,ITUPEVA,1.32996e+07,14966,1995-07-26 00:00:00,2024-04-25 00:00:00,Emp. Adm. Part. - Brinquedos e Lazer,PRIVADO,SEDE,SP
CANCELADA,33.315.367/0001-53,SERTEP SA ENG. E MONTAGEM,RIO DE JANEIRO,2.003e+07,14770,1995-02-01 00:00:00,1996-08-09 00:00:00,"Construção Civil, Mat. Constr. e Decoração",PRIVADO,SEDE,RJ
CANCELADA,61.467.379/0001-39,SERVIX ENGENHARIA SA,SÃO PAULO,1.048e+06,10626,1977-07-20 00:00:00,2005-04-29 00:00:00,"Construção Civil, Mat. Constr. e Decoração",PRIVADO,SEDE,SP
CANCELADA,89.717.268/0001-52,SETA SA EXTRAT TANINO ACACIA,ESTÂNCIA VELHA,9.36e+07,13404,1988-11-03 00:00:00,1997-04-03 00:00:00,Petroquímicos e Borracha,PRIVADO,SEDE,RS
CANCELADA,61.413.423/0001-28,SETAL INSTALACOES INDLS SA,SÃO PAULO,4.571e+06,10634,1961-04-14 00:00:00,1986-11-05 00:00:00,"Construção Civil, Mat. Constr. e Decoração",PRIVADO,SEDE,SP
CANCELADA,08.638.269/0001-00,SETIBA PARTICIPAÇÕES S/A,SÃO PAULO,1.405e+06,20834,2007-07-02 00:00:00,2014-01-08 00:00:00,Emp. Adm. Part. - Sem Setor Principal,PRIVADO HOLDING,SEDE,SP
CANCELADA,00.115.890/0001-87,SHOPPING CENTER TACARUNA SA,RECIFE,5.101e+07,15733,1996-09-11 00:00:00,2019-03-13 00:00:00,Emp. Adm. Part. - Comércio (Atacado e Varejo),PRIVADO,SEDE,PE
CANCELADA,01.104.894/0001-22,SHOPTIME SA,RIO DE JANEIRO,2.22902e+07,15482,1996-04-26 00:00:00,2005-12-13 00:00:00,Emp. Adm. Part. - Comércio (Atacado e Varejo),ESTRANGEIRO HOLDING,SEDE,RJ
CANCELADA,88.270.178/0001-01,SIBISA TRADING SA,PORTO ALEGRE,9.00102e+07,13587,1989-11-14 00:00:00,2005-12-20 00:00:00,Comércio Exterior,PRIVADO,SEDE,RS
CANCELADA,15.144.306/0001-99,SIBRA ELETROSIDERURGICA BRASILEIRA SA (atual Rio Doce Manganês S/A),SIMÕES FILHO,4.37e+07,10669,1970-12-17 00:00:00,2002-03-21 00:00:00,Metalurgia e Siderurgia,PRIVADO,SEDE,BA
CANCELADA,77.623.163/0001-55,SID INFORMATICA SA,SÃO PAULO,1.33201e+06,12254,1985-02-14 00:00:00,1994-05-10 00:00:00,"Máquinas, Equipamentos, Veículos e Peças",PRIVADO,SEDE,SP
CANCELADA,19.882.497/0001-47,SID MICROELETRONICA SA,SÃO PAULO,1.33201e+06,13099,1986-12-01 00:00:00,1994-05-10 00:00:00,"Máquinas, Equipamentos, Veículos e Peças",PRIVADO,SEDE,SP
CANCELADA,00.367.961/0001-39,SIDERURGIA BRASILEIRA SA,BRASÍLIA,7.007e+07,13374,1988-09-09 00:00:00,1998-07-07 00:00:00,Emp. Adm. Participações,ESTATAL,SEDE,DF
CANCELADA,10.807.923/0001-03,SIDERURGICA ACONORTE SA,PORTO ALEGRE,9.022e+07,10677,1970-09-30 00:00:00,1996-12-23 00:00:00,Metalurgia e Siderurgia,PRIVADO,SEDE,RS
CANCELADA,89.011.795/0001-47,SIDERURGICA CEARENSE S/A,PORTO ALEGRE,9.022e+07,13269,1987-12-22 00:00:00,1995-12-29 00:00:00,Metalurgia e Siderurgia,PRIVADO,SEDE,RS
CANCELADA,57.490.229/0001-79,SIDERURGICA COFERRAZ SA,SÃO PAULO,1.31e+06,10685,1971-12-02 00:00:00,2005-12-20 00:00:00,Metalurgia e Siderurgia,PRIVADO,SEDE,SP
CANCELADA,76.486.430/0001-27,SIDERURGICA GUAIRA SA,PORTO ALEGRE,9.022e+07,10693,1971-12-02 00:00:00,1995-09-05 00:00:00,Metalurgia e Siderurgia,PRIVADO,SEDE,RS
CANCELADA,42.119.370/0001-92,SIDERURGICA HIME,SÃO GONÇALO,2.44e+07,10707,1981-04-29 00:00:00,1986-02-05 00:00:00,Metalurgia e Siderurgia,PRIVADO,SEDE,RJ
CANCELADA,92.780.311/0001-39,SIDERURGICA RIOGRANDENSE SA,PORTO ALEGRE,9.022e+07,10723,1968-05-17 00:00:00,1997-06-30 00:00:00,Metalurgia e Siderurgia,PRIVADO,SEDE,RS
CANCELADA,60.499.605/0001-09,SIFCO SA,JUNDIAÍ,1.32026e+07,10740,1970-10-07 00:00:00,2004-03-09 00:00:00,Metalurgia e Siderurgia,PRIVADO,SEDE,SP
CANCELADA,52.211.539/0001-93,SIFCOINVEST SA,SÃO PAULO,1.009e+06,12203,1985-01-16 00:00:00,1988-09-19 00:00:00,Emp. Adm. Participações,PRIVADO,SEDE,SP
CANCELADA,82.612.532/0001-44,SIMESC SA,JOINVILLE,8.92019e+07,10758,1976-01-29 00:00:00,1994-07-26 00:00:00,Metalurgia e Siderurgia,PRIVADO,SEDE,SC
ATIVO,07.415.333/0001-20,SIMPAR S.A.,SÃO PAULO,4.53e+06,25003,2020-07-29 00:00:00,2020-07-29 00:00:00,Serviços Transporte e Logística,PRIVADO,SEDE,SP
CANCELADA,04.065.791/0001-99,SINQIA S.A.,SÃO PAULO,1.415e+06,22799,2012-04-26 00:00:00,2024-01-19 00:00:00,Comunicação e Informática,PRIVADO,SEDE,SP
CANCELADA,04.065.791/0001-99,SINQIA S.A.,SÃO PAULO,1.415e+06,22799,2012-04-26 00:00:00,2024-01-19 00:00:00,Comunicação e Informática,PRIVADO,SEDE,SP
CANCELADA,22.668.529/0001-10,SIOM SA I INSTRS DE OTICA MEC,MONTES CLAROS,3.94e+07,10774,1977-07-20 00:00:00,2005-03-22 00:00:00,"Máquinas, Equipamentos, Veículos e Peças",PRIVADO,SEDE,MG
CANCELADA,57.491.276/0001-37,SIPOREX CONCRETO CELULAR SA,RIBEIRÃO PIRES,9.4e+06,10782,1973-02-23 00:00:00,1988-06-15 00:00:00,Extração Mineral,ESTRANGEIRO,SEDE,SP
CANCELADA,13.539.713/0001-70,SISAL BAHIA HOTEIS TURISMO SA,SALVADOR,4.19404e+07,10790,1972-07-28 00:00:00,2006-03-21 00:00:00,Hospedagem e Turismo,PRIVADO,SEDE,BA
CANCELADA,33.146.762/0001-50,SISAL IMOB SANTO AFONSO SA,SALVADOR,4.19404e+07,10804,1977-07-20 00:00:00,2005-12-20 00:00:00,"Construção Civil, Mat. Constr. e Decoração",PRIVADO,SEDE,BA
CANCELADA,17.165.036/0001-28,SIT SOC DE INSTALACOES TECS SA,BELO HORIZONTE,3.11502e+07,10812,1977-07-20 00:00:00,2002-04-25 00:00:00,"Construção Civil, Mat. Constr. e Decoração",PRIVADO,SEDE,MG
ATIVO,89.096.457/0001-55,SLC AGRICOLA SA,PORTO ALEGRE,9.13605e+07,20745,2007-06-12 00:00:00,2007-06-12 00:00:00,"Agricultura (Açúcar, Álcool e Cana)",PRIVADO,SEDE,RS
CANCELADA,31.910.308/0001-06,SLOT URBANISMO S.A.,JUIZ DE FORA,3.60253e+07,24678,2019-03-21 00:00:00,2020-01-31 00:00:00,"Construção Civil, Mat. Constr. e Decoração",PRIVADO,SEDE,MG
CANCELADA,00.694.303/0001-51,SMA EMPREENDIMENTOS E PARTICIPAÇÕES S.A.,CURITIBA,8.25901e+07,15148,1995-12-11 00:00:00,2008-04-02 00:00:00,Emp. Adm. Part. - Serviços médicos,PRIVADO,SEDE,PR
ATIVO,07.594.978/0001-78,SMARTFIT ESCOLA DE GINÁSTICA E DANÇA S.A.,SÃO PAULO,1.3101e+06,24260,2017-10-20 00:00:00,2017-10-20 00:00:00,Brinquedos e Lazer,PRIVADO,SEDE,SP
ATIVO,07.594.978/0001-78,SMARTFIT ESCOLA DE GINÁSTICA E DANÇA S.A.,SÃO PAULO,1.3101e+06,24260,2017-10-20 00:00:00,2017-10-20 00:00:00,Brinquedos e Lazer,PRIVADO,SEDE,SP
CANCELADA,05.730.375/0001-20,SMILES FIDELIDADE S.A.,BARUERI,6.454e+06,24252,2017-10-10 00:00:00,2021-09-01 00:00:00,Comércio (Atacado e Varejo),PRIVADO,SEDE,SP
CANCELADA,15.912.764/0001-20,SMILES S.A.,BARUERI,6.454e+06,23140,2013-04-25 00:00:00,2017-07-01 00:00:00,Comércio (Atacado e Varejo),PRIVADO,SEDE,SP
ATIVO,73.903.718/0001-61,SNB PARTICIPACOES SA,BLUMENAU,8.90102e+07,14303,1994-03-09 00:00:00,1994-03-09 00:00:00,Emp. Adm. Part. - Comércio (Atacado e Varejo),PRIVADO,SEDE,SC
CANCELADA,60.869.005/0001-87,SOBLOCO CONSTRUTORA SA,SÃO PAULO,1.452e+06,10820,1981-08-11 00:00:00,1985-04-15 00:00:00,"Construção Civil, Mat. Constr. e Decoração",PRIVADO,SEDE,SP
CANCELADA,60.594.538/0001-01,SOBRAL INVICTA SA,SÃO PAULO,3.057e+06,13501,1987-07-20 00:00:00,2001-05-31 00:00:00,Outras Atividades Industriais,PRIVADO,SEDE,SP
CANCELADA,60.852.035/0001-80,SOCIED. PAULIS ARTEF METALS/A,SÃO PAULO,4.183e+06,13145,1987-01-30 00:00:00,1988-04-05 00:00:00,Metalurgia e Siderurgia,PRIVADO,SEDE,SP
ATIVO,46.119.855/0001-37,SOCIEDADE ABASTECIMENTO DE AGUA E SANEAMENTO SA,CAMPINAS,1.30419e+07,16241,1997-04-29 00:00:00,1997-04-29 00:00:00,"Saneamento, Serv. Água e Gás",ESTATAL,SEDE,SP
CANCELADA,01.624.528/0001-02,SOCIEDADE PART CIMENTEIRAS SA,SÃO PAULO,5.805e+06,16217,1997-04-18 00:00:00,1998-06-29 00:00:00,"Construção Civil, Mat. Constr. e Decoração",ESTRANGEIRO,SEDE,SP
CANCELADA,51.936.094/0001-46,SOFIMA SA,SÃO PAULO,1.044e+06,13129,1987-01-12 00:00:00,1996-01-05 00:00:00,Outras Atividades Industriais,PRIVADO,SEDE,SP
CANCELADA,62.816.426/0001-75,SOGERAL LEASING SA ARREND MERC,BARUERI,6.45401e+06,10855,1983-11-07 00:00:00,2000-01-18 00:00:00,Arrendamento Mercantil,PRIVADO,SEDE,SP
CANCELADA,32.286.411/0001-81,SOLA SA INDS ALIMENTICIAS,TRÊS RIOS,2.58202e+07,14710,1995-01-10 00:00:00,2011-04-08 00:00:00,Alimentos,PRIVADO,SEDE,RJ
CANCELADA,05.615.334/0001-93,SOLAE DO BRASIL HOLDINGS SA,SÃO PAULO,5.8049e+06,19410,2003-07-15 00:00:00,2003-11-13 00:00:00,Emp. Adm. Participações,ESTRANGEIRO HOLDING,SEDE,SP
ATIVO,41.052.420/0001-07,SOLAR BEBIDAS S.A.,FORTALEZA,6.08113e+07,27014,2022-11-11 00:00:00,2022-11-11 00:00:00,Bebidas e Fumo,PRIVADO,SEDE,CE
CANCELADA,01.368.194/0001-45,SOLE DO BRASIL S.A. TELECOMUNICAÇÕES E COMERCIO EXTERIOR,SÃO PAULO,5.42406e+06,16004,1996-12-26 00:00:00,2010-01-04 00:00:00,Telecomunicações,PRIVADO,SEDE,SP
ATIVO,40.263.170/0001-83,SOLVI ESSENCIS AMBIENTAL S.A.,SÃO PAULO,5.348e+06,27073,2023-01-10 00:00:00,2023-01-10 00:00:00,"Saneamento, Serv. Água e Gás",PRIVADO,SEDE,SP
CANCELADA,02.541.982/0001-54,SOMOS EDUCAÇÃO S.A.,SÃO PAULO,5.4259e+06,22551,2011-07-22 00:00:00,2019-05-22 00:00:00,Gráficas e Editoras,PRIVADO,SEDE,SP
CANCELADA,93.209.765/0001-17,SONAE DISTRIBUIÇÃO BRASIL SA,PORTO ALEGRE,9.02302e+07,16055,1997-01-17 00:00:00,1998-11-24 00:00:00,Comércio (Atacado e Varejo),PRIVADO,SEDE,RS
CANCELADA,02.594.251/0001-77,SONDIS BRASIL SA,SÃO PAULO,4.734e+06,17981,1998-12-02 00:00:00,2000-02-03 00:00:00,Emp. Adm. Participações,PRIVADO,SEDE,SP
ATIVO,33.386.210/0001-19,SONDOTECNICA ENGENHARIA SOLOS S.A.,RIO DE JANEIRO,2.22709e+07,10880,1980-08-19 00:00:00,1980-08-19 00:00:00,"Construção Civil, Mat. Constr. e Decoração",PRIVADO,SEDE,RJ
CANCELADA,60.840.683/0001-17,SOPAVE SA SOC PAUL DE VEICULOS,SÃO PAULO,4.262e+06,10898,1977-07-20 00:00:00,1991-06-07 00:00:00,"Máquinas, Equipamentos, Veículos e Peças",PRIVADO,SEDE,SP
CANCELADA,61.088.795/0001-26,SORANA COML E IMPORTADORA SA,SÃO PAULO,2.511e+06,10901,1977-07-20 00:00:00,1988-09-08 00:00:00,"Máquinas, Equipamentos, Veículos e Peças",PRIVADO,SEDE,SP
CANCELADA,33.081.712/0001-31,SOTREQ SA TRATORES E EQUIPS,RIO DE JANEIRO,2.103e+07,10910,1982-08-24 00:00:00,1987-06-18 00:00:00,Comércio (Atacado e Varejo),PRIVADO,SEDE,RJ
CANCELADA,60.688.256/0001-65,SOUTO VIDIGAL SA,SÃO PAULO,5.303e+06,9547,1969-12-16 00:00:00,2004-03-11 00:00:00,Emp. Adm. Participações,PRIVADO,SEDE,SP
CANCELADA,33.009.911/0001-39,SOUZA CRUZ SA,RIO DE JANEIRO,2.00919e+07,4057,1969-09-18 00:00:00,2015-12-01 00:00:00,Bebidas e Fumo,ESTRANGEIRO,SEDE,RJ
CANCELADA,19.511.433/0001-30,SPE AKRO SECURITIZADORA S.A.,RIO DE JANEIRO,2.26401e+07,23361,2014-03-26 00:00:00,2015-07-07 00:00:00,Securitização de Recebíveis,PRIVADO,SEDE,RJ
ATIVO,48.710.127/0001-20,SPE NOVO NORTE AEROPORTOS S.A,BELÉM,6.61156e+07,27758,2025-01-16 00:00:00,2025-01-16 00:00:00,Emp. Adm. Part. - Serviços Transporte e Logística,PRIVADO,SEDE,PA
CANCELADA,08.064.412/0001-05,SPERB DO NE SA IND TEXTIL,PARNAMIRIM,5.915e+07,10936,1977-09-27 00:00:00,2005-03-22 00:00:00,Têxtil e Vestuário,PRIVADO,SEDE,RN
CANCELADA,33.000.522/0001-42,SPERRY SA,RIO DE JANEIRO,2.0044e+07,10944,1982-08-02 00:00:00,1985-05-21 00:00:00,"Máquinas, Equipamentos, Veículos e Peças",ESTRANGEIRO,SEDE,RJ
CANCELADA,45.397.007/0001-27,SPLICE DO BRASIL TELEC  E ELETRONICA S/A,VOTORANTIM,1.81109e+07,16489,1997-10-07 00:00:00,2003-11-12 00:00:00,"Máquinas, Equipamentos, Veículos e Peças",PRIVADO,SEDE,SP
CANCELADA,10.948.651/0001-61,SPRINGER CARRIER NE SA,RIO DE JANEIRO,5.34e+07,10952,1977-07-20 00:00:00,1985-06-18 00:00:00,"Máquinas, Equipamentos, Veículos e Peças",PRIVADO,SEDE,RJ
CANCELADA,92.929.520/0001-00,SPRINGER SA,COTIA,6.71128e+06,10960,1968-10-24 00:00:00,2020-12-15 00:00:00,"Máquinas, Equipamentos, Veículos e Peças",PRIVADO,SEDE,SP
CANCELADA,07.718.269/0001-57,SPRINGS GLOBAL PARTICIPAÇÕES S/A - EM RECUPERAÇÃO JUDICIAL,MONTES CLAROS,3.9404e+07,20966,2007-07-25 00:00:00,2026-01-09 00:00:00,Emp. Adm. Part. - Têxtil e Vestuário,PRIVADO HOLDING,SEDE,MG
CANCELADA,59.290.239/0001-96,SPSCS INDUSTRIAL SA,SÃO PAULO,4.18502e+06,1953,1977-07-20 00:00:00,2010-01-04 00:00:00,"Máquinas, Equipamentos, Veículos e Peças",PRIVADO,SEDE,SP
CANCELADA,01.328.630/0001-52,ST MICHEL SA,CURITIBA,8.005e+07,15725,1996-09-10 00:00:00,2006-03-14 00:00:00,"Construção Civil, Mat. Constr. e Decoração",PRIVADO,SEDE,PR
CANCELADA,33.460.635/0001-20,STANDARD ELETRONICA SA,RIO DE JANEIRO,2.122e+07,10979,1982-07-13 00:00:00,1991-04-12 00:00:00,"Máquinas, Equipamentos, Veículos e Peças",PRIVADO,SEDE,RJ
CANCELADA,91.495.499/0001-00,STARA S.A. - INDÚSTRIA DE IMPLEMENTOS AGRÍCOLAS,NÃO-ME-TOQUE,9.947e+07,24201,2017-09-18 00:00:00,2022-08-02 00:00:00,"Máquinas, Equipamentos, Veículos e Peças",PRIVADO HOLDING,SEDE,RS
CANCELADA,00.622.416/0001-41,STATKRAFT ENERGIAS RENOVÁVEIS S.A.,FLORIANÓPOLIS,8.8032e+07,22594,2011-09-19 00:00:00,2024-11-14 00:00:00,Energia Elétrica,PRIVADO,SEDE,SC
CANCELADA,12.592.746/0001-10,STEIN SP II PARTICIPAÇÕES S.A.,SÃO PAULO,1.241e+06,22292,2010-12-16 00:00:00,2012-10-29 00:00:00,Emp. Adm. Part. - Petróleo e Gás,PRIVADO HOLDING,SEDE,SP
CANCELADA,78.363.322/0001-92,STEVIAFARMA INDUSTRIAL SA,MARINGÁ,8.7002e+07,13153,1987-04-15 00:00:00,2005-08-02 00:00:00,Farmacêutico e Higiene,PRIVADO,SEDE,PR
CANCELADA,02.286.509/0001-78,SUBESTAÇÃO ELETROMETRÔ S/A,RIO DE JANEIRO,2.225e+07,17787,1998-09-25 00:00:00,2015-03-04 00:00:00,Emp. Adm. Part. - Energia Elétrica,PRIVADO,SEDE,RJ
CANCELADA,02.930.076/0001-41,SUBMARINO S/A,OSASCO,6.21011e+06,19682,2005-03-29 00:00:00,2006-12-13 00:00:00,Comércio (Atacado e Varejo),ESTRANGEIRO,SEDE,SP
ATIVO,02.062.747/0001-08,SUDESTE SA,RIO DE JANEIRO,2.002e+07,16586,1997-11-10 00:00:00,1997-11-10 00:00:00,Emp. Adm. Part. - Sem Setor Principal,PRIVADO,SEDE,RJ
CANCELADA,60.894.110/0001-76,SUDESTE SA IND E COMERCIO,SÃO PAULO,1.03e+06,10995,1971-04-07 00:00:00,2005-12-20 00:00:00,Comércio (Atacado e Varejo),PRIVADO,SEDE,SP
SUSPENSO(A) - DECISÃO ADM,13.584.310/0001-42,SUGOI S.A.,SÃO PAULO,4.53308e+06,23957,2016-07-19 00:00:00,2025-11-24 00:00:00,"Emp. Adm. Part. - Const. Civil, Mat. Const. e Decoração",PRIVADO,SEDE,SP
ATIVO,01.957.772/0001-89,SUL 116 PARTICIPAÇÕES S.A.,RIO DE JANEIRO,2.00409e+07,16438,1997-09-03 00:00:00,2023-11-17 00:00:00,Emp. Adm. Part. - Telecomunicações,PRIVADO HOLDING,SEDE,RJ
CANCELADA,33.040.924/0001-70,SUL AMERICA CAPITALIZACAO S.A.,RIO DE JANEIRO,2.0071e+07,11002,1977-07-20 00:00:00,2004-11-29 00:00:00,Seguradoras e Corretoras,PRIVADO,SEDE,RJ
CANCELADA,33.041.062/0001-09,SUL AMERICA CIA NACL SEGUROS,RIO DE JANEIRO,2.0091e+07,11010,1977-07-20 00:00:00,2008-05-12 00:00:00,Seguradoras e Corretoras,PRIVADO,SEDE,RJ
CANCELADA,29.978.814/0001-87,SUL AMERICA S/A,RIO DE JANEIRO,2.02119e+07,21121,2007-10-03 00:00:00,2022-04-14 00:00:00,Emp. Adm. Part. - Seguradoras e Corretoras,PRIVADO,SEDE,RJ
CANCELADA,29.978.814/0001-87,SUL AMERICA S/A,RIO DE JANEIRO,2.02119e+07,21121,2007-10-03 00:00:00,2022-04-14 00:00:00,Emp. Adm. Part. - Seguradoras e Corretoras,PRIVADO,SEDE,RJ
CANCELADA,92.664.937/0001-80,Sul América Santa Cruz Participações S.A.,RIO DE JANEIRO,2.0091e+07,10413,1977-07-20 00:00:00,1998-05-06 00:00:00,Seguradoras e Corretoras,PRIVADO,SEDE,RJ
CANCELADA,92.659.945/0001-38,SUL BRASILEIRO COM IMP EXP SA,NOVO HAMBURGO,9.33321e+07,11037,1977-07-20 00:00:00,2000-05-19 00:00:00,Emp. Adm. Participações,PRIVADO,SEDE,RS
CANCELADA,89.425.623/0001-10,"SUL BRASILEIRO CRED.,FINANC.E",PORTO ALEGRE,9e+07,11045,1971-07-22 00:00:00,1986-01-10 00:00:00,Crédito Imobiliário,PRIVADO,SEDE,RS
CANCELADA,11.181.400/0001-67,SUL INVEST SECURITIZADORA S.A.,CURITIBA,8.006e+07,23345,2014-02-26 00:00:00,2016-08-10 00:00:00,Securitização de Recebíveis,PRIVADO,SEDE,PR
CANCELADA,01.585.482/0001-51,SUL LOGISTICA SA,RIO DE JANEIRO,2.00579e+07,16144,1997-02-26 00:00:00,1999-12-13 00:00:00,Emp. Adm. Participações,ESTRANGEIRO,SEDE,RJ
CANCELADA,00.601.634/0001-08,SULABENTURES SA,SÃO PAULO,5.67916e+06,15008,1995-08-16 00:00:00,2002-09-19 00:00:00,Emp. Adm. Participações,PRIVADO,SEDE,SP
CANCELADA,42.363.150/0001-00,SULFAB CIA SULFOQUIMICA DA BA,CAMAÇARI,4.281e+07,11053,1974-10-17 00:00:00,1993-04-19 00:00:00,Petroquímicos e Borracha,PRIVADO,SEDE,BA
CANCELADA,92.692.433/0001-73,SULINA ALIMENTOS SA,SÃO PAULO,4.502e+06,6254,1977-07-20 00:00:00,1990-06-28 00:00:00,Alimentos,PRIVADO,SEDE,SP
CANCELADA,72.129.083/0001-24,SUPERAGRO SA FERT INSETICIDAS,CAMPO LIMPO PAULISTA,1.323e+07,11061,1972-11-22 00:00:00,2010-01-04 00:00:00,Petroquímicos e Borracha,PRIVADO,SEDE,SP
CANCELADA,92.192.509/0001-00,SUPERMERCADOS REAL SA,PORTO ALEGRE,9.02302e+07,7820,1977-07-20 00:00:00,1994-11-18 00:00:00,Comércio (Atacado e Varejo),PRIVADO,SEDE,RS
CANCELADA,02.735.385/0001-60,SUPERVIA CONCESS. DE TRANPORTE FERR. S/A,RIO DE JANEIRO,2.021e+07,18880,2001-02-20 00:00:00,2001-06-11 00:00:00,Serviços Transporte e Logística,PRIVADO,SEDE,RJ
CANCELADA,29.499.464/0001-76,SURAMIC S R A M IND COM SA,RIO DE JANEIRO,2.0761e+07,11096,1981-11-30 00:00:00,1985-09-17 00:00:00,Emp. Adm. Participações,ESTRANGEIRO,SEDE,RJ
ATIVO,60.651.809/0001-05,SUZANO HOLDING S.A.,SÃO PAULO,1.45292e+06,9067,1982-03-11 00:00:00,1982-03-11 00:00:00,Emp. Adm. Part. - Papel e Celulose,PRIVADO,SEDE,SP
ATIVO,16.404.287/0001-55,SUZANO S.A.,SALVADOR,4.181e+07,13986,1992-04-15 00:00:00,1992-04-15 00:00:00,Papel e Celulose,PRIVADO,SEDE,BA
CANCELADA,61.143.772/0001-77,SV ENGENHARIA SA,RIO DE JANEIRO,2.01199e+07,12998,1986-09-10 00:00:00,1997-12-17 00:00:00,Metalurgia e Siderurgia,PRIVADO,SEDE,RJ
ATIVO,08.801.621/0001-86,SYN PROP & TECH S.A.,SÃO PAULO,4.53813e+06,21040,2007-08-01 00:00:00,2007-08-01 00:00:00,"Emp. Adm. Part. - Const. Civil, Mat. Const. e Decoração",PRIVADO,SEDE,SP
ATIVO,08.801.621/0001-86,SYN PROP & TECH S.A.,SÃO PAULO,4.53813e+06,21040,2007-08-01 00:00:00,2007-08-01 00:00:00,"Emp. Adm. Part. - Const. Civil, Mat. Const. e Decoração",PRIVADO,SEDE,SP
CANCELADA,08.320.244/0001-63,T BARRETO IND COM SA,NATAL,5.9e+07,11118,1971-10-05 00:00:00,2006-03-21 00:00:00,Têxtil e Vestuário,PRIVADO,SEDE,RN
CANCELADA,02.860.694/0001-62,T4F ENTRETENIMENTO SA,SÃO PAULO,5.411e+06,21326,2008-02-11 00:00:00,2009-01-15 00:00:00,Brinquedos e Lazer,PRIVADO,SEDE,SP
ATIVO,02.860.694/0001-62,T4F ENTRETENIMENTO SA,SÃO PAULO,5.411e+06,22454,2011-04-11 00:00:00,2011-04-11 00:00:00,Brinquedos e Lazer,PRIVADO,SEDE,SP
CANCELADA,28.573.830/0001-27,TAIPE TRANCOSO EMPREENDIMENTOS S/A,PORTO SEGURO,4.581e+07,20508,2007-02-07 00:00:00,2016-03-11 00:00:00,Hospedagem e Turismo,PRIVADO,SEDE,BA
CANCELADA,01.832.635/0001-18,TAM S.A.,SÃO PAULO,4.072e+06,16390,1997-08-08 00:00:00,2012-07-18 00:00:00,Serviços Transporte e Logística,PRIVADO,SEDE,SP
CANCELADA,47.893.664/0001-90,TAM TRANSP AEREOS REGIONAIS SA,SÃO PAULO,4.072e+06,12297,1985-03-11 00:00:00,2000-11-30 00:00:00,Serviços Transporte e Logística,PRIVADO,SEDE,SP
ATIVO,27.967.244/0001-02,TAPAJÓS TRANSMISSORA DE ENERGIA S.A.,RIO DE JANEIRO,2.222e+07,24481,2018-06-28 00:00:00,2018-06-28 00:00:00,Energia Elétrica,PRIVADO,SEDE,RJ
CANCELADA,05.341.549/0001-63,TARPON INVESTIMENTOS S/A,SÃO PAULO,1.45101e+06,21717,2009-05-21 00:00:00,2019-07-17 00:00:00,Emp. Adm. Part. - Intermediação Financeira,PRIVADO HOLDING,SEDE,SP
ATIVO,92.781.335/0001-02,TAURUS ARMAS S.A.,SÃO LEOPOLDO,9.30354e+07,6173,1982-03-02 00:00:00,1982-03-02 00:00:00,"Máquinas, Equipamentos, Veículos e Peças",PRIVADO,SEDE,RS
ATIVO,92.781.335/0001-02,TAURUS ARMAS S.A.,SÃO LEOPOLDO,9.30354e+07,6173,1982-03-02 00:00:00,1982-03-02 00:00:00,"Máquinas, Equipamentos, Veículos e Peças",PRIVADO,SEDE,RS
ATIVO,26.345.998/0001-50,TC S.A.,SÃO PAULO,4.5439e+06,26077,2021-07-26 00:00:00,2021-07-26 00:00:00,Comunicação e Informática,PRIVADO,SEDE,SP
CANCELADA,67.437.434/0001-24,TC SECURITIES CIA DE SECURITIZAÇÃO,SANTA RITA DO PASSA QUATRO,1.367e+07,20389,2006-12-15 00:00:00,2018-03-19 00:00:00,Securitização de Recebíveis,PRIVADO,SEDE,SP
CANCELADA,02.558.132/0001-69,TCO CELULAR PARTICIPAÇÕES  S/A,BRASÍLIA,7.03029e+07,17612,1998-08-18 00:00:00,2006-05-16 00:00:00,Emp. Adm. Part. - Telecomunicações,PRIVADO HOLDING,SEDE,DF
CANCELADA,12.919.786/0001-24,TCP - TERMINAL DE CONTÊINERES DE PARANAGUÁ S.A.,PARANAGUÁ,8.32216e+07,24066,2016-10-27 00:00:00,2025-05-23 00:00:00,Serviços Transporte e Logística,PRIVADO,SEDE,PR
CANCELADA,22.770.366/0001-82,TEC TOY S/A,MANAUS,6.9075e+07,14133,1993-06-21 00:00:00,2019-08-01 00:00:00,"Máquinas, Equipamentos, Veículos e Peças",PRIVADO,SEDE,AM
CANCELADA,10.972.032/0001-02,TECANOR SA TEXTIL CATAR DO NE,PAULISTA,5.341e+07,11126,1971-11-11 00:00:00,1991-10-01 00:00:00,Têxtil e Vestuário,PRIVADO,SEDE,PE
ATIVO,08.424.178/0001-71,TECBLU - TECELAGEM BLUMENAU S/A.,PARNAMIRIM,5.91491e+07,11215,1971-04-28 00:00:00,1971-04-28 00:00:00,Têxtil e Vestuário,PRIVADO,SEDE,RN
CANCELADA,84.228.055/0001-43,TECELAGEM MALHARIA INDAIAL SA,INDAIAL,8.913e+07,11134,1968-10-29 00:00:00,1986-11-13 00:00:00,Têxtil e Vestuário,PRIVADO,SEDE,SC
CANCELADA,92.672.203/0001-42,TECHNOS RELOGIOS SA,RIO DE JANEIRO,2.264e+07,11169,1977-07-20 00:00:00,2005-04-18 00:00:00,Comércio (Atacado e Varejo),PRIVADO,SEDE,RJ
ATIVO,09.295.063/0001-97,TECHNOS SA,RIO DE JANEIRO,2.26401e+07,22519,2011-06-28 00:00:00,2011-06-28 00:00:00,Comércio (Atacado e Varejo),PRIVADO,SEDE,RJ
ATIVO,17.359.233/0001-88,TECIDOS E ARMARINHOS MIGUEL BARTOLOMEU S.A.,CONTAGEM,3.21502e+07,26760,2022-04-27 00:00:00,2022-04-27 00:00:00,Comércio (Atacado e Varejo),PRIVADO,SEDE,MG
ATIVO,08.065.557/0001-12,TECNISA S/A,SÃO PAULO,1.14006e+06,20435,2007-01-09 00:00:00,2007-01-09 00:00:00,"Construção Civil, Mat. Constr. e Decoração",PRIVADO,SEDE,SP
ATIVO,08.065.557/0001-12,TECNISA S/A,SÃO PAULO,1.14006e+06,20435,2007-01-09 00:00:00,2007-01-09 00:00:00,"Construção Civil, Mat. Constr. e Decoração",PRIVADO,SEDE,SP
CANCELADA,13.720.879/0001-98,TECNO WASTE S.A.,CURITIBA,8.00401e+07,23051,2013-02-25 00:00:00,2016-01-07 00:00:00,Emp. Adm. Part. - Sem Setor Principal,PRIVADO,SEDE,PR
ATIVO,08.100.057/0001-74,TECNOGERA-LOCAÇÃO E TRANSFORMAÇÃO DE ENERGIA S.A.,SÃO BERNARDO DO CAMPO,9.86217e+06,27847,2025-07-01 00:00:00,2025-07-01 00:00:00,"Máquinas, Equipamentos, Veículos e Peças",PRIVADO,SEDE,SP
CANCELADA,61.388.310/0001-10,TECNOMONT PROJS MONTS INDLS SA,SÃO PAULO,5.161e+06,11193,1982-07-08 00:00:00,1987-05-14 00:00:00,"Construção Civil, Mat. Constr. e Decoração",PRIVADO,SEDE,SP
CANCELADA,55.833.909/0001-12,TECPART PARTS E EMPREENDS SA,SÃO PAULO,4.795e+06,13102,1986-12-12 00:00:00,1992-11-12 00:00:00,Emp. Adm. Participações,PRIVADO,SEDE,SP
CANCELADA,00.299.045/0001-09,TEGENER PARTICIPACOES SA,RIO DE JANEIRO,2.0011e+07,14702,1994-12-28 00:00:00,2001-04-06 00:00:00,Emp. Adm. Participações,ESTRANGEIRO,SEDE,RJ
ATIVO,02.351.144/0001-18,TEGMA GESTÃO LOGÍSTICA SA,SÃO BERNARDO DO CAMPO,9.82066e+06,20800,2007-06-28 00:00:00,2007-06-28 00:00:00,Serviços Transporte e Logística,PRIVADO,SEDE,SP
ATIVO,30.213.493/0001-09,TEGRA INCORPORADORA S.A.,SÃO PAULO,4.794e+06,25844,2021-05-12 00:00:00,2021-05-12 00:00:00,"Emp. Adm. Part. - Const. Civil, Mat. Const. e Decoração",PRIVADO,SEDE,SP
SUSPENSO(A) - DECISÃO ADM,82.636.986/0001-55,TEKA TECELAGEM KUEHNRICH SA - EM RECUPERAÇÃO JUDICIAL,BLUMENAU,8.90529e+07,11223,1969-12-04 00:00:00,2026-05-19 00:00:00,Têxtil e Vestuário,PRIVADO,SEDE,SC
CANCELADA,33.467.572/0001-34,TEKNO S.A. INDÚSTRIA E COMÉRCIO,GUARATINGUETÁ,1.2522e+07,11231,1977-07-20 00:00:00,2026-05-14 00:00:00,Emp. Adm. Part. - Metalurgia e Siderurgia,PRIVADO,SEDE,SP
CANCELADA,02.369.651/0001-89,TELAIMA CELULAR SA,BOA VISTA,6.93012e+07,17094,1998-05-06 00:00:00,2000-11-17 00:00:00,Telecomunicações,PRIVADO HOLDING,SEDE,RR
CANCELADA,02.322.103/0001-01,TELAMAZON CELULAR SA,MANAUS,6.90053e+07,17108,1998-05-06 00:00:00,2000-11-17 00:00:00,Telecomunicações,PRIVADO,SEDE,AM
CANCELADA,02.328.592/0001-09,TELASA CELULAR SA,MACEIÓ,5.70204e+07,17116,1998-05-06 00:00:00,2004-01-30 00:00:00,Telecomunicações,PRIVADO,SEDE,AL
CANCELADA,02.558.144/0001-93,TELE LESTE CELULAR PARTICIPAÇÕES SA,SÃO PAULO,4.707e+06,17698,1998-08-19 00:00:00,2006-02-22 00:00:00,Emp. Adm. Part. - Telecomunicações,PRIVADO HOLDING,SEDE,SP
CANCELADA,02.558.156/0001-18,TELE NORDESTE CELULAR PARTICIPAÇÕES SA,JABOATÃO DOS GUARARAPES,5.44102e+07,17663,1998-08-19 00:00:00,2004-08-19 00:00:00,Emp. Adm. Participações,PRIVADO HOLDING,SEDE,PE
CANCELADA,02.558.154/0001-29,TELE NORTE CELULAR PARTICIPAÇÕES SA,RIO DE JANEIRO,2.228e+07,17604,1998-08-18 00:00:00,2013-01-07 00:00:00,Telecomunicações,PRIVADO HOLDING,SEDE,RJ
CANCELADA,02.558.134/0001-58,TELE NORTE LESTE PARTICIPAÇÕES SA,RIO DE JANEIRO,2.24302e+07,17655,1998-08-19 00:00:00,2012-02-27 00:00:00,Telecomunicações,PRIVADO HOLDING,SEDE,RJ
CANCELADA,02.558.129/0001-45,TELE SUDESTE CELULAR PARTICIPAÇÕES SA,RIO DE JANEIRO,2.225e+07,17620,1998-08-19 00:00:00,2006-02-22 00:00:00,Emp. Adm. Part. - Telecomunicações,PRIVADO,SEDE,RJ
CANCELADA,02.332.982/0001-44,TELEACRE CELULAR SA,RIO BRANCO,6.99001e+07,17124,1998-05-06 00:00:00,2000-05-19 00:00:00,Telecomunicações,ESTATAL,SEDE,AC
CANCELADA,02.333.355/0001-28,TELEAMAPÁ CELULAR SA,MACAPÁ,6.89e+07,17132,1998-05-06 00:00:00,2000-11-17 00:00:00,Telecomunicações,PRIVADO HOLDING,SEDE,AP
CANCELADA,02.331.879/0001-80,TELEBAHIA CELULAR SA,SALVADOR,4.115e+07,17140,1998-05-06 00:00:00,2001-04-27 00:00:00,Telecomunicações,PRIVADO HOLDING,SEDE,BA
CANCELADA,02.320.032/0001-08,TELEBRASÍLIA CELULAR SA,BRASÍLIA,7.03029e+07,17159,1998-05-06 00:00:00,2002-04-26 00:00:00,Telecomunicações,PRIVADO,SEDE,DF
ATIVO,00.336.701/0001-04,TELEC. BRASILEIRAS S.A. - TELEBRÁS,BRASÍLIA,7.06104e+07,11258,1981-01-21 00:00:00,1981-01-21 00:00:00,Telecomunicações,ESTATAL,SEDE,DF
CANCELADA,02.338.114/0001-71,TELECEARÁ CELULAR SA,FORTALEZA,6.012e+07,17167,1998-05-06 00:00:00,2004-01-30 00:00:00,Telecomunicações,PRIVADO,SEDE,CE
CANCELADA,00.058.578/0001-07,TELECOM BRASILIA SA,BRASÍLIA,7.12e+07,11274,1976-12-14 00:00:00,2000-02-28 00:00:00,Telecomunicações,PRIVADO HOLDING,SEDE,DF
CANCELADA,43.642.727/0001-85,TELECOM SAO PAULO SA,SÃO PAULO,1.3219e+06,11290,1975-07-29 00:00:00,2000-04-07 00:00:00,Telecomunicações,ESTATAL,SEDE,SP
CANCELADA,83.897.223/0001-20,TELECOM STA CATARINA SA,FLORIANÓPOLIS,8.80359e+07,17833,1998-10-05 00:00:00,2000-02-28 00:00:00,Telecomunicações,PRIVADO,SEDE,SC
CANCELADA,28.140.226/0001-07,TELECOMUNICAÇÕES  ESP SANTO S A - TELEST,VITÓRIA,2.90161e+07,11304,1969-05-28 00:00:00,2001-08-02 00:00:00,Telecomunicações,PRIVADO,SEDE,ES
CANCELADA,15.137.276/0001-93,TELECOMUNICAÇÕES BAHIA SA,SALVADOR,4.11569e+07,11266,1959-07-17 00:00:00,2001-08-02 00:00:00,Telecomunicações,PRIVADO,SEDE,BA
CANCELADA,17.184.201/0001-99,TELECOMUNICAÇÕES MINAS GERAIS SA,BELO HORIZONTE,3.013e+07,11282,1969-05-26 00:00:00,2001-08-02 00:00:00,Telecomunicações,PRIVADO,SEDE,MG
ATIVO,02.558.157/0001-62,TELEFÔNICA BRASIL S.A.,SÃO PAULO,4.57194e+06,17671,1998-08-19 00:00:00,1998-08-19 00:00:00,Telecomunicações,PRIVADO,SEDE,SP
CANCELADA,04.295.166/0001-33,TELEFONICA DATA BRASIL HOLDING SA,SÃO PAULO,1.451e+07,18937,2001-05-08 00:00:00,2006-04-28 00:00:00,Telecomunicações,PRIVADO HOLDING,SEDE,SP
CANCELADA,02.341.506/0001-90,TELEGOIAS CELULAR SA,GOIÂNIA,7.4115e+07,17175,1998-05-06 00:00:00,2001-12-17 00:00:00,Telecomunicações,PRIVADO,SEDE,GO
CANCELADA,48.695.928/0001-64,TELEINVEST PARTICIPACOES SA,SÃO PAULO,5.46001e+06,3565,1982-12-17 00:00:00,1994-11-11 00:00:00,Emp. Adm. Participações,PRIVADO,SEDE,SP
CANCELADA,33.000.118/0001-79,TELEMAR NORTE LESTE SA,RIO DE JANEIRO,2.228e+07,11320,1979-12-12 00:00:00,2012-05-11 00:00:00,Telecomunicações,PRIVADO,SEDE,RJ
CANCELADA,33.000.118/0001-79,TELEMAR NORTE LESTE SA,RIO DE JANEIRO,2.228e+07,11320,1979-12-12 00:00:00,2012-05-11 00:00:00,Telecomunicações,PRIVADO,SEDE,RJ
CANCELADA,02.107.946/0001-87,TELEMAR PARTICIPAÇÕES SA,RIO DE JANEIRO,2.225e+07,18678,2000-07-11 00:00:00,2015-09-01 00:00:00,Emp. Adm. Part. - Telecomunicações,PRIVADO,SEDE,RJ
CANCELADA,02.340.817/0001-34,TELEMAT CELULAR SA,ABADIA DOS DOURADOS,7.80051e+07,17205,1998-05-06 00:00:00,2000-05-19 00:00:00,Telecomunicações,ESTATAL,SEDE,MT
CANCELADA,02.558.118/0001-65,TELEMIG CELULAR PARTICIPAÇÕES S.A.,BELO HORIZONTE,3.01402e+07,17701,1998-08-19 00:00:00,2009-10-16 00:00:00,Telecomunicações,PRIVADO HOLDING,SEDE,MG
CANCELADA,02.320.739/0001-06,TELEMIG CELULAR SA,BELO HORIZONTE,3.01402e+07,17213,1998-05-06 00:00:00,2009-10-16 00:00:00,Telecomunicações,PRIVADO,SEDE,MG
CANCELADA,02.331.492/0001-23,TELEMS CELULAR SA,CAMPO GRANDE,7.90029e+07,17841,1998-10-05 00:00:00,2000-05-19 00:00:00,Telecomunicações,ESTATAL,SEDE,MS
CANCELADA,02.361.554/0001-40,TELEPARÁ CELULAR SA,BELÉM,6.60533e+07,17183,1998-05-06 00:00:00,2000-11-13 00:00:00,Telecomunicações,PRIVADO,SEDE,PA
CANCELADA,02.368.412/0001-04,TELEPISA CELULAR SA,TERESINA,6.4001e+07,17191,1998-05-06 00:00:00,2004-01-30 00:00:00,Telecomunicações,PRIVADO,SEDE,PI
CANCELADA,02.349.167/0001-98,TELERGIPE CELULAR SA,ARACAJU,4.90201e+07,17230,1998-05-06 00:00:00,2001-04-18 00:00:00,Telecomunicações,PRIVADO HOLDING,SEDE,SE
CANCELADA,02.330.506/0001-94,TELERJ CELULAR SA,RIO DE JANEIRO,2.225e+07,17248,1998-05-06 00:00:00,2001-03-20 00:00:00,Telecomunicações,PRIVADO,SEDE,RJ
CANCELADA,02.332.973/0001-53,TELERN CELULAR SA,NATAL,5.90634e+07,17256,1998-05-06 00:00:00,2004-01-30 00:00:00,Telecomunicações,PRIVADO,SEDE,RN
CANCELADA,02.337.949/0001-07,TELERON CELULAR SA,PORTO VELHO,7.89052e+07,17264,1998-05-06 00:00:00,2000-10-31 00:00:00,Telecomunicações,PRIVADO,SEDE,RO
CANCELADA,02.334.700/0001-48,TELESC CELULAR S/A,FLORIANÓPOLIS,8.80201e+07,17825,1998-10-05 00:00:00,2003-07-31 00:00:00,Telecomunicações,PRIVADO,SEDE,SC
CANCELADA,02.319.126/0001-59,TELESP CELULAR SA,SÃO PAULO,1.409e+06,17272,1998-05-06 00:00:00,2000-02-28 00:00:00,Telecomunicações,ESTATAL,SEDE,SP
CANCELADA,02.325.945/0001-09,TELEST CELULAR SA,VITÓRIA,2.90501e+07,17299,1998-05-06 00:00:00,2001-03-20 00:00:00,Telecomunicações,PRIVADO HOLDING,SEDE,ES
CANCELADA,01.655.694/0001-68,TELET SA,PORTO ALEGRE,9.08503e+07,16152,1997-03-06 00:00:00,2006-06-30 00:00:00,Telecomunicações,PRIVADO,SEDE,RS
CANCELADA,01.301.301/0001-18,TELETRUST DE RECEBIVEIS SA,RIO DE JANEIRO,2.0031e+07,15768,1996-09-20 00:00:00,2005-06-01 00:00:00,Bancos,PRIVADO,SEDE,RJ
CANCELADA,02.476.710/0001-18,TELINVEST SA,SÃO PAULO,5.407e+06,17418,1998-06-18 00:00:00,2018-06-11 00:00:00,Emp. Adm. Part. - Telecomunicações,PRIVADO HOLDING,SEDE,SP
CANCELADA,02.322.271/0001-99,TELPA CELULAR SA,JOÃO PESSOA,5.8039e+07,17302,1998-05-06 00:00:00,2004-01-30 00:00:00,Telecomunicações,PRIVADO,SEDE,PB
CANCELADA,02.591.814/0001-73,TELPART PARTICIPAÇÕES S/A,RIO DE JANEIRO,2.22902e+07,17507,1998-07-14 00:00:00,2008-04-29 00:00:00,Emp. Adm. Part. - Telecomunicações,PRIVADO HOLDING,SEDE,RJ
CANCELADA,06.977.739/0001-34,TEMPO PARTICIPAÇOES S/A,SÃO PAULO,6.473e+06,19917,2006-01-04 00:00:00,2016-05-10 00:00:00,Emp. Adm. Part. - Serviços médicos,ESTRANGEIRO HOLDING,SEDE,SP
CANCELADA,61.079.869/0001-68,TENENGE TEC NAC ENGENHARIA SA,SÃO PAULO,1.414e+06,13579,1989-10-20 00:00:00,1994-12-02 00:00:00,Serviços Diversos,PRIVADO,SEDE,SP
CANCELADA,11.566.501/0001-56,TEREOS INTERNACIONAL S/A,SÃO PAULO,1.452e+06,22136,2010-08-11 00:00:00,2016-09-28 00:00:00,Alimentos,ESTRANGEIRO HOLDING,SEDE,SP
ATIVO,10.502.676/0001-37,TERMELÉTRICA PERNAMBUCO III S.A.,IGARASSU,5.367e+07,23329,2013-12-10 00:00:00,2015-07-17 00:00:00,Energia Elétrica,PRIVADO,SEDE,PE
CANCELADA,02.664.042/0001-52,TERMINAL GARAGEM MENEZES CORTES SA,RIO DE JANEIRO,2.001e+07,18538,2000-01-17 00:00:00,2025-12-17 00:00:00,Serviços Transporte e Logística,PRIVADO,SEDE,RJ
CANCELADA,14.688.220/0001-64,TERMINAL QUIM ARATU SA,SANTO ANDRÉ,9.27e+06,11339,1981-12-23 00:00:00,1997-12-11 00:00:00,Serviços Transporte e Logística,PRIVADO,SEDE,SP
CANCELADA,92.780.634/0001-22,TERMOLAR SA,PORTO ALEGRE,9.19009e+07,11347,1977-07-20 00:00:00,1998-10-07 00:00:00,Outras Atividades Industriais,PRIVADO,SEDE,RS
CANCELADA,03.795.050/0001-09,TERMOPERNAMBUCO SA,RIO DE JANEIRO,2.221e+07,19852,2005-10-31 00:00:00,2025-11-04 00:00:00,Energia Elétrica,PRIVADO,SEDE,RJ
ATIVO,21.748.188/0001-20,TERP GLBL BRASIL I PARTICIPAÇÕES S.A.,RIO DE JANEIRO,2.2775e+07,27804,2025-05-09 00:00:00,2025-05-09 00:00:00,Emp. Adm. Part. - Energia Elétrica,PRIVADO,SEDE,RJ
CANCELADA,05.799.312/0001-20,TERRA SANTA AGRO S.A.,SÃO PAULO,4.57115e+06,20354,2006-11-09 00:00:00,2021-10-19 00:00:00,"Agricultura (Açúcar, Álcool e Cana)",PRIVADO,SEDE,SP
ATIVO,40.337.136/0001-06,TERRA SANTA PROPRIEDADES AGRÍCOLAS S.A.,SÃO PAULO,4.57115e+06,26000,2021-07-14 00:00:00,2021-07-14 00:00:00,"Agricultura (Açúcar, Álcool e Cana)",PRIVADO,SEDE,SP
CANCELADA,01.115.535/0001-70,TESC - TERMINAL SANTA CATARINA S/A,SÃO FRANCISCO DO SUL,8.924e+07,16713,1997-12-08 00:00:00,2006-05-31 00:00:00,Serviços Transporte e Logística,PRIVADO,SEDE,SC
CANCELADA,06.443.014/0001-66,TEXA MARANHENSE SA,PARAIBANO,6.567e+07,11355,1980-01-02 00:00:00,2005-08-09 00:00:00,Têxtil e Vestuário,PRIVADO,SEDE,MA
CANCELADA,24.019.192/0001-46,TEXPAR SA,RIO DE JANEIRO,2.0071e+07,15873,1996-11-08 00:00:00,2002-12-17 00:00:00,Emp. Adm. Participações,PRIVADO,SEDE,RJ
CANCELADA,50.116.334/0001-01,TEXTIL DUOMO SA,ITATIBA,1.325e+07,12378,1985-06-11 00:00:00,1991-11-21 00:00:00,Têxtil e Vestuário,PRIVADO,SEDE,SP
ATIVO,82.982.075/0001-80,TÊXTIL RENAUXVIEW S/A,BRUSQUE,8.8351e+07,7544,1969-08-11 00:00:00,1969-08-11 00:00:00,Têxtil e Vestuário,PRIVADO,SEDE,SC
CANCELADA,54.485.982/0001-88,TEXTILIA SA,SÃO PAULO,3.0809e+06,17426,1998-06-26 00:00:00,2004-12-23 00:00:00,Emp. Adm. Participações,PRIVADO HOLDING,SEDE,SP
CANCELADA,08.253.728/0001-37,TFA SECURITIZADORA S/A,SÃO PAULO,4.534e+06,20460,2007-01-19 00:00:00,2013-03-14 00:00:00,Securitização de Recebíveis,PRIVADO,SEDE,SP
CANCELADA,84.684.455/0001-63,TIGRE S.A. PARTICIPAÇÕES,JOINVILLE,8.92039e+07,15962,1996-12-09 00:00:00,2003-05-30 00:00:00,"Construção Civil, Mat. Constr. e Decoração",PRIVADO,SEDE,SC
ATIVO,84.684.455/0001-63,TIGRE S.A. PARTICIPAÇÕES,JOINVILLE,8.92039e+07,26255,2021-10-01 00:00:00,2021-10-01 00:00:00,"Construção Civil, Mat. Constr. e Decoração",PRIVADO,SEDE,SC
ATIVO,02.600.854/0001-34,TIM BRASIL SERVIÇOS E PARTICIPAÇÕES S.A.,RIO DE JANEIRO,2.09402e+07,27090,2023-02-17 00:00:00,2023-02-17 00:00:00,Telecomunicações,ESTRANGEIRO HOLDING,SEDE,RJ
CANCELADA,02.336.993/0001-00,TIM NORDESTE TELECOMUNICAÇÕES S.A.,JABOATÃO DOS GUARARAPES,5.44102e+07,17078,1998-05-06 00:00:00,2005-12-06 00:00:00,Telecomunicações,PRIVADO,SEDE,PE
CANCELADA,02.558.115/0001-21,TIM PARTICIPAÇÕES SA,RIO DE JANEIRO,2.27751e+07,17639,1998-08-19 00:00:00,2020-08-31 00:00:00,Emp. Adm. Part. - Telecomunicações,PRIVADO,SEDE,RJ
ATIVO,02.421.421/0001-11,TIM S.A.,RIO DE JANEIRO,2.27751e+07,24929,2020-03-17 00:00:00,2020-03-17 00:00:00,Telecomunicações,PRIVADO HOLDING,SEDE,RJ
CANCELADA,02.332.397/0001-44,TIM SUL S.A.,CURITIBA,8.042e+07,17221,1998-05-06 00:00:00,2005-12-06 00:00:00,Telecomunicações,PRIVADO,SEDE,PR
CANCELADA,92.663.004/0001-78,TITAN COMERCIO E INDUSTRIA SA,PORTO ALEGRE,9.023e+07,11428,1979-12-12 00:00:00,1989-09-22 00:00:00,Metalurgia e Siderurgia,PRIVADO,SEDE,RS
CANCELADA,07.073.027/0001-53,"TIVIT TERCEIRIZAÇÃO DE PROCESSOS, SERVIÇOS E TECNOLOGIA S/A",SÃO PAULO,4.757e+06,21768,2009-09-24 00:00:00,2011-01-11 00:00:00,Comunicação e Informática,PRIVADO,SEDE,SP
CANCELADA,08.669.754/0001-40,TIVIT TERCEIRIZAÇÃO DE TECNOLOGIA E SERVIÇOS S/A,SÃO PAULO,1.452e+06,21474,2008-05-19 00:00:00,2008-12-29 00:00:00,Comunicação e Informática,PRIVADO HOLDING,SEDE,SP
CANCELADA,02.747.251/0001-60,TOBASA TOCANTINS BABACU SA,TOCANTINÓPOLIS,7.79e+07,11436,1977-07-20 00:00:00,2000-09-28 00:00:00,Alimentos,PRIVADO,SEDE,TO
CANCELADA,62.870.720/0001-65,TOKYO LEASING DO BRASIL SA,SÃO PAULO,1.31e+06,11983,1984-08-28 00:00:00,1992-09-08 00:00:00,Arrendamento Mercantil,ESTRANGEIRO,SEDE,SP
CANCELADA,00.640.687/0001-20,TOP SHOPPING EMPRS E PARTS SA,RIO DE JANEIRO,2.0031e+07,15075,1995-10-03 00:00:00,2000-05-16 00:00:00,Emp. Adm. Participações,PRIVADO,SEDE,RJ
CANCELADA,01.529.587/0001-93,TORCEDOR SA,RIO DE JANEIRO,2.22322e+07,15920,1996-12-05 00:00:00,2007-02-28 00:00:00,Emp. Adm. Part. - Brinquedos e Lazer,PRIVADO,SEDE,RJ
ATIVO,53.113.791/0001-22,TOTVS S.A,SÃO PAULO,2.511e+06,19992,2006-03-07 00:00:00,2006-03-07 00:00:00,Comunicação e Informática,PRIVADO,SEDE,SP
ATIVO,03.014.553/0001-91,TPI - TRIUNFO PARTICIPACOES E INVESTIMENTOS S.A.,SÃO PAULO,4.551e+06,19330,2002-12-05 00:00:00,2002-12-05 00:00:00,Emp. Adm. Part. - Serviços Transporte e Logística,PRIVADO HOLDING,SEDE,SP
ATIVO,59.418.806/0001-47,TRACK & FIELD CO S.A,SÃO PAULO,4.205e+06,25208,2020-10-22 00:00:00,2020-10-22 00:00:00,Têxtil e Vestuário,PRIVADO,SEDE,SP
CANCELADA,90.286.105/0001-41,TRAFO EQUIPAMENTOS ELETRICOS S.A.,GRAVATAÍ,9.41002e+07,11452,1969-11-04 00:00:00,2009-12-30 00:00:00,"Máquinas, Equipamentos, Veículos e Peças",PRIVADO,SEDE,RS
CANCELADA,03.410.509/0001-09,TRAIANUS SA,SÃO PAULO,1.006e+06,18503,1999-12-22 00:00:00,2004-04-13 00:00:00,"Construção Civil, Mat. Constr. e Decoração",ESTRANGEIRO,SEDE,SP
CANCELADA,59.105.262/0001-63,TRANSAUTO TRANSP ESPECS AUT SA,SÃO BERNARDO DO CAMPO,9.74055e+06,11460,1977-07-20 00:00:00,1998-07-22 00:00:00,Serviços Transporte e Logística,PRIVADO,SEDE,SP
CANCELADA,60.872.173/0001-21,TRANSBRASIL SA LINHAS AEREAS - FALIDA,BRASÍLIA,7.161e+07,11479,1977-07-20 00:00:00,2010-01-04 00:00:00,Serviços Transporte e Logística,PRIVADO,SEDE,DF
ATIVO,09.074.183/0001-64,TRANSBRASILIANA CONCESSIONÁRIA DE RODOVIA SA,LINS,1.64e+07,22225,2010-11-05 00:00:00,2010-11-05 00:00:00,Serviços Transporte e Logística,PRIVADO,SEDE,SP
ATIVO,07.859.971/0001-30,TRANSMISSORA ALIANÇA DE ENERGIA ELÉTRICA S.A.,RIO DE JANEIRO,2.26401e+07,20257,2006-09-06 00:00:00,2006-09-06 00:00:00,Emp. Adm. Part. - Energia Elétrica,PRIVADO,SEDE,RJ
ATIVO,07.859.971/0001-30,TRANSMISSORA ALIANÇA DE ENERGIA ELÉTRICA S.A.,RIO DE JANEIRO,2.26401e+07,20257,2006-09-06 00:00:00,2006-09-06 00:00:00,Emp. Adm. Part. - Energia Elétrica,PRIVADO,SEDE,RJ
ATIVO,21.728.083/0001-00,TRANSMISSORA JOSÉ MARIA DE MACEDO DE ELETRICIDADE S.A.,SÃO PAULO,4.53301e+06,26654,2022-03-21 00:00:00,2022-03-21 00:00:00,Energia Elétrica,PRIVADO HOLDING,SEDE,SP
ATIVO,02.281.836/0001-37,TRANSNORDESTINA LOGISTICA SA,FORTALEZA,6.03352e+07,20443,2007-01-11 00:00:00,2007-01-11 00:00:00,Serviços Transporte e Logística,PRIVADO,SEDE,CE
CANCELADA,01.529.588/0001-38,TRANSUL SA,RIO DE JANEIRO,2.00579e+07,15938,1996-12-05 00:00:00,1999-12-13 00:00:00,Emp. Adm. Participações,ESTRANGEIRO,SEDE,RJ
ATIVO,38.042.694/0001-00,TRAVESSIA SECURITIZADORA DE CRÉDITOS FINANCEIROS S.A.,SÃO PAULO,4.53301e+06,25240,2020-11-04 00:00:00,2020-11-04 00:00:00,Securitização de Recebíveis,PRIVADO,SEDE,SP
ATIVO,43.335.774/0001-86,TRAVESSIA SECURITIZADORA DE CRÉDITOS MERCANTIS VI S.A.,SÃO PAULO,4.53301e+06,26824,2022-06-08 00:00:00,2022-06-08 00:00:00,Securitização de Recebíveis,PRIVADO,SEDE,SP
ATIVO,26.609.050/0001-64,TRAVESSIA SECURITIZADORA S.A.,SÃO PAULO,4.53301e+06,24082,2017-02-09 00:00:00,2017-02-09 00:00:00,Securitização de Recebíveis,PRIVADO,SEDE,SP
ATIVO,26.609.050/0001-64,TRAVESSIA SECURITIZADORA S.A.,SÃO PAULO,4.53301e+06,24082,2017-02-09 00:00:00,2017-02-09 00:00:00,Securitização de Recebíveis,PRIVADO,SEDE,SP
ATIVO,94.813.102/0001-70,TRÊS TENTOS AGROINDUSTRIAL S.A.,SANTA BÁRBARA DO SUL,9.824e+07,25950,2021-06-21 00:00:00,2021-06-21 00:00:00,"Agricultura (Açúcar, Álcool e Cana)",PRIVADO,SEDE,RS
ATIVO,92.660.570/0001-26,TREVISA  INVESTIMENTOS SA,PORTO ALEGRE,9.08102e+07,8192,1980-12-15 00:00:00,1980-12-15 00:00:00,Emp. Adm. Part. - Sem Setor Principal,PRIVADO,SEDE,RS
CANCELADA,02.509.186/0001-34,TRIÂNGULO DO SOL AUTO-ESTRADAS S.A.,MATÃO,1.599e+07,23060,2013-02-25 00:00:00,2023-08-01 00:00:00,Serviços Transporte e Logística,PRIVADO,SEDE,SP
CANCELADA,13.558.226/0001-54,TRIKEM SA,CAMAÇARI,4.281e+07,4910,1979-10-10 00:00:00,2004-01-15 00:00:00,Petroquímicos e Borracha,PRIVADO,SEDE,BA
CANCELADA,32.185.928/0001-84,TRILUX PARTICIPACOES SA,RIO DE JANEIRO,2.227e+07,13420,1988-11-29 00:00:00,2001-06-26 00:00:00,Emp. Adm. Participações,PRIVADO,SEDE,RJ
CANCELADA,24.717.074/0001-01,TRÍPLICE SECURITIZADORA DE ATIVOS MERCANTIS S.A.,NATAL,5.90562e+07,24023,2016-10-04 00:00:00,2017-11-30 00:00:00,Securitização de Recebíveis,PRIVADO,SEDE,RN
ATIVO,08.811.643/0001-27,TRISUL S/A,SÃO PAULO,4.52202e+06,21130,2007-10-10 00:00:00,2007-10-10 00:00:00,"Emp. Adm. Part. - Const. Civil, Mat. Const. e Decoração",PRIVADO,SEDE,SP
ATIVO,08.811.643/0001-27,TRISUL S/A,SÃO PAULO,4.52202e+06,21130,2007-10-10 00:00:00,2007-10-10 00:00:00,"Emp. Adm. Part. - Const. Civil, Mat. Const. e Decoração",PRIVADO,SEDE,SP
CANCELADA,24.955.657/0001-70,TRIUNFO SECURITIZADORA DE ATIVOS S.A.,MACAÍBA,5.928e+07,24031,2016-10-04 00:00:00,2017-12-21 00:00:00,Securitização de Recebíveis,PRIVADO,SEDE,RN
CANCELADA,02.987.278/0001-20,TRK BRASIL TRUST SA,CAMAÇARI,4.281e+07,18392,1999-07-23 00:00:00,2003-10-31 00:00:00,Emp. Adm. Participações,PRIVADO,SEDE,BA
CANCELADA,20.553.221/0001-02,TROCAFONE S.A.,SÃO PAULO,5.09504e+06,26573,2022-01-03 00:00:00,2022-05-16 00:00:00,Comércio (Atacado e Varejo),PRIVADO,SEDE,SP
CANCELADA,61.227.963/0001-17,TROL SA INDUSTRIA E COMERCIO,SÃO PAULO,1e+06,11509,1980-10-07 00:00:00,2005-12-20 00:00:00,Petroquímicos e Borracha,PRIVADO,SEDE,SP
CANCELADA,88.209.697/0001-56,TROMBINI PAPEL E EMBALAGENS SA,CURITIBA,8.08206e+07,5797,1977-07-20 00:00:00,1998-11-20 00:00:00,Papel e Celulose,PRIVADO,SEDE,PR
CANCELADA,75.049.965/0001-78,TROMBINI SA ADM E PARTICIPACAO,CURITIBA,8.08206e+07,11517,1986-07-21 00:00:00,1999-12-13 00:00:00,Emp. Adm. Participações,PRIVADO HOLDING,SEDE,PR
ATIVO,15.115.504/0001-24,TRONOX PIGMENTOS DO BRASIL S.A.,CAMAÇARI,4.28297e+07,11398,1970-12-23 00:00:00,1970-12-23 00:00:00,Petroquímicos e Borracha,PRIVADO HOLDING,SEDE,BA
CANCELADA,61.418.430/0001-12,TRORION SA,DIADEMA,9.95092e+06,11525,1969-09-16 00:00:00,2011-03-30 00:00:00,Petroquímicos e Borracha,PRIVADO,SEDE,SP
CANCELADA,42.603.513/0001-37,TRUE SECURITIZADORA DE CREDITOS FINANCEIROS IV S.A.,SÃO PAULO,4.506e+06,26492,2021-12-17 00:00:00,2022-06-22 00:00:00,Securitização de Recebíveis,PRIVADO,SEDE,SP
CANCELADA,12.130.744/0001-00,TRUE SECURITIZADORA S.A.,SÃO PAULO,4.506e+06,22276,2010-11-25 00:00:00,2022-06-30 00:00:00,Securitização de Recebíveis,PRIVADO,SEDE,SP
CANCELADA,12.130.744/0001-00,TRUE SECURITIZADORA S.A.,SÃO PAULO,4.506e+06,22276,2010-11-25 00:00:00,2022-06-30 00:00:00,Securitização de Recebíveis,PRIVADO,SEDE,SP
CANCELADA,43.107.119/0001-70,TRUFANA TEXTIL SA,SÃO PAULO,4.755e+06,12963,1986-08-07 00:00:00,2010-01-04 00:00:00,Têxtil e Vestuário,PRIVADO,SEDE,SP
CANCELADA,11.716.471/0001-17,TRX SECURITIZADORA S.A.,SÃO PAULO,1.452e+06,22420,2011-03-02 00:00:00,2023-06-21 00:00:00,Securitização de Recebíveis,PRIVADO HOLDING,SEDE,SP
CANCELADA,06.033.448/0001-98,TSL SECURITIZADORA E PARTICIPAÇÕES S.A.,RIO DE JANEIRO,2.2631e+07,19526,2004-03-17 00:00:00,2017-03-07 00:00:00,Securitização de Recebíveis,PRIVADO,SEDE,RJ
ATIVO,59.115.685/0001-64,TUPI ENERGIAS RENOVÁVEIS S.A.,SÃO PAULO,4.543e+06,27944,2025-10-29 00:00:00,2025-10-29 00:00:00,Emp. Adm. Part. - Energia Elétrica,PRIVADO,SEDE,SP
CANCELADA,00.313.160/0001-90,TUPIANA SA,RIO DE JANEIRO,2.00579e+07,14648,1994-12-06 00:00:00,1998-12-18 00:00:00,Emp. Adm. Participações,PRIVADO,SEDE,RJ
CANCELADA,01.158.851/0001-20,TUPINAMBARANA SA,RIO DE JANEIRO,2.055e+07,15520,1996-05-06 00:00:00,1997-10-30 00:00:00,Emp. Adm. Participações,PRIVADO,SEDE,RJ
CANCELADA,81.599.961/0001-66,TUPY METALMECANICA SA,JOINVILLE,8.92e+07,13870,1991-07-15 00:00:00,1993-03-11 00:00:00,Emp. Adm. Participações,PRIVADO,SEDE,SC
ATIVO,84.683.374/0001-49,TUPY SA,JOINVILLE,8.92279e+07,6343,1966-07-01 00:00:00,1966-07-01 00:00:00,Metalurgia e Siderurgia,PRIVADO,SEDE,SC
ATIVO,26.982.634/0001-80,TURBI COMPARTILHAMENTO DE VEÍCULOS S.A.,SÃO PAULO,5.4025e+06,27197,2023-05-11 00:00:00,2023-05-11 00:00:00,Serviços Transporte e Logística,PRIVADO,SEDE,SP
CANCELADA,60.479.813/0001-38,UCAR CARBON SA,SÃO PAULO,5.02501e+06,13498,1989-05-31 00:00:00,1995-09-12 00:00:00,Emp. Adm. Participações,ESTRANGEIRO HOLDING,SEDE,SP
CANCELADA,03.748.077/0001-32,UHESC S/A,RIO DE JANEIRO,2.26401e+07,18813,2000-12-05 00:00:00,2005-06-27 00:00:00,Emp. Adm. Participações,PRIVADO,SEDE,RJ
CANCELADA,05.388.437/0001-68,ULBRA RECEBIVEIS S/A,CANOAS,9.20102e+07,19461,2003-10-09 00:00:00,2011-07-15 00:00:00,Securitização de Recebíveis,PRIVADO,SEDE,RS
CANCELADA,61.600.953/0001-85,ULTRAFERTIL SA IND. E COM,CUBATÃO,1.15709e+07,14265,1993-12-10 00:00:00,1995-11-09 00:00:00,Petroquímicos e Borracha,PRIVADO,SEDE,SP
ATIVO,33.256.439/0001-39,ULTRAPAR PARTICIPAÇÕES SA,SÃO PAULO,1.31791e+06,18465,1999-09-27 00:00:00,1999-09-27 00:00:00,Emp. Adm. Part. - Petróleo e Gás,PRIVADO,SEDE,SP
CANCELADA,34.266.973/0001-99,ULTRAQUIMICA PARTICIPACOES SA,SÃO PAULO,1.3509e+06,11533,1983-05-06 00:00:00,1995-07-31 00:00:00,Emp. Adm. Participações,PRIVADO,SEDE,SP
CANCELADA,07.394.616/0001-33,UNI CIDADE SPTRUST DE RECEBÍVEIS SA,SÃO PAULO,3.071e+06,20079,2006-05-23 00:00:00,2014-05-16 00:00:00,Securitização de Recebíveis,PRIVADO,SEDE,SP
ATIVO,53.153.938/0001-08,UNIÃO PET PARTICIPAÇÕES S.A.,SÃO PAULO,5.31901e+06,27766,2025-01-21 00:00:00,2025-01-21 00:00:00,Comércio (Atacado e Varejo),PRIVADO,SEDE,SP
ATIVO,60.665.981/0001-18,UNIÃO QUÍMICA FARMACÊUTICA NACIONAL S.A.,EMBU-GUAÇU,6.9001e+06,26867,2022-07-07 00:00:00,2022-07-07 00:00:00,Farmacêutico e Higiene,PRIVADO,SEDE,SP
CANCELADA,60.400.512/0001-77,UNIBANCO BANCO INV BRASIL SA,SÃO PAULO,5.423e+06,11576,1977-07-20 00:00:00,1989-12-01 00:00:00,Bancos,PRIVADO,SEDE,SP
CANCELADA,00.022.034/0001-87,UNIBANCO HOLDINGS S.A.,SÃO PAULO,5.4239e+06,14753,1995-01-24 00:00:00,2009-04-13 00:00:00,Emp. Adm. Part. - Intermediação Financeira,PRIVADO HOLDING,SEDE,SP
CANCELADA,34.120.899/0001-06,UNIBANCO LEASING S.A .-ARREND.MERCANTIL,BARUERI,6.4549e+06,11550,1981-06-03 00:00:00,2001-09-28 00:00:00,Arrendamento Mercantil,PRIVADO,SEDE,SP
CANCELADA,44.071.785/0001-69,UNIBANCO LEASING S.A.- ARREND. MERCANTIL,BARUERI,6.4549e+06,1449,1981-07-23 00:00:00,1989-12-14 00:00:00,Arrendamento Mercantil,PRIVADO,SEDE,SP
CANCELADA,44.071.785/0001-69,UNIBANCO LEASING S.A.- ARREND. MERCANTIL,BARUERI,6.4549e+06,13951,1991-12-26 00:00:00,2005-11-30 00:00:00,Arrendamento Mercantil,PRIVADO,SEDE,SP
CANCELADA,33.783.754/0001-14,UNIBANCO SISTEMAS SA,SÃO PAULO,5.548e+06,11568,1983-05-23 00:00:00,1987-10-08 00:00:00,"Máquinas, Equipamentos, Veículos e Peças",PRIVADO,SEDE,SP
CANCELADA,33.700.394/0001-40,UNIBANCO UNIAO BANCOS BRAS SA,SÃO PAULO,5.4239e+06,11584,1977-07-20 00:00:00,2009-04-13 00:00:00,Bancos,PRIVADO,SEDE,SP
CANCELADA,61.071.387/0001-61,UNICARD BANCO MULTIPLO S.A.,BARUERI,6.46004e+06,841,1977-07-20 00:00:00,2002-11-28 00:00:00,Bancos,PRIVADO,SEDE,SP
ATIVO,90.441.460/0001-48,UNICASA INDÚSTRIA DE MÓVEIS S.A.,BENTO GONÇALVES,9.57075e+07,22780,2012-04-25 00:00:00,2012-04-25 00:00:00,"Construção Civil, Mat. Constr. e Decoração",PRIVADO,SEDE,RS
ATIVO,75.609.123/0001-23,UNIDAS LOCAÇÕES E SERVIÇOS S.A.,CURITIBA,8.11702e+07,23280,2013-11-14 00:00:00,2013-11-14 00:00:00,Serviços Transporte e Logística,PRIVADO,SEDE,PR
ATIVO,45.736.131/0001-70,UNIDAS LOCADORA S.A.,BELO HORIZONTE,3.02601e+07,27162,2023-05-05 00:00:00,2023-05-05 00:00:00,Serviços Transporte e Logística,PRIVADO,SEDE,MG
ATIVO,02.255.187/0001-08,UNIFIQUE TELECOMUNICAÇÕES S.A.,TIMBÓ,8.909e+07,26050,2021-07-23 00:00:00,2021-07-23 00:00:00,Emp. Adm. Part. - Telecomunicações,PRIVADO,SEDE,SC
CANCELADA,05.303.439/0001-07,UNIGEL PARTICIPAÇÕES S.A.,SÃO PAULO,4.57101e+06,26301,2021-11-03 00:00:00,2025-09-29 00:00:00,Petroquímicos e Borracha,PRIVADO,SEDE,SP
ATIVO,33.958.695/0001-78,UNIPAR CARBOCLORO S.A.,SÃO PAULO,4.54301e+06,11592,1971-12-08 00:00:00,1971-12-08 00:00:00,Petroquímicos e Borracha,PRIVADO,SEDE,SP
ATIVO,33.958.695/0001-78,UNIPAR CARBOCLORO S.A.,SÃO PAULO,4.54301e+06,11592,1971-12-08 00:00:00,1971-12-08 00:00:00,Petroquímicos e Borracha,PRIVADO,SEDE,SP
CANCELADA,07.203.904/0001-63,UNITEXTIL - UNIAO INDUSTRIAL TEXTIL S/A,FORTALEZA,6.0526e+07,11606,1982-09-22 00:00:00,2013-08-14 00:00:00,Têxtil e Vestuário,PRIVADO,SEDE,CE
CANCELADA,06.027.566/0001-93,UNIVER CIDADE TRUST DE RECEBIVEIS SA,RIO DE JANEIRO,2.003e+07,19585,2004-09-02 00:00:00,2013-12-27 00:00:00,Securitização de Recebíveis,PRIVADO,SEDE,RJ
CANCELADA,01.109.184/0001-95,UNIVERSO ONLINE SA,SÃO PAULO,1.452e+06,19887,2005-12-14 00:00:00,2012-01-18 00:00:00,Telecomunicações,PRIVADO HOLDING,SEDE,SP
CANCELADA,03.329.124/0001-03,UOL INC. S.A.,SÃO PAULO,1.452e+06,18473,1999-10-15 00:00:00,2003-09-15 00:00:00,Emp. Adm. Participações,PRIVADO,SEDE,SP
CANCELADA,34.591.574/0001-01,UP ENGENHARIA E URBANISMO S.A.,ASTOLFO DUTRA,3.678e+07,24856,2019-11-04 00:00:00,2021-09-29 00:00:00,"Construção Civil, Mat. Constr. e Decoração",PRIVADO,SEDE,MG
CANCELADA,02.162.616/0001-94,UPTICK PARTICIPACOES S.A. - EM LIQUIDAÇÃO,RIO DE JANEIRO,2.2775e+07,16624,1997-11-19 00:00:00,2025-04-30 00:00:00,Emp. Adm. Part. - Energia Elétrica,PRIVADO,SEDE,RJ
ATIVO,10.571.175/0001-02,URBA DESENVOLVIMENTO URBANO S.A.,BELO HORIZONTE,3.04556e+07,25437,2021-01-25 00:00:00,2021-01-25 00:00:00,"Construção Civil, Mat. Constr. e Decoração",PRIVADO,SEDE,MG
CANCELADA,44.742.989/0001-84,USINA BARRA SA ACUCAR ALCOOL,BARRA BONITA,1.734e+07,11622,1979-09-13 00:00:00,1986-02-24 00:00:00,"Agricultura (Açúcar, Álcool e Cana)",PRIVADO,SEDE,SP
CANCELADA,54.372.917/0001-46,USINA C PINTO SA ACUCAR ALCOOL,PIRACICABA,1.34e+07,11614,1981-11-26 00:00:00,1985-01-17 00:00:00,Alimentos,PRIVADO,SEDE,SP
CANCELADA,61.125.753/0001-18,USINA DA BARRA SA ACUCAR ALCOL,SÃO PAULO,4.54e+06,12602,1986-02-26 00:00:00,1993-09-22 00:00:00,"Agricultura (Açúcar, Álcool e Cana)",PRIVADO,SEDE,SP
CANCELADA,44.689.131/0001-01,USINA S BARBARA SA,SÃO PAULO,1.455e+06,11630,1982-01-19 00:00:00,2007-03-14 00:00:00,"Agricultura (Açúcar, Álcool e Cana)",PRIVADO,SEDE,SP
CANCELADA,61.551.230/0001-33,USINA S OLIMPIA IND FER ACO SA,GUARULHOS,4.207e+06,11657,1943-11-19 00:00:00,2005-12-20 00:00:00,Metalurgia e Siderurgia,PRIVADO,SEDE,SP
CANCELADA,15.101.298/0001-01,USINA SIDERURGICA DA BAHIA,PORTO ALEGRE,9.022e+07,11649,1970-07-21 00:00:00,1996-01-30 00:00:00,Metalurgia e Siderurgia,PRIVADO,SEDE,RS
ATIVO,04.739.720/0001-24,USINA TERMELÉTRICA PAMPA SUL S.A.,PELOTAS,9.60752e+07,24945,2020-05-04 00:00:00,2020-05-04 00:00:00,Energia Elétrica,PRIVADO,SEDE,RS
CANCELADA,26.643.756/0001-42,USINAGEM EDLYN PARTICIPAÇÕES S.A.,SÃO PAULO,4.578e+06,24449,2018-06-06 00:00:00,2020-08-28 00:00:00,"Emp. Adm. Part. - Const. Civil, Mat. Const. e Decoração",PRIVADO,SEDE,SP
ATIVO,60.894.730/0001-05,USINAS SID DE MINAS GERAIS S.A.-USIMINAS,BELO HORIZONTE,3.011e+07,14320,1994-04-11 00:00:00,1994-04-11 00:00:00,Metalurgia e Siderurgia,PRIVADO,SEDE,MG
ATIVO,60.894.730/0001-05,USINAS SID DE MINAS GERAIS S.A.-USIMINAS,BELO HORIZONTE,3.011e+07,14320,1994-04-11 00:00:00,1994-04-11 00:00:00,Metalurgia e Siderurgia,PRIVADO,SEDE,MG
CANCELADA,17.157.850/0001-09,USINAS SIDERURGICAS DE MG SA,BELO HORIZONTE,3.13103e+07,13889,1991-09-23 00:00:00,1999-04-06 00:00:00,Metalurgia e Siderurgia,PRIVADO,SEDE,MG
CANCELADA,12.394.991/0001-13,UTILIUM PARTICIPAÇÕES S.A.,RIO DE JANEIRO,2.2021e+07,23094,2013-03-06 00:00:00,2017-11-28 00:00:00,Emp. Adm. Part. - Sem Setor Principal,PRIVADO,SEDE,RJ
ATIVO,02.041.460/0001-93,V. TAL - REDE NEUTRA DE TELECOMUNICAÇÕES S.A.,SÃO PAULO,4.546e+06,27022,2022-11-11 00:00:00,2022-11-11 00:00:00,Telecomunicações,PRIVADO,SEDE,SP
CANCELADA,92.761.618/0001-92,VACCHI SA IND COM,SAPUCAIA DO SUL,9.32122e+07,12424,1985-07-25 00:00:00,1997-11-13 00:00:00,Têxtil e Vestuário,PRIVADO,SEDE,RS
CANCELADA,19.443.985/0001-58,VALE FERTILIZANTES S.A.,UBERABA,3.8002e+07,14028,1992-08-11 00:00:00,2011-12-23 00:00:00,Petroquímicos e Borracha,PRIVADO,SEDE,MG
ATIVO,33.592.510/0001-54,VALE S.A.,RIO DE JANEIRO,2.22501e+07,4170,1970-01-02 00:00:00,1970-01-02 00:00:00,Extração Mineral,PRIVADO,SEDE,RJ
ATIVO,33.592.510/0001-54,VALE S.A.,RIO DE JANEIRO,2.22501e+07,4170,1970-01-02 00:00:00,1970-01-02 00:00:00,Extração Mineral,PRIVADO,SEDE,RJ
CANCELADA,01.772.313/0001-20,VALETRON SA,RIO DE JANEIRO,2.003e+07,16225,1997-04-23 00:00:00,2015-12-23 00:00:00,Emp. Adm. Part. - Sem Setor Principal,PRIVADO HOLDING,SEDE,RJ
ATIVO,33.113.309/0001-47,VALID SOLUÇÕES S.A.,SOROCABA,1.80524e+07,20028,2006-04-12 00:00:00,2006-04-12 00:00:00,Comunicação e Informática,PRIVADO,SEDE,SP
CANCELADA,17.170.150/0001-46,VALLOUREC & MANNESMANN TUBES - V & M DOBRASIL,BELO HORIZONTE,3.064e+07,8400,1952-02-15 00:00:00,2000-10-03 00:00:00,Metalurgia e Siderurgia,ESTRANGEIRO,SEDE,MG
CANCELADA,61.076.055/0001-70,VALMET DO BRASIL S.A.,SÃO PAULO,4.719e+06,11673,1973-06-29 00:00:00,1989-10-12 00:00:00,"Máquinas, Equipamentos, Veículos e Peças",ESTRANGEIRO,SEDE,SP
ATIVO,23.373.000/0001-32,"VAMOS LOCAÇÃO DE CAMINHÕES, MÁQUINAS E EQUIPAMENTOS S.A.",SÃO PAULO,4.53e+06,24716,2019-04-30 00:00:00,2019-04-30 00:00:00,Serviços Transporte e Logística,PRIVADO,SEDE,SP
CANCELADA,42.582.049/0001-40,VANGUARDA CIA SEGUROS GERAIS,SÃO PAULO,4.534e+06,14338,1994-04-19 00:00:00,1994-09-02 00:00:00,Seguradoras e Corretoras,PRIVADO,SEDE,SP
CANCELADA,03.634.795/0001-88,VARIG PARTIC. EM SERVIÇOS COMPLEMENTARES,PORTO ALEGRE,9.024e+07,18694,2000-07-20 00:00:00,2011-01-04 00:00:00,Emp. Adm. Part. - Serviços Transporte e Logística,PRIVADO,SEDE,RS
CANCELADA,03.634.777/0001-04,VARIG PARTICIPAÇÕES EM TRANSP AÉREOS S/A,PORTO ALEGRE,9.024e+07,18686,2000-07-20 00:00:00,2011-01-04 00:00:00,Emp. Adm. Part. - Serviços Transporte e Logística,PRIVADO HOLDING,SEDE,RS
CANCELADA,02.424.122/0001-30,VASCO DA GAMA LICENCIAMENTOS S/A,RIO DE JANEIRO,2.009e+07,17051,1998-04-29 00:00:00,2002-09-18 00:00:00,Emp. Adm. Participações,ESTRANGEIRO,SEDE,RJ
CANCELADA,00.095.147/0001-02,VBC ENERGIA SA,SÃO PAULO,4.5519e+06,14540,1994-08-30 00:00:00,2011-11-07 00:00:00,Emp. Adm. Part. - Energia Elétrica,PRIVADO,SEDE,SP
CANCELADA,01.832.326/0001-48,VEGA ENGENHARIA AMBIENTAL SA,SÃO PAULO,1.515e+06,17345,1998-06-02 00:00:00,2002-03-06 00:00:00,Serviços em Geral,ESTRANGEIRO,SEDE,SP
CANCELADA,06.016.348/0001-53,VENTOS DO SUL ENERGIA S.A.,FLORIANÓPOLIS,8.8032e+07,24767,2019-09-12 00:00:00,2026-01-27 00:00:00,Energia Elétrica,PRIVADO,SEDE,SC
CANCELADA,24.241.659/0001-06,VENTURE CAPITAL PARTICIPAÇÕES E INVESTIMENTOS S.A.,SÃO PAULO,1.43e+06,24309,2017-12-12 00:00:00,2021-08-19 00:00:00,Emp. Adm. Part. - Hospedagem e Turismo,PRIVADO,SEDE,SP
CANCELADA,42.274.597/0001-02,VEPLAN SA,RIO DE JANEIRO,2.002e+07,2291,1977-07-20 00:00:00,2005-03-22 00:00:00,Crédito Imobiliário,PRIVADO,SEDE,RJ
CANCELADA,36.243.187/0001-00,VERO CAPITAL MARKETS S.A.,SÃO PAULO,5.422e+06,25054,2020-08-12 00:00:00,2022-06-30 00:00:00,Securitização de Recebíveis,PRIVADO,SEDE,SP
ATIVO,31.748.174/0001-60,VERO S.A.,SÃO PAULO,5.4259e+06,26409,2021-11-26 00:00:00,2021-11-26 00:00:00,Telecomunicações,PRIVADO,SEDE,SP
CANCELADA,01.327.874/0001-10,VERPAR CENTROS COMERCIAIS SA,SÃO PAULO,1.452e+06,16047,1997-01-14 00:00:00,2009-11-09 00:00:00,Emp. Adm. Part. - Comércio (Atacado e Varejo),PRIVADO,SEDE,SP
CANCELADA,25.005.683/0001-09,VERT COMPANHIA SECURITIZADORA,SÃO PAULO,5.407e+06,23990,2016-08-25 00:00:00,2022-06-30 00:00:00,Securitização de Recebíveis,PRIVADO,SEDE,SP
CANCELADA,42.937.550/0001-81,VERT-11 COMPANHIA SECURITIZADORA DE CRÉDITOS FINANCEIROS E COMERCIAIS,SÃO PAULO,5.407e+06,26778,2022-05-09 00:00:00,2022-06-30 00:00:00,Securitização de Recebíveis,PRIVADO,SEDE,SP
CANCELADA,42.938.083/0001-04,VERT-9 COMPANHIA SECURITIZADORA DE CRÉDITOS FINANCEIROS,SÃO PAULO,5.407e+06,26450,2021-12-07 00:00:00,2022-06-30 00:00:00,Securitização de Recebíveis,PRIVADO,SEDE,SP
ATIVO,49.669.856/0001-43,VESTE SA ESTILO,SÃO PAULO,5.31302e+06,21440,2008-04-18 00:00:00,2008-04-18 00:00:00,Emp. Adm. Part. - Comércio (Atacado e Varejo),PRIVADO,SEDE,SP
ATIVO,47.155.252/0001-53,VIA ARAUCÁRIA CONCESSIONÁRIA DE RODOVIAS S.A.,CURITIBA,8.02501e+07,27936,2025-10-10 00:00:00,2025-10-10 00:00:00,Serviços Transporte e Logística,PRIVADO,SEDE,PR
ATIVO,44.067.725/0001-72,VIA BRASIL BR 163 CONCESSIONARIA DE RODOVIAS S.A.,SINOP,7.855e+07,26913,2022-08-10 00:00:00,2022-08-10 00:00:00,Serviços Transporte e Logística,PRIVADO,SEDE,MT
CANCELADA,10.670.314/0001-55,VIABAHIA CONCESSIONÁRIA DE RODOVIAS SA,SALVADOR,4.18207e+07,22926,2012-08-24 00:00:00,2025-05-29 00:00:00,Serviços Transporte e Logística,PRIVADO,SEDE,BA
CANCELADA,60.703.923/0001-31,VIACAO AEREA S PAULO SA VASP,SÃO PAULO,4.62691e+06,11703,1982-09-28 00:00:00,2010-01-04 00:00:00,Serviços Transporte e Logística,PRIVADO,SEDE,SP
CANCELADA,02.366.097/0001-86,VIANORTE S/A,RIBEIRÃO PRETO,1.4079e+07,21830,2009-11-27 00:00:00,2018-06-12 00:00:00,Serviços Transporte e Logística,PRIVADO HOLDING,SEDE,SP
ATIVO,28.019.100/0001-89,VIAPAULISTA S.A.,RIBEIRÃO PRETO,1.4079e+07,25607,2021-02-19 00:00:00,2021-02-19 00:00:00,Serviços Transporte e Logística,PRIVADO,SEDE,SP
ATIVO,10.635.691/0001-53,VIARONDON CONCESSIONÁRIA DE RODOVIA SA,LINS,1.64007e+07,22543,2011-07-21 00:00:00,2011-07-21 00:00:00,Serviços Transporte e Logística,PRIVADO HOLDING,SEDE,SP
CANCELADA,34.274.233/0001-02,VIBRA ENERGIA S/A,RIO DE JANEIRO,2.02111e+07,14249,1993-11-25 00:00:00,2003-02-05 00:00:00,Comércio (Atacado e Varejo),ESTATAL,SEDE,RJ
ATIVO,34.274.233/0001-02,VIBRA ENERGIA S/A,RIO DE JANEIRO,2.02111e+07,24295,2017-12-12 00:00:00,2017-12-12 00:00:00,Comércio (Atacado e Varejo),PRIVADO,SEDE,RJ
ATIVO,34.274.233/0001-02,VIBRA ENERGIA S/A,RIO DE JANEIRO,2.02111e+07,24295,2017-12-12 00:00:00,2017-12-12 00:00:00,Comércio (Atacado e Varejo),PRIVADO,SEDE,RJ
CANCELADA,43.031.574/0001-30,VICUNHA SA,SÃO PAULO,3.08e+06,12408,1977-07-20 00:00:00,1986-10-29 00:00:00,Têxtil e Vestuário,PRIVADO,SEDE,SP
CANCELADA,43.031.574/0001-30,VICUNHA SA,SÃO PAULO,3.08e+06,12661,1986-04-15 00:00:00,1986-04-15 00:00:00,Têxtil e Vestuário,PRIVADO,SEDE,SP
CANCELADA,02.871.007/0001-04,VICUNHA SIDERURGIA SA,SÃO PAULO,5.41301e+06,18902,2001-03-14 00:00:00,2013-05-06 00:00:00,Emp. Adm. Part. - Metalurgia e Siderurgia,PRIVADO,SEDE,SP
CANCELADA,07.332.190/0001-93,VICUNHA TEXTIL SA,FORTALEZA,6.19392e+07,5991,1971-12-27 00:00:00,2013-12-12 00:00:00,Têxtil e Vestuário,PRIVADO,SEDE,CE
CANCELADA,13.324.184/0001-97,VIGOR ALIMENTOS S.A.,SÃO PAULO,3.0199e+06,22772,2012-04-02 00:00:00,2016-08-12 00:00:00,Emp. Adm. Part. - Alimentos,PRIVADO,SEDE,SP
CANCELADA,61.105.920/0001-69,VIGORELLI DO BRASIL SA IC,SÃO PAULO,1.013e+06,11720,1972-05-12 00:00:00,2005-03-22 00:00:00,Metalurgia e Siderurgia,PRIVADO,SEDE,SP
CANCELADA,07.190.283/0001-20,VILEJACK INDUSTRIAL S.A.,FORTALEZA,6.031e+07,13617,1989-11-08 00:00:00,2005-03-22 00:00:00,Têxtil e Vestuário,PRIVADO,SEDE,CE
CANCELADA,02.456.029/0001-08,VILLAGE COUNTRY SA,SÃO JOSÉ DOS PINHAIS,8.30054e+07,17400,1998-06-18 00:00:00,2007-01-09 00:00:00,"Construção Civil, Mat. Constr. e Decoração",PRIVADO,SEDE,PR
CANCELADA,47.247.069/0001-88,VILLARES INDS BASE VIBASA,SÃO PAULO,4.6699e+06,11738,1979-01-31 00:00:00,1994-11-14 00:00:00,Metalurgia e Siderurgia,PRIVADO,SEDE,SP
CANCELADA,47.287.784/0001-44,VILLARES MECANICA SA,SÃO PAULO,4.6699e+06,5665,1980-05-15 00:00:00,1993-08-19 00:00:00,"Máquinas, Equipamentos, Veículos e Peças",PRIVADO,SEDE,SP
CANCELADA,08.937.002/0001-13,VISION SECURITIZADORA S.A.,SÃO PAULO,1.455e+06,21075,2007-08-29 00:00:00,2023-02-17 00:00:00,Securitização de Recebíveis,PRIVADO,SEDE,SP
ATIVO,02.536.066/0001-26,VITAL ENGENHARIA AMBIENTAL S.A.,RIO DE JANEIRO,2.003e+07,27510,2024-07-02 00:00:00,2024-07-02 00:00:00,"Saneamento, Serv. Água e Gás",PRIVADO,SEDE,RJ
ATIVO,20.512.706/0001-40,VITRU EDUCAÇÃO S.A.,SÃO PAULO,4.53003e+06,27057,2023-01-05 00:00:00,2023-01-05 00:00:00,Educação,PRIVADO HOLDING,SEDE,SP
ATIVO,45.365.558/0001-09,VITTIA S.A.,SÃO JOAQUIM DA BARRA,1.46e+07,25763,2021-04-28 00:00:00,2021-04-28 00:00:00,"Agricultura (Açúcar, Álcool e Cana)",PRIVADO,SEDE,SP
ATIVO,33.839.910/0001-11,VIVARA PARTICIPAÇÕES S.A.,SÃO PAULO,4.7199e+06,24805,2019-10-08 00:00:00,2019-10-08 00:00:00,Comércio (Atacado e Varejo),PRIVADO,SEDE,SP
CANCELADA,01.402.946/0001-47,VIVAX SA,AMERICANA,1.34788e+07,19950,2006-02-06 00:00:00,2007-10-18 00:00:00,Telecomunicações,PRIVADO,SEDE,SP
ATIVO,67.571.414/0001-41,VIVER INCORPORADORA E CONSTRUTORA S.A,SÃO PAULO,1.45192e+06,20702,2007-05-23 00:00:00,2007-05-23 00:00:00,"Construção Civil, Mat. Constr. e Decoração",PRIVADO HOLDING,SEDE,SP
CANCELADA,02.558.074/0001-73,VIVO PARTICIPAÇÕES SA,SÃO PAULO,4.707e+06,17710,1998-08-19 00:00:00,2011-10-03 00:00:00,Telecomunicações,PRIVADO HOLDING,SEDE,SP
CANCELADA,02.558.074/0001-73,VIVO PARTICIPAÇÕES SA,SÃO PAULO,4.707e+06,17710,1998-08-19 00:00:00,2011-10-03 00:00:00,Telecomunicações,PRIVADO HOLDING,SEDE,SP
ATIVO,32.681.371/0001-72,VIX LOGÍSTICA S/A,VITÓRIA,2.90751e+07,21202,2007-11-27 00:00:00,2007-11-27 00:00:00,Serviços Transporte e Logística,PRIVADO,SEDE,ES
ATIVO,32.681.371/0001-72,VIX LOGÍSTICA S/A,VITÓRIA,2.90751e+07,21202,2007-11-27 00:00:00,2007-11-27 00:00:00,Serviços Transporte e Logística,PRIVADO,SEDE,ES
ATIVO,04.212.396/0001-91,VOKE S.A.,SÃO PAULO,5.80214e+06,27324,2023-10-03 00:00:00,2023-10-03 00:00:00,Emp. Adm. Part. - Comunicação e Informática,PRIVADO,SEDE,SP
CANCELADA,10.935.054/0001-00,VOLNOR INDUSTRIA E COMERCIO SA,ABREU E LIMA,5.3581e+07,11746,1970-12-23 00:00:00,2005-12-20 00:00:00,Metalurgia e Siderurgia,PRIVADO,SEDE,PE
CANCELADA,12.499.618/0001-27,VOSTOK PARTICIPAÇÕES SA,SÃO PAULO,4.53813e+06,22322,2010-12-23 00:00:00,2013-12-31 00:00:00,Emp. Adm. Part. - Sem Setor Principal,PRIVADO HOLDING,SEDE,SP
CANCELADA,33.034.794/0001-63,VOTEC TAXI AEREO SA,RIO DE JANEIRO,2.16552e+07,11754,1980-08-25 00:00:00,2006-03-21 00:00:00,Serviços Transporte e Logística,PRIVADO,SEDE,RJ
ATIVO,01.637.895/0001-32,VOTORANTIM CIMENTOS S.A.,SÃO PAULO,4.5479e+06,27189,2023-05-10 00:00:00,2023-05-10 00:00:00,"Construção Civil, Mat. Constr. e Decoração",PRIVADO,SEDE,SP
CANCELADA,01.386.256/0001-41,VOTORANTIM FINANCAS S/A,BARUERI,4.794e+06,18988,2001-07-13 00:00:00,2011-05-05 00:00:00,Comércio (Atacado e Varejo),PRIVADO,SEDE,SP
ATIVO,41.570.356/0001-48,VRENTAL LOCAÇÃO DE MÁQUINAS E EQUIPAMENTOS S.A.,INDAIATUBA,1.33302e+07,27235,2023-07-11 00:00:00,2023-07-11 00:00:00,"Máquinas, Equipamentos, Veículos e Peças",PRIVADO,SEDE,SP
CANCELADA,04.013.702/0001-60,VTA AMAZONIA ELETRON SA,MANAUS,6.9e+07,12327,1985-03-27 00:00:00,1990-03-05 00:00:00,"Máquinas, Equipamentos, Veículos e Peças",PRIVADO,SEDE,AM
ATIVO,50.926.955/0001-42,VULCABRAS S.A.,JUNDIAÍ,1.3219e+07,11762,1977-07-20 00:00:00,1977-07-20 00:00:00,Têxtil e Vestuário,PRIVADO,SEDE,SP
CANCELADA,33.066.952/0001-67,VULCAN MATERIAL PLASTICO SA,RIO DE JANEIRO,2.1231e+07,13650,1990-03-13 00:00:00,1991-08-26 00:00:00,Petroquímicos e Borracha,ESTRANGEIRO,SEDE,RJ
ATIVO,09.813.204/0001-16,W2W E-COMMERCE DE VINHOS S.A.,SERRA,2.91681e+07,25852,2021-05-12 00:00:00,2021-05-12 00:00:00,Comércio (Atacado e Varejo),PRIVADO,SEDE,ES
CANCELADA,80.217.680/0001-39,WAGNER SA,PONTA GROSSA,8.4035e+07,11789,1971-07-29 00:00:00,1988-08-19 00:00:00,"Construção Civil, Mat. Constr. e Decoração",PRIVADO,SEDE,PR
ATIVO,84.429.695/0001-11,WEG SA,JARAGUÁ DO SUL,8.92569e+07,5410,1982-02-09 00:00:00,1982-02-09 00:00:00,"Emp. Adm. Part. - Máqs., Equip., Veíc. e Peças",PRIVADO HOLDING,SEDE,SC
CANCELADA,25.329.319/0001-96,WEMBLEY SOCIEDADE ANÔNIMA,BELO HORIZONTE,3.01401e+07,11800,1973-10-08 00:00:00,2017-02-09 00:00:00,Têxtil e Vestuário,PRIVADO,SEDE,MG
CANCELADA,86.542.107/0001-87,WENTEX TEXTIL S.A,SÃO PAULO,1.31092e+06,14672,1994-12-21 00:00:00,1997-08-30 00:00:00,Têxtil e Vestuário,PRIVADO,SEDE,SP
CANCELADA,56.992.183/0001-23,WES TON SA EQUIPS ELETRICOS,SÃO PAULO,4.708e+06,11819,1983-01-06 00:00:00,1987-05-21 00:00:00,"Máquinas, Equipamentos, Veículos e Peças",PRIVADO,SEDE,SP
CANCELADA,42.586.313/0001-13,WESTINGHOUSE BRASIL SA,SÃO PAULO,4.795e+06,11827,1982-01-08 00:00:00,1985-10-16 00:00:00,"Máquinas, Equipamentos, Veículos e Peças",ESTRANGEIRO,SEDE,SP
CANCELADA,33.039.322/0001-01,WESTINGHOUSE DO BRASIL SA,SÃO PAULO,4.795e+06,5401,1967-10-10 00:00:00,1987-09-17 00:00:00,"Máquinas, Equipamentos, Veículos e Peças",ESTRANGEIRO,SEDE,SP
ATIVO,14.776.142/0001-50,WESTWING COMÉRCIO VAREJISTA S.A.,SÃO PAULO,5.319e+06,25518,2021-02-09 00:00:00,2021-02-09 00:00:00,Comércio (Atacado e Varejo),PRIVADO,SEDE,SP
CANCELADA,84.683.788/0001-78,WETZEL FUNDICAO DE FERRO SA,JOINVILLE,8.92014e+07,8630,1973-12-17 00:00:00,1998-12-30 00:00:00,Metalurgia e Siderurgia,PRIVADO HOLDING,SEDE,SC
ATIVO,84.683.671/0001-94,WETZEL S.A.,JOINVILLE,8.92196e+07,11991,1984-10-09 00:00:00,1984-10-09 00:00:00,Metalurgia e Siderurgia,PRIVADO,SEDE,SC
ATIVO,59.105.999/0001-86,WHIRLPOOL S.A,SÃO PAULO,4.18309e+06,14346,1994-04-22 00:00:00,1994-04-22 00:00:00,"Máquinas, Equipamentos, Veículos e Peças",ESTRANGEIRO,SEDE,SP
CANCELADA,79.313.086/0001-62,WIEST SA,JARAGUÁ DO SUL,8.9254e+07,14397,1994-05-24 00:00:00,2014-01-09 00:00:00,Metalurgia e Siderurgia,PRIVADO HOLDING,SEDE,SC
CANCELADA,33.130.691/0001-05,WILSON SONS S.A.,RIO DE JANEIRO,2.22501e+07,26247,2021-09-29 00:00:00,2025-12-10 00:00:00,Emp. Adm. Part. - Serviços Transporte e Logística,ESTRANGEIRO HOLDING,SEDE,RJ
ATIVO,42.278.473/0001-03,WIZ CO PARTICIPAÇÕES E CORRETAGEM DE SEGUROS S.A.,BRASÍLIA,7.07129e+07,23590,2015-05-11 00:00:00,2015-05-11 00:00:00,Seguradoras e Corretoras,PRIVADO,SEDE,DF
ATIVO,33.228.024/0001-51,WLM PART. E COMÉRCIO DE MÁQUINAS E VEÍCULOS S.A.,RIO DE JANEIRO,2.22109e+07,11070,1971-01-07 00:00:00,1971-01-07 00:00:00,"Emp. Adm. Part. - Máqs., Equip., Veíc. e Peças",PRIVADO,SEDE,RJ
ATIVO,01.319.044/0001-41,WTC AMAZONAS SUITE HOTEL S.A.,SÃO PAULO,1.427e+06,15741,1996-09-18 00:00:00,1996-09-18 00:00:00,Hospedagem e Turismo,PRIVADO,SEDE,SP
ATIVO,01.989.044/0001-59,WTC RIO EMPREEND. E PARTICIPAÇÕES S.A.,SÃO PAULO,1.427e+06,16551,1997-10-30 00:00:00,1997-10-30 00:00:00,Hospedagem e Turismo,PRIVADO,SEDE,SP
CANCELADA,16.838.421/0001-26,XP INVESTIMENTOS S/A,RIO DE JANEIRO,2.22509e+07,27111,2023-02-28 00:00:00,2026-03-18 00:00:00,Emp. Adm. Part. - Sem Setor Principal,PRIVADO,SEDE,RJ
ATIVO,03.538.833/0001-07,XX DE NOVEMBRO INVESTIMENTOS E PARTICIPAÇÕES S.A,RIO DE JANEIRO,2.002e+07,20001,2006-03-22 00:00:00,2006-03-22 00:00:00,Emp. Adm. Part. - Sem Setor Principal,PRIVADO HOLDING,SEDE,RJ
CANCELADA,92.660.604/0001-82,YARA BRASIL FERTILIZANTES,PORTO ALEGRE,9.08102e+07,140,1981-09-10 00:00:00,2011-11-18 00:00:00,Petroquímicos e Borracha,ESTRANGEIRO,SEDE,RS
ATIVO,02.217.319/0001-07,YBYRA CAPITAL S.A,SÃO PAULO,1.445e+06,16705,1997-12-08 00:00:00,1997-12-08 00:00:00,Emp. Adm. Part. - Sem Setor Principal,PRIVADO,SEDE,SP
ATIVO,08.807.432/0001-10,YDUQS PARTICIPACOES S.A.,RIO DE JANEIRO,2.26409e+07,21016,2007-07-26 00:00:00,2007-07-26 00:00:00,Emp. Adm. Part. - Educação,PRIVADO,SEDE,RJ
ATIVO,08.807.432/0001-10,YDUQS PARTICIPACOES S.A.,RIO DE JANEIRO,2.26409e+07,21016,2007-07-26 00:00:00,2007-07-26 00:00:00,Emp. Adm. Part. - Educação,PRIVADO,SEDE,RJ
ATIVO,11.284.204/0001-18,YOU INC INCORPORADORA E PARTICIPAÇÃO S.A,SÃO PAULO,4.543e+06,23604,2015-05-26 00:00:00,2015-05-26 00:00:00,"Construção Civil, Mat. Constr. e Decoração",PRIVADO HOLDING,SEDE,SP
CANCELADA,09.267.996/0001-70,YUNY INCORPORADORA HOLDING S.A.,SÃO PAULO,4.54301e+06,25976,2021-07-07 00:00:00,2025-04-22 00:00:00,"Construção Civil, Mat. Constr. e Decoração",PRIVADO,SEDE,SP
CANCELADA,02.363.918/0001-20,ZAIN PARTICIPAÇÕES S/A,RIO DE JANEIRO,2.00409e+07,17361,1998-06-15 00:00:00,2020-08-14 00:00:00,Emp. Adm. Part. - Telecomunicações,PRIVADO HOLDING,SEDE,RJ
ATIVO,13.574.594/0001-96,ZAMP S.A.,SÃO PAULO,5.50105e+06,24317,2017-12-14 00:00:00,2017-12-14 00:00:00,Alimentos,PRIVADO,SEDE,SP
CANCELADA,71.320.931/0001-15,ZANINI SA EQUIPS PESADOS,SERTÃOZINHO,1.416e+07,11835,1971-07-05 00:00:00,1997-01-27 00:00:00,"Máquinas, Equipamentos, Veículos e Peças",PRIVADO,SEDE,SP
CANCELADA,24.744.012/0001-99,ZH OPERAÇÕES S/A,SÃO PAULO,4.028e+06,24007,2016-09-16 00:00:00,2017-08-07 00:00:00,Emp. Adm. Part. - Sem Setor Principal,PRIVADO HOLDING,SEDE,SP
CANCELADA,92.749.217/0001-17,ZIVI SA CUTELARIA,PORTO ALEGRE,9.10305e+07,11843,1968-11-01 00:00:00,2003-12-29 00:00:00,Metalurgia e Siderurgia,PRIVADO,SEDE,RS
CANCELADA,74.533.787/0001-93,ZOGBI LEASING S/A ARRENDAMENTO MERCANTIL,SÃO CAETANO DO SUL,9.54e+06,16462,1997-09-18 00:00:00,2004-12-23 00:00:00,Arrendamento Mercantil,PRIVADO,SEDE,SP
