SIT,DENOM_SOCIAL,MUN,CNPJ_CIA,SETOR_ATIV,CONTROLE_ACIONARIO,UF
ATIVO,BANCO DO BRASIL S.A.,BRASÍLIA,00.000.000/0001-91,Bancos,ESTATAL,DF
ATIVO,BRB BANCO DE BRASILIA SA,BRASÍLIA,00.000.208/0001-00,Bancos,ESTATAL,DF
ATIVO,AXIA ENERGIA S.A.,RIO DE JANEIRO,00.001.180/0001-26,Emp. Adm. Part. - Energia Elétrica,ESTATAL,RJ
CANCELADA,BWU VIDEO SA,SÃO PAULO,00.019.388/0001-72,Serviços Diversos,PRIVADO,SP
CANCELADA,MELPAPER SA,SÃO PAULO,00.020.540/0001-37,Papel e Celulose,PRIVADO,SP
CANCELADA,INVISTA NYLON SUL AMERICANA S/A,AMERICANA,00.021.096/0001-74,Têxtil e Vestuário,PRIVADO,SP
CANCELADA,UNIBANCO HOLDINGS S.A.,SÃO PAULO,00.022.034/0001-87,Emp. Adm. Part. - Intermediação Financeira,PRIVADO HOLDING,SP
CANCELADA,CBCC PARTICIPAÇÕES SA,RIO DE JANEIRO,00.027.742/0001-00,Emp. Adm. Part. - Sem Setor Principal,PRIVADO,RJ
CANCELADA,ELEVADORES ATLAS SCHINDLER SA,SÃO PAULO,00.028.986/0001-08,Metalurgia e Siderurgia,PRIVADO,SP
CANCELADA,TELECOM BRASILIA SA,BRASÍLIA,00.058.578/0001-07,Telecomunicações,PRIVADO HOLDING,DF
CANCELADA,CIMENTO TOCANTINS SA,BRASÍLIA,00.065.557/0001-00,Extração Mineral,PRIVADO,DF
ATIVO,COMPANHIA ENERGÉTICA DE BRASÍLIA - CEB,BRASÍLIA,00.070.698/0001-11,Energia Elétrica,ESTATAL,DF
ATIVO,CARAMURU ALIMENTOS S.A.,ITUMBIARA,00.080.671/0001-00,Alimentos,PRIVADO,GO
CANCELADA,BANCO ÚNICO S.A.,SÃO PAULO,00.086.413/0001-30,Bancos,PRIVADO,SP
CANCELADA,MARSIAJ OLIVEIRA SA,PORTO ALEGRE,00.090.057/0001-29,Comércio (Atacado e Varejo),PRIVADO,RS
CANCELADA,CIA PESQS RECURSOS MINERAIS,RIO DE JANEIRO,00.091.652/0001-89,Serviços Diversos,ESTATAL,RJ
CANCELADA,VBC ENERGIA SA,SÃO PAULO,00.095.147/0001-02,Emp. Adm. Part. - Energia Elétrica,PRIVADO,SP
CANCELADA,NET SERVIÇOS DE COMUNICAÇÃO S.A.,SÃO PAULO,00.108.786/0001-65,Telecomunicações,PRIVADO HOLDING,SP
CANCELADA,PILCOMAYO PARTICIPACOES SA,SÃO PAULO,00.108.813/0001-08,Emp. Adm. Participações,PRIVADO,SP
CANCELADA,SHOPPING CENTER TACARUNA SA,RECIFE,00.115.890/0001-87,Emp. Adm. Part. - Comércio (Atacado e Varejo),PRIVADO,PE
CANCELADA,PARNASSA SA,SÃO PAULO,00.159.138/0001-38,Emp. Adm. Participações,PRIVADO HOLDING,SP
CANCELADA,AUSTRAL INVESTIMENTOS SA,RIO DE JANEIRO,00.160.436/0001-48,Emp. Adm. Participações,PRIVADO,RJ
CANCELADA,BBV LEASING BRASIL SA ARR MERC,BARUERI,00.162.760/0001-03,Arrendamento Mercantil,PRIVADO,SP
CANCELADA,BOSFORO PARTICIPACOES SA,SÃO PAULO,00.183.435/0001-19,Emp. Adm. Participações,PRIVADO HOLDING,SP
CANCELADA,ITIQUIRA ENERGÉTICA S/A,ITIQUIRA,00.185.041/0001-08,Energia Elétrica,ESTRANGEIRO,MT
ATIVO,PARCOM PARTICIPACOES SA EM LIQUIDACAO,RIO DE JANEIRO,00.185.475/0001-08,Emp. Adm. Part. - Telecomunicações,PRIVADO HOLDING,RJ
CANCELADA,KLABIN SEGALL S/A,SÃO PAULO,00.187.032/0001-48,"Construção Civil, Mat. Constr. e Decoração",PRIVADO,SP
CANCELADA,CIA INVESTS LATINOAMERICANA,RIO DE JANEIRO,00.189.469/0001-10,Emp. Adm. Participações,PRIVADO,RJ
CANCELADA,NEUMARKT TRADE AND FINANCIAL CENTER S/A,BLUMENAU,00.192.769/0001-59,Crédito Imobiliário,PRIVADO,SC
ATIVO,AUREN OPERAÇÕES S.A.,BAURU,00.194.724/0001-13,Emp. Adm. Part. - Energia Elétrica,PRIVADO HOLDING,SP
CANCELADA,ARBRA SA,RIO DE JANEIRO,00.237.000/0001-00,Emp. Adm. Participações,PRIVADO,RJ
ATIVO,"ARMAC LOCAÇÃO, LOGÍSTICA E SERVIÇOS S.A.",BARUERI,00.242.184/0001-04,Serviços Transporte e Logística,PRIVADO,SP
ATIVO,FORPART S.A. - EM LIQUIDAÇÃO,RIO DE JANEIRO,00.249.786/0001-85,Emp. Adm. Part. - Telecomunicações,PRIVADO HOLDING,RJ
CANCELADA,BOMBRIL HOLDING SA,SÃO BERNARDO DO CAMPO,00.257.846/0001-01,Emp. Adm. Part. - Sem Setor Principal,PRIVADO,SP
CANCELADA,EISA ESTALEIRO ILHA SA,RIO DE JANEIRO,00.261.304/0001-02,"Máquinas, Equipamentos, Veículos e Peças",PRIVADO,RJ
CANCELADA,CIMS SA,RIO DE JANEIRO,00.272.185/0001-93,Emp. Adm. Part. - Energia Elétrica,PRIVADO,RJ
CANCELADA,SCGR EMPRS PARTICIPACOES SA,RIO DE JANEIRO,00.285.599/0001-57,Emp. Adm. Participações,PRIVADO,RJ
CANCELADA,TEGENER PARTICIPACOES SA,RIO DE JANEIRO,00.299.045/0001-09,Emp. Adm. Participações,ESTRANGEIRO,RJ
CANCELADA,BRASIL CENTRAL HOTEIS E TUR SA,SÃO PAULO,00.311.787/0001-02,Hospedagem e Turismo,PRIVADO,SP
CANCELADA,TUPIANA SA,RIO DE JANEIRO,00.313.160/0001-90,Emp. Adm. Participações,PRIVADO,RJ
CANCELADA,GRAPIA SA,RIO DE JANEIRO,00.313.162/0001-80,Emp. Adm. Participações,PRIVADO,RJ
CANCELADA,INDS NUCLEARES DO BRASIL SA,RIO DE JANEIRO,00.322.818/0001-20,Outras Atividades Industriais,ESTATAL,RJ
ATIVO,TELEC. BRASILEIRAS S.A. - TELEBRÁS,BRASÍLIA,00.336.701/0001-04,Telecomunicações,ESTATAL,DF
CANCELADA,KOSMOS COMÉRCIO DE VESTUÁRIO S/A - EM RECUPERAÇÃO JUDICIAL,SÃO PAULO,00.354.053/0001-00,Comércio (Atacado e Varejo),PRIVADO,SP
ATIVO,AXIA ENERGIA NORTE S.A.,BRASÍLIA,00.357.038/0001-16,Energia Elétrica,PRIVADO,DF
ATIVO,FICTOR ALIMENTOS S.A.,BELO HORIZONTE,00.359.742/0001-08,Emp. Adm. Part. - Alimentos,PRIVADO HOLDING,MG
CANCELADA,SIDERURGIA BRASILEIRA SA,BRASÍLIA,00.367.961/0001-39,Emp. Adm. Participações,ESTATAL,DF
ATIVO,BNDES PARTICIPAÇÕES S.A. - BNDESPAR,BRASÍLIA,00.383.281/0001-09,Emp. Adm. Part. - Sem Setor Principal,ESTATAL,DF
ATIVO,LM TRANSPORTES INTERESTADUAIS SERVIÇOS E COMÉRCIO S.A.,SALVADOR,00.389.481/0001-79,Emp. Adm. Part. - Serviços Transporte e Logística,PRIVADO,BA
CANCELADA,MASSA FALIDA DA CREFISUL LEASING SA ARREND MERCL,SÃO PAULO,00.410.345/0001-13,Arrendamento Mercantil,PRIVADO,SP
CANCELADA,BANCO INTER S.A.,BELO HORIZONTE,00.416.968/0001-01,Bancos,PRIVADO,MG
CANCELADA,CLUBEPAR SA,VOLTA REDONDA,00.484.920/0001-22,Emp. Adm. Participações,PRIVADO,RJ
CANCELADA,BESC SA ARRENDAMENTO MERCANTIL,SÃO JOSÉ,00.510.570/0001-21,Arrendamento Mercantil,ESTATAL,SC
CANCELADA,ELETRON SA,RIO DE JANEIRO,00.514.998/0001-42,Emp. Adm. Part. - Sem Setor Principal,PRIVADO HOLDING,RJ
CANCELADA,SERRA AZUL WATER PARK SA,ITUPEVA,00.545.378/0001-70,Emp. Adm. Part. - Brinquedos e Lazer,PRIVADO,SP
CANCELADA,SANTANDER BRASIL ARRENDAMENTO MERCANTIL S.A.,BARUERI,00.589.171/0001-06,Arrendamento Mercantil,PRIVADO,SP
CANCELADA,MAGNESITA MINERAÇÃO S.A.,BRUMADO,00.592.603/0001-20,Emp. Adm. Part. - Extração Mineral,PRIVADO,BA
CANCELADA,SULABENTURES SA,SÃO PAULO,00.601.634/0001-08,Emp. Adm. Participações,PRIVADO,SP
CANCELADA,STATKRAFT ENERGIAS RENOVÁVEIS S.A.,FLORIANÓPOLIS,00.622.416/0001-41,Energia Elétrica,PRIVADO,SC
CANCELADA,CSM CARTOES DE SEGURANCA SA,SOROCABA,00.624.910/0001-45,"Máquinas, Equipamentos, Veículos e Peças",PRIVADO,SP
CANCELADA,JUNGFRAU PARTICIPACOES SA,SÃO PAULO,00.627.379/0001-64,Emp. Adm. Participações,PRIVADO HOLDING,SP
CANCELADA,PARTICIPAÇÕES ABC SA,SÃO PAULO,00.635.156/0001-49,Emp. Adm. Part. - Comércio (Atacado e Varejo),PRIVADO,SP
CANCELADA,TOP SHOPPING EMPRS E PARTS SA,RIO DE JANEIRO,00.640.687/0001-20,Emp. Adm. Participações,PRIVADO,RJ
CANCELADA,PLAYCENTER SA,SÃO PAULO,00.643.535/0001-80,Emp. Adm. Participações,PRIVADO,SP
ATIVO,INVESTCO S/A,MIRACEMA DO TOCANTINS,00.644.907/0001-93,Energia Elétrica,PRIVADO,TO
CANCELADA,GTD PARTICIPACOES SA,RIO DE JANEIRO,00.649.881/0001-76,Emp. Adm. Part. - Sem Setor Principal,PRIVADO,RJ
CANCELADA,DIAMONDMALL SA EMPREENDS PARTS,RIO DE JANEIRO,00.664.949/0001-96,Emp. Adm. Participações,PRIVADO,RJ
CANCELADA,SMA EMPREENDIMENTOS E PARTICIPAÇÕES S.A.,CURITIBA,00.694.303/0001-51,Emp. Adm. Part. - Serviços médicos,PRIVADO,PR
ATIVO,LITEL PARTICIPACOES SA,RIO DE JANEIRO,00.743.065/0001-27,Emp. Adm. Part. - Extração Mineral,PRIVADO,RJ
CANCELADA,ENERTEL ENERGIA TELEC PART SA,RIO DE JANEIRO,00.751.913/0001-40,Emp. Adm. Participações,ESTRANGEIRO,RJ
ATIVO,AMERICANAS S.A. - EM RECUPERAÇÃO JUDICIAL,RIO DE JANEIRO,00.776.574/0001-56,Comércio (Atacado e Varejo),PRIVADO,RJ
CANCELADA,CODUNAS SA,FORTALEZA,00.826.535/0001-16,"Construção Civil, Mat. Constr. e Decoração",PRIVADO,CE
CANCELADA,CONCESSIONÁRIA RODOVIA PRESIDENTE DUTRA S/A,SANTA ISABEL,00.861.626/0001-92,Emp. Adm. Part. - Serviços Transporte e Logística,PRIVADO,SP
ATIVO,ENERGISA SA,CATAGUASES,00.864.214/0001-06,Emp. Adm. Part. - Energia Elétrica,PRIVADO,MG
CANCELADA,SAUIPE SA,MATA DE SÃO JOÃO,00.866.577/0001-80,Hospedagem e Turismo,PRIVADO,BA
ATIVO,LET'S RENT A CAR S.A.,ARARAQUARA,00.873.894/0001-24,Serviços Transporte e Logística,PRIVADO,SP
CANCELADA,ATMOSFERA GESTÃO E HIGIENIZAÇÃO DE TÊXTEIS SA,CAJAMAR,00.886.257/0001-92,Farmacêutico e Higiene,PRIVADO HOLDING,SP
CANCELADA,MAISON ECO SA,CURITIBA,00.889.852/0001-81,"Construção Civil, Mat. Constr. e Decoração",PRIVADO,PR
ATIVO,SANTA CATARINA PART INVEST SA,FLORIANÓPOLIS,00.897.864/0001-58,Emp. Adm. Part. - Intermediação Financeira,ESTATAL,SC
ATIVO,FERROVIA CENTRO-ATLANTICA S.A.,BELO HORIZONTE,00.924.429/0001-75,Serviços Transporte e Logística,PRIVADO,MG
CANCELADA,HOPI HARI SA,VINHEDO,00.924.432/0001-99,Hospedagem e Turismo,PRIVADO,SP
CANCELADA,MAPPIN TRUST RECEBIVEIS SA,SÃO PAULO,00.925.788/0001-47,Serviços Diversos,PRIVADO,SP
ATIVO,CONCESSIONARIA RIO-TERESOPOLIS SA,RIO DE JANEIRO,00.938.574/0001-05,Serviços Transporte e Logística,PRIVADO,RJ
CANCELADA,HOSPITAL LA SANTE SA,SÃO PAULO,00.949.959/0001-78,Serviços Médicos,PRIVADO,SP
CANCELADA,CETERP-CENT TELEF RIB PRETO SA,RIBEIRÃO PRETO,00.956.274/0001-59,Telecomunicações,PRIVADO,SP
CANCELADA,LINHA AMARELA S.A.- LAMSA,RIO DE JANEIRO,00.974.211/0001-25,Serviços Transporte e Logística,PRIVADO HOLDING,RJ
CANCELADA,ANCAR SHOPPING SA,RIO DE JANEIRO,00.979.769/0001-01,Emp. Adm. Participações,PRIVADO,RJ
ATIVO,CAIXA ADM DIV PUB ESTADUAL SA,PORTO ALEGRE,00.979.969/0001-56,Intermediação Financeira,ESTATAL,RS
CANCELADA,S.A.V.SA,CURITIBA,00.982.476/0001-75,Emp. Adm. Participações,PRIVADO,PR
CANCELADA,ITABAPOANA PARTICIPACOES SA,SÃO PAULO,00.987.716/0001-24,Emp. Adm. Participações,PRIVADO,SP
CANCELADA,M HOLDINGS SA,ITAPEVI,00.988.131/0001-29,Emp. Adm. Participações,PRIVADO HOLDING,SP
CANCELADA,COMERCIAL QUINTELLA COM EXP SA EM LIQUIDAÇÃO,SÃO PAULO,00.994.533/0001-36,Serviços Transporte e Logística,PRIVADO,SP
CANCELADA,INDL BRASIL ARREND MERC SA,BARUERI,01.003.635/0001-05,Arrendamento Mercantil,PRIVADO,SP
ATIVO,CIELO S.A. - INSTITUIÇÃO DE PAGAMENTO,BARUERI,01.027.058/0001-91,Intermediação Financeira,PRIVADO,SP
CANCELADA,COMPANHIA DE INVESTIMENTOS PARTICIPAR,SÃO PAULO,01.028.049/0001-15,Emp. Adm. Participações,PRIVADO,SP
ATIVO,NEOENERGIA S.A,RIO DE JANEIRO,01.083.200/0001-18,Emp. Adm. Part. - Energia Elétrica,PRIVADO,RJ
CANCELADA,PARANA SHOPPING ADM DE BENS SA,CURITIBA,01.086.706/0001-80,Emp. Adm. Participações,PRIVADO,PR
CANCELADA,MCOM WIRELESS SA,SÃO PAULO,01.102.291/0001-91,Emp. Adm. Participações,PRIVADO HOLDING,SP
CANCELADA,CIDADELA TRUST RECEBIVEIS SA,CURITIBA,01.102.817/0001-33,Securitização de Recebíveis,PRIVADO,PR
CANCELADA,SHOPTIME SA,RIO DE JANEIRO,01.104.894/0001-22,Emp. Adm. Part. - Comércio (Atacado e Varejo),ESTRANGEIRO HOLDING,RJ
CANCELADA,ELETROBRÁS PARTICIPAÇÕES S.A. - ELETROPAR,RIO DE JANEIRO,01.104.937/0001-70,Emp. Adm. Part. - Energia Elétrica,ESTATAL,RJ
ATIVO,BBM LOGÍSTICA S.A.,SÃO JOSÉ DOS PINHAIS,01.107.327/0001-20,Serviços Transporte e Logística,PRIVADO,PR
CANCELADA,UNIVERSO ONLINE SA,SÃO PAULO,01.109.184/0001-95,Telecomunicações,PRIVADO HOLDING,SP
CANCELADA,TESC - TERMINAL SANTA CATARINA S/A,SÃO FRANCISCO DO SUL,01.115.535/0001-70,Serviços Transporte e Logística,PRIVADO,SC
CANCELADA,CONOVER TRADING SA,SÃO PAULO,01.123.176/0001-01,Comércio Exterior,ESTRANGEIRO,SP
CANCELADA,DISTRIBUIDORA DE PETROLEO DA BAHIA SA,CANDEIAS,01.125.282/0001-16,Petróleo e Gás,PRIVADO,BA
CANCELADA,TUPINAMBARANA SA,RIO DE JANEIRO,01.158.851/0001-20,Emp. Adm. Participações,PRIVADO,RJ
CANCELADA,HYDE PARK SA,SÃO JOSÉ DOS PINHAIS,01.180.474/0001-25,"Construção Civil, Mat. Constr. e Decoração",PRIVADO,PR
CANCELADA,BRASCAN IMOBILIARIA SA,RIO DE JANEIRO,01.187.338/0001-67,"Construção Civil, Mat. Constr. e Decoração",PRIVADO HOLDING,RJ
CANCELADA,BANEB LEASING SA ARREND MERC,NAZARÉ,01.210.645/0001-11,Arrendamento Mercantil,ESTATAL,BA
CANCELADA,CIA INTER-ATLANTICO PARTICIPS,RIO DE JANEIRO,01.222.069/0001-22,Emp. Adm. Participações,PRIVADO,RJ
CANCELADA,AMERICAS EMPRS ARTISTICOS SA,RIO DE JANEIRO,01.223.522/0001-15,Hospedagem e Turismo,PRIVADO,RJ
CANCELADA,GLOBAL TRUST SA,RIO DE JANEIRO,01.245.375/0001-84,Serviços Diversos,PRIVADO,RJ
CANCELADA,DOMINIUM PAR SA,RIO DE JANEIRO,01.252.296/0001-09,Emp. Adm. Participações,ESTRANGEIRO,RJ
CANCELADA,ITAITINGA PARTICIPACOES SA,SÃO PAULO,01.258.943/0001-81,Emp. Adm. Part. - Sem Setor Principal,PRIVADO HOLDING,SP
ATIVO,RUMO MALHA SUL S.A.,CURITIBA,01.258.944/0001-26,Serviços Transporte e Logística,PRIVADO,PR
CANCELADA,GRUÇAI PARTICIPAÇÕES SA,SÃO PAULO,01.258.945/0001-70,Emp. Adm. Part. - Serviços Transporte e Logística,PRIVADO HOLDING,SP
CANCELADA,PATÍ DO ALFERES PARTICIPAÇÕES S.A.,SÃO PAULO,01.258.947/0001-60,Emp. Adm. Participações,PRIVADO HOLDING,SP
CANCELADA,BOMPRECO TRUST RECEBIVEIS SA,RECIFE,01.269.202/0001-04,Serviços Diversos,PRIVADO,PE
CANCELADA,CONDOMINIUM VILLAGE SA,CURITIBA,01.284.807/0001-66,"Construção Civil, Mat. Constr. e Decoração",PRIVADO,PR
CANCELADA,DASS NORDESTE CALÇADOS E ARTIGOS ESPORTIVOS S.A.,ITAPIPOCA,01.287.588/0001-79,Têxtil e Vestuário,PRIVADO,CE
CANCELADA,TELETRUST DE RECEBIVEIS SA,RIO DE JANEIRO,01.301.301/0001-18,Bancos,PRIVADO,RJ
ATIVO,WTC AMAZONAS SUITE HOTEL S.A.,SÃO PAULO,01.319.044/0001-41,Hospedagem e Turismo,PRIVADO,SP
CANCELADA,VERPAR CENTROS COMERCIAIS SA,SÃO PAULO,01.327.874/0001-10,Emp. Adm. Part. - Comércio (Atacado e Varejo),PRIVADO,SP
CANCELADA,ST MICHEL SA,CURITIBA,01.328.630/0001-52,"Construção Civil, Mat. Constr. e Decoração",PRIVADO,PR
CANCELADA,ITA ENERGETICA S/A,SÃO PAULO,01.355.994/0001-21,Energia Elétrica,PRIVADO,SP
CANCELADA,SOLE DO BRASIL S.A. TELECOMUNICAÇÕES E COMERCIO EXTERIOR,SÃO PAULO,01.368.194/0001-45,Telecomunicações,PRIVADO,SP
CANCELADA,SERNAMBETIBA TRUST SPE SA,RIO DE JANEIRO,01.369.947/0001-37,"Construção Civil, Mat. Constr. e Decoração",PRIVADO,RJ
CANCELADA,GAFISA SPE-1 SA,SÃO PAULO,01.376.239/0001-23,"Construção Civil, Mat. Constr. e Decoração",PRIVADO,SP
CANCELADA,PORTHAL DO LAGO SA,CURITIBA,01.376.634/0001-06,"Construção Civil, Mat. Constr. e Decoração",PRIVADO,PR
CANCELADA,BANKBOSTON COMPANHIA HIPOTECÁRIA,SÃO PAULO,01.377.222/0001-90,Bancos,PRIVADO,SP
CANCELADA,MULTIBRAS PAR SA,SÃO PAULO,01.378.557/0001-23,Serviços Diversos,PRIVADO,SP
CANCELADA,VOTORANTIM FINANCAS S/A,BARUERI,01.386.256/0001-41,Comércio (Atacado e Varejo),PRIVADO,SP
CANCELADA,POLIPROPILENO PARTICIPACOES S.A.,SÃO PAULO,01.391.425/0001-31,Emp. Adm. Part. - Petroquímicos e Borracha,PRIVADO,SP
CANCELADA,PROMOAUTO PARTICIPAÇÕES SA,TAUBATÉ,01.394.549/0001-70,Emp. Adm. Participações,ESTRANGEIRO HOLDING,SP
CANCELADA,CONSPREVI SA,FLORIANÓPOLIS,01.395.591/0001-06,"Construção Civil, Mat. Constr. e Decoração",PRIVADO,SC
CANCELADA,VIVAX SA,AMERICANA,01.402.946/0001-47,Telecomunicações,PRIVADO,SP
CANCELADA,ENERGIPAR PARTICIPAÇÕES S.A.,RIO DE JANEIRO,01.414.107/0001-49,"Emp. Adm. Part. - Const. Civil, Mat. Const. e Decoração",PRIVADO,RJ
ATIVO,MRS LOGÍSTICA S/A,RIO DE JANEIRO,01.417.222/0001-77,Serviços Transporte e Logística,PRIVADO,RJ
CANCELADA,REDECARD S/A,BARUERI,01.425.787/0001-04,Emp. Adm. Part. - Sem Setor Principal,PRIVADO,SP
CANCELADA,REASON S.A. COML. IMPORT. E EXPORTADORA,BARUERI,01.430.815/0001-73,Comércio (Atacado e Varejo),PRIVADO,SP
CANCELADA,ATLÂNTICA EMPREEND.IMOBILIÁRIOS S/A,RIO DE JANEIRO,01.431.728/0001-30,"Construção Civil, Mat. Constr. e Decoração",PRIVADO,RJ
CANCELADA,CIA TERRAS BONSUCESSO,SÃO PAULO,01.447.243/0001-35,Emp. Adm. Participações,PRIVADO,SP
CANCELADA,LG INFORMÁTICA S.A.,APARECIDA DE GOIÂNIA,01.468.594/0001-22,Comunicação e Informática,PRIVADO,GO
CANCELADA,GC ADM DE RECEBIVEIS SA,RIO DE JANEIRO,01.472.666/0001-05,Serviços Diversos,PRIVADO,RJ
CANCELADA,FLYNET SA,RIO DE JANEIRO,01.492.670/0001-35,Emp. Adm. Part. - Comunicação e Informática,PRIVADO,RJ
CANCELADA,TORCEDOR SA,RIO DE JANEIRO,01.529.587/0001-93,Emp. Adm. Part. - Brinquedos e Lazer,PRIVADO,RJ
CANCELADA,TRANSUL SA,RIO DE JANEIRO,01.529.588/0001-38,Emp. Adm. Participações,ESTRANGEIRO,RJ
CANCELADA,RAIL SUL SA,SÃO PAULO,01.529.589/0001-82,Emp. Adm. Part. - Sem Setor Principal,PRIVADO,SP
CANCELADA,CANADENSE SA INDUSTRIA E PNEUS AGRICOLA,GOIÂNIA,01.533.298/0001-68,"Máquinas, Equipamentos, Veículos e Peças",PRIVADO,GO
CANCELADA,ROSSI SECURITIES SA,SÃO PAULO,01.535.646/0001-36,Seguradoras e Corretoras,PRIVADO,SP
CANCELADA,CIA THERMAS RIO QUENTE,RIO QUENTE,01.540.533/0001-29,Hospedagem e Turismo,PRIVADO,GO
CANCELADA,BANCO BEG S.A.,GOIÂNIA,01.540.541/0001-75,Bancos,PRIVADO,GO
CANCELADA,EQUATORIAL GOIAS DISTRIBUIDORA DE ENERGIA S.A.,GOIÂNIA,01.543.032/0001-04,Energia Elétrica,ESTATAL,GO
CANCELADA,ARAGUAIA SA MIN RACOES FERTIL,BRASÍLIA,01.543.362/0001-91,Extração Mineral,PRIVADO,DF
ATIVO,GAFISA SA,SÃO PAULO,01.545.826/0001-07,"Construção Civil, Mat. Constr. e Decoração",ESTRANGEIRO,SP
CANCELADA,SE SA COMERCIO E IMPORTACAO,SÃO PAULO,01.545.828/0001-98,Emp. Adm. Participações,PRIVADO HOLDING,SP
CANCELADA,ITINGA PARTICIPACOES SA,SÃO PAULO,01.545.830/0001-67,Emp. Adm. Participações,PRIVADO HOLDING,SP
CANCELADA,IRIRI PARTICIPACOES SA,SÃO PAULO,01.545.832/0001-56,Emp. Adm. Participações,PRIVADO HOLDING,SP
ATIVO,521 PARTICIPAÇOES S.A. - EM LIQUIDAÇÃO EXTRAJUDICIAL,RIO DE JANEIRO,01.547.749/0001-16,Emp. Adm. Part. - Energia Elétrica,PRIVADO,RJ
ATIVO,INVESTIMENTOS BEMGE S.A.,SÃO PAULO,01.548.981/0001-79,Bancos,PRIVADO,SP
CANCELADA,BAHIA TRUST DE RECEBIVEIS,SÃO CAETANO DO SUL,01.554.970/0001-00,Serviços Diversos,PRIVADO,SP
CANCELADA,MASSA FALIDA DA ENCOL SA ENG COM E INDUSTRIA,BRASÍLIA,01.556.141/0001-58,"Construção Civil, Mat. Constr. e Decoração",PRIVADO,DF
CANCELADA,SUL LOGISTICA SA,RIO DE JANEIRO,01.585.482/0001-51,Emp. Adm. Participações,ESTRANGEIRO,RJ
CANCELADA,CIA PAULISTA DE ADM DE ATIVOS,SÃO PAULO,01.596.401/0001-19,Emp. Adm. Participações,ESTATAL,SP
CANCELADA,INFOVIAS PNSC SA,SÃO PAULO,01.596.910/0001-41,Emp. Adm. Participações,PRIVADO,SP
ATIVO,SEQUOIA LOGÍSTICA E TRANSPORTES S.A.,BARUERI,01.599.101/0001-93,Serviços Transporte e Logística,PRIVADO,SP
CANCELADA,MARINGA PARK SA,CURITIBA,01.603.908/0001-52,Crédito Imobiliário,PRIVADO,PR
CANCELADA,BELAPART SA,RIO DE JANEIRO,01.608.571/0001-76,Emp. Adm. Part. - Crédito Imobiliário,PRIVADO HOLDING,RJ
ATIVO,SANEAMENTO DE GOIAS SA,GOIÂNIA,01.616.929/0001-02,"Saneamento, Serv. Água e Gás",ESTATAL,GO
CANCELADA,SOCIEDADE PART CIMENTEIRAS SA,SÃO PAULO,01.624.528/0001-02,"Construção Civil, Mat. Constr. e Decoração",ESTRANGEIRO,SP
ATIVO,VOTORANTIM CIMENTOS S.A.,SÃO PAULO,01.637.895/0001-32,"Construção Civil, Mat. Constr. e Decoração",PRIVADO,SP
CANCELADA,CONCES DA ROD OSÓRIO-POA S/A - CONCEPA,PORTO ALEGRE,01.654.604/0001-14,Serviços Transporte e Logística,PRIVADO,RS
CANCELADA,TELET SA,PORTO ALEGRE,01.655.694/0001-68,Telecomunicações,PRIVADO,RS
CANCELADA,CENTRAIS ELÉTRICAS CACHOEIRA DOURADA S/A,GOIÂNIA,01.672.223/0001-68,Energia Elétrica,ESTRANGEIRO HOLDING,GO
CANCELADA,AMERICEL SA,BRASÍLIA,01.685.903/0001-16,Telecomunicações,PRIVADO,DF
CANCELADA,METRO EXTENSAO NORTE TRUST SA,SÃO PAULO,01.709.614/0001-00,Serviços Diversos,PRIVADO,SP
CANCELADA,ELETRON PNSC SA,SÃO PAULO,01.729.228/0001-80,Emp. Adm. Participações,ESTRANGEIRO,SP
CANCELADA,VALETRON SA,RIO DE JANEIRO,01.772.313/0001-20,Emp. Adm. Part. - Sem Setor Principal,PRIVADO HOLDING,RJ
CANCELADA,VEGA ENGENHARIA AMBIENTAL SA,SÃO PAULO,01.832.326/0001-48,Serviços em Geral,ESTRANGEIRO,SP
CANCELADA,TAM S.A.,SÃO PAULO,01.832.635/0001-18,Serviços Transporte e Logística,PRIVADO,SP
ATIVO,BRF S.A.,ITAJAÍ,01.838.723/0001-27,Emp. Adm. Part. - Alimentos,PRIVADO,SC
ATIVO,524 PARTICIPAÇOES SA,RIO DE JANEIRO,01.851.771/0001-55,Emp. Adm. Part. - Sem Setor Principal,PRIVADO,RJ
CANCELADA,OAHAKA PARTICIPACOES SA,SÃO PAULO,01.856.751/0001-77,Emp. Adm. Participações,PRIVADO,SP
CANCELADA,BV LEASING - ARRENDAMENTO MERCANTIL S/A,SÃO PAULO,01.858.774/0001-10,Arrendamento Mercantil,PRIVADO,SP
ATIVO,CSU DIGITAL S.A.,BARUERI,01.896.779/0001-38,Emp. Adm. Part. - Sem Setor Principal,PRIVADO,SP
CANCELADA,AES ELPA SA,BARUERI,01.917.705/0001-30,Emp. Adm. Part. - Energia Elétrica,PRIVADO HOLDING,SP
ATIVO,LIGHT ENERGIA S.A.,RIO DE JANEIRO,01.917.818/0001-36,Energia Elétrica,PRIVADO,RJ
CANCELADA,525 PARTICIPAÇOES SA,RIO DE JANEIRO,01.919.008/0001-19,Emp. Adm. Part. - Sem Setor Principal,PRIVADO HOLDING,RJ
ATIVO,CIA DE PARTICIPAÇÕES ALIANÇA DA BAHIA,SALVADOR,01.938.783/0001-11,Emp. Adm. Part. - Sem Setor Principal,PRIVADO HOLDING,BA
CANCELADA,BRAUSTAM HOTEIS REIT SA,CAUCAIA,01.946.997/0001-30,Hospedagem e Turismo,PRIVADO,CE
CANCELADA,ORBIS TRUST SECURITIZADORA DE CREDITOS S/A,RIO DE JANEIRO,01.948.039/0001-06,Securitização de Recebíveis,PRIVADO,RJ
ATIVO,SUL 116 PARTICIPAÇÕES S.A.,RIO DE JANEIRO,01.957.772/0001-89,Emp. Adm. Part. - Telecomunicações,PRIVADO HOLDING,RJ
CANCELADA,OPPORTUNITY LESTE SA,RIO DE JANEIRO,01.957.774/0001-78,Emp. Adm. Part. - Telecomunicações,PRIVADO HOLDING,RJ
CANCELADA,ELETRORIVER S.A.,SALVADOR,01.968.293/0001-68,Emp. Adm. Part. - Energia Elétrica,PRIVADO HOLDING,BA
CANCELADA,EMBRAH TRUST SA,UBERLÂNDIA,01.969.933/0001-54,Securitização de Recebíveis,PRIVADO,MG
CANCELADA,"EMP.NAC. DE COMÉRCIO, RÉDITO E PART. S.A. - ENCORPAR",BELO HORIZONTE,01.971.614/0001-83,Emp. Adm. Part. - Têxtil e Vestuário,PRIVADO,MG
ATIVO,WTC RIO EMPREEND. E PARTICIPAÇÕES S.A.,SÃO PAULO,01.989.044/0001-59,Hospedagem e Turismo,PRIVADO,SP
CANCELADA,COMPANHIA DE PARTICIPAÇÕES ALPHA,SÃO PAULO,01.996.119/0001-29,Emp. Adm. Part. - Sem Setor Principal,PRIVADO,SP
CANCELADA,RIO GRANDE ENERGIA SA,CAXIAS DO SUL,02.016.439/0001-38,Energia Elétrica,PRIVADO,RS
ATIVO,RGE SUL DISTRIBUIDORA DE ENERGIA S.A.,SÃO LEOPOLDO,02.016.440/0001-62,Energia Elétrica,PRIVADO,RS
ATIVO,AXIA ENERGIA SUL S.A.,FLORIANÓPOLIS,02.016.507/0001-69,Energia Elétrica,PRIVADO,SC
CANCELADA,PARTICIP. E EMPREEND. REPUBLICA SA,SÃO PAULO,02.022.558/0001-01,Serviços Transporte e Logística,PRIVADO,SP
CANCELADA,PETRO RIO JAGUAR PETRÓLEO S.A.,RIO DE JANEIRO,02.031.413/0001-69,Petróleo e Gás,PRIVADO,RJ
CANCELADA,CASCAIS PARTICIPACOES SA,RIO DE JANEIRO,02.036.214/0001-43,Emp. Adm. Participações,PRIVADO,RJ
CANCELADA,ARGENTUM PARTICIPACOES SA,RIO DE JANEIRO,02.036.220/0001-09,Emp. Adm. Participações,PRIVADO,RJ
CANCELADA,AMARANTE PARTICIPACOES SA,RIO DE JANEIRO,02.036.227/0001-12,Emp. Adm. Participações,PRIVADO,RJ
CANCELADA,ARDOSIA PARTICIPACOES SA,RIO DE JANEIRO,02.036.233/0001-70,Emp. Adm. Participações,PRIVADO,RJ
CANCELADA,LAEROB PARTICIPACOES SA,RIO DE JANEIRO,02.037.966/0001-29,Emp. Adm. Participações,PRIVADO,RJ
ATIVO,V. TAL - REDE NEUTRA DE TELECOMUNICAÇÕES S.A.,SÃO PAULO,02.041.460/0001-93,Telecomunicações,PRIVADO,SP
ATIVO,SUDESTE SA,RIO DE JANEIRO,02.062.747/0001-08,Emp. Adm. Part. - Sem Setor Principal,PRIVADO,RJ
CANCELADA,OESTE PARTICIPAÇÕES SA,RIO DE JANEIRO,02.062.753/0001-57,Emp. Adm. Part. - Telecomunicações,PRIVADO HOLDING,RJ
CANCELADA,NUMERAL 80 PARTICIPAÇÕES S.A.,SÃO PAULO,02.084.220/0001-76,Emp. Adm. Part. - Serviços Transporte e Logística,PRIVADO,SP
CANCELADA,FAROL DO LAGO SA,BRASÍLIA,02.091.165/0001-41,Emp. Adm. Participações,PRIVADO,DF
CANCELADA,RIZA II SECURITIZADORA S.A.,SÃO PAULO,02.105.040/0001-23,Securitização de Recebíveis,PRIVADO,SP
CANCELADA,TELEMAR PARTICIPAÇÕES SA,RIO DE JANEIRO,02.107.946/0001-87,Emp. Adm. Part. - Telecomunicações,PRIVADO,RJ
CANCELADA,BULHOES CARVALHO F NOTES SA,RIO DE JANEIRO,02.109.419/0001-01,Serviços Diversos,PRIVADO,RJ
ATIVO,BONAIRE PARTICIPAÇÕES S.A.- EM LIQUIDAÇÃO,RIO DE JANEIRO,02.117.801/0001-67,Emp. Adm. Part. - Energia Elétrica,PRIVADO,RJ
CANCELADA,GARUDA SA,SÃO PAULO,02.134.838/0001-01,Emp. Adm. Part. - Alimentos,PRIVADO,SP
ATIVO,PORTO SEGURO SA,SÃO PAULO,02.149.205/0001-69,Seguradoras e Corretoras,PRIVADO,SP
CANCELADA,CPFL JAGUARIÚNA S.A.,JAGUARIÚNA,02.150.569/0001-69,Energia Elétrica,PRIVADO,SP
CANCELADA,ECO HILLS SA,SÃO JOSÉ DOS PINHAIS,02.151.985/0001-81,"Construção Civil, Mat. Constr. e Decoração",PRIVADO,PR
CANCELADA,UPTICK PARTICIPACOES S.A. - EM LIQUIDAÇÃO,RIO DE JANEIRO,02.162.616/0001-94,Emp. Adm. Part. - Energia Elétrica,PRIVADO,RJ
ATIVO,FGR INCORPORAÇÕES S.A.,APARECIDA DE GOIÂNIA,02.171.304/0001-47,"Construção Civil, Mat. Constr. e Decoração",PRIVADO,GO
CANCELADA,MAISON ROYALE SA,CURITIBA,02.176.632/0001-36,"Construção Civil, Mat. Constr. e Decoração",PRIVADO,PR
CANCELADA,ITAÚ RENT ADM. E PARTICIPAÇÕES S.A.,SÃO PAULO,02.180.133/0001-12,Emp. Adm. Participações,PRIVADO,SP
CANCELADA,EDITORA ABRIL S/A,SÃO PAULO,02.183.757/0001-93,Comunicação e Informática,PRIVADO,SP
CANCELADA,CEVAL PARTICIPAÇOES SA,GASPAR,02.189.227/0001-52,Outras Atividades Industriais,PRIVADO,SC
CANCELADA,CENTRO SECULO XXI SA,CURITIBA,02.191.115/0001-36,"Construção Civil, Mat. Constr. e Decoração",PRIVADO,PR
ATIVO,DEXXOS PARTICIPAÇÕES S.A.,RIO DE JANEIRO,02.193.750/0001-52,Emp. Adm. Part. - Sem Setor Principal,PRIVADO,RJ
CANCELADA,CIA AGRO INDL DE GOIAS CAGIGO,BELO HORIZONTE,02.194.017/0001-52,Alimentos,PRIVADO,MG
CANCELADA,CIA ENERGETICA MERIDIONAL,FLORIANÓPOLIS,02.201.268/0001-17,Energia Elétrica,PRIVADO,SC
ATIVO,CEL PARTICIPAÇÕES S.A. - CELPAR,RIO DE JANEIRO,02.201.787/0001-85,Emp. Adm. Part. - Educação,PRIVADO,RJ
CANCELADA,DOCASNET SA,RIO DE JANEIRO,02.207.388/0001-21,Emp. Adm. Participações,PRIVADO HOLDING,RJ
ATIVO,YBYRA CAPITAL S.A,SÃO PAULO,02.217.319/0001-07,Emp. Adm. Part. - Sem Setor Principal,PRIVADO,SP
CANCELADA,LIGA FUTEBOL SA,RIO DE JANEIRO,02.217.325/0001-56,Emp. Adm. Part. - Sem Setor Principal,PRIVADO HOLDING,RJ
CANCELADA,S.F.S.P.V. EMPRS E PARTS SA,SÃO PAULO,02.220.855/0001-53,Emp. Adm. Participações,PRIVADO HOLDING,SP
CANCELADA,RDN CONCESSÕES E PARTICIPAÇÕES S.A.,PONTA GROSSA,02.221.531/0001-30,Serviços Transporte e Logística,PRIVADO,PR
CANCELADA,EMPR. CONCESS. DE RODOVIAS DO NORTE S.A. - ECONORTE,LONDRINA,02.222.736/0001-30,Serviços Transporte e Logística,PRIVADO,PR
CANCELADA,INEPAR ENERGIA SA,CURITIBA,02.225.714/0001-23,Energia Elétrica,PRIVADO,PR
CANCELADA,S.P.E.L. EMPREENDIMENTOS E PARTICIP. S.A,SÃO PAULO,02.250.726/0001-08,"Emp. Adm. Part. - Const. Civil, Mat. Const. e Decoração",PRIVADO HOLDING,SP
ATIVO,UNIFIQUE TELECOMUNICAÇÕES S.A.,TIMBÓ,02.255.187/0001-08,Emp. Adm. Part. - Telecomunicações,PRIVADO,SC
CANCELADA,ABC SUPERMERCADOS SA,PETRÓPOLIS,02.258.274/0001-00,Comércio (Atacado e Varejo),PRIVADO,RJ
ATIVO,INEPAR EQUIPAMENTOS E MONTAGENS S/A - EM RECUPERACAO JUDICIA,CURITIBA,02.258.422/0001-97,"Máquinas, Equipamentos, Veículos e Peças",PRIVADO,PR
ATIVO,TRANSNORDESTINA LOGISTICA SA,FORTALEZA,02.281.836/0001-37,Serviços Transporte e Logística,PRIVADO,CE
CANCELADA,ALTA - AMER.LAT.TELEC.AVANÇADAS S/A,RIO DE JANEIRO,02.282.923/0001-09,Telecomunicações,PRIVADO,RJ
ATIVO,LOCALIZA  FLEET S.A.,BELO HORIZONTE,02.286.479/0001-08,Serviços Transporte e Logística,PRIVADO HOLDING,MG
CANCELADA,SUBESTAÇÃO ELETROMETRÔ S/A,RIO DE JANEIRO,02.286.509/0001-78,Emp. Adm. Part. - Energia Elétrica,PRIVADO,RJ
CANCELADA,A.P. PARTICIPAÇOES SA,RIO DE JANEIRO,02.288.752/0001-25,Emp. Adm. Participações,ESTATAL,RJ
ATIVO,PRODUTORES ENERGET.DE MANSO S.A.- PROMAN,RIO DE JANEIRO,02.291.077/0001-93,Energia Elétrica,PRIVADO,RJ
CANCELADA,EPTE-EMPR. PTA TRANS. ENERG. ELETR. S.A.,SÃO PAULO,02.302.098/0001-67,Energia Elétrica,ESTATAL,SP
ATIVO,EDP SÃO PAULO DISTRIBUIÇÃO DE ENERGIA S.A.,SÃO PAULO,02.302.100/0001-06,Energia Elétrica,PRIVADO,SP
ATIVO,EMAE - EMPRESA METROP.AGUAS ENERGIA S.A.,SÃO PAULO,02.302.101/0001-42,Energia Elétrica,ESTATAL,SP
CANCELADA,PANTANAL PLAZA SHOPPING SA,CUIABÁ,02.305.131/0001-02,Comércio (Atacado e Varejo),PRIVADO HOLDING,MT
CANCELADA,GANGES PARTICIPACOES SA,RIO DE JANEIRO,02.312.126/0001-27,Emp. Adm. Participações,PRIVADO,RJ
CANCELADA,DALETH PARTICIPAÇÕES SA - EM LIQUIDAÇÃO,RIO DE JANEIRO,02.312.604/0001-07,"Emp. Adm. Part. - Saneamento, Serv. Água e Gás",PRIVADO HOLDING,RJ
CANCELADA,FG TRUST SA,RIO DE JANEIRO,02.312.666/0001-00,Emp. Adm. Part. - Securitização de Recebíveis,PRIVADO,RJ
CANCELADA,METALTRUST S/A (5212 PARTICIPAÇÕES S/A),BELO HORIZONTE,02.312.699/0001-50,Emp. Adm. Part. - Securitização de Recebíveis,PRIVADO,MG
CANCELADA,OPPORTUNITY ENERGIA E PARTICIPAÇÕES S.A.,RIO DE JANEIRO,02.318.346/0001-68,Emp. Adm. Part. - Sem Setor Principal,PRIVADO,RJ
CANCELADA,TELESP CELULAR SA,SÃO PAULO,02.319.126/0001-59,Telecomunicações,ESTATAL,SP
CANCELADA,TELEBRASÍLIA CELULAR SA,BRASÍLIA,02.320.032/0001-08,Telecomunicações,PRIVADO,DF
CANCELADA,TELEMIG CELULAR SA,BELO HORIZONTE,02.320.739/0001-06,Telecomunicações,PRIVADO,MG
CANCELADA,TELAMAZON CELULAR SA,MANAUS,02.322.103/0001-01,Telecomunicações,PRIVADO,AM
CANCELADA,TELPA CELULAR SA,JOÃO PESSOA,02.322.271/0001-99,Telecomunicações,PRIVADO,PB
CANCELADA,TELEST CELULAR SA,VITÓRIA,02.325.945/0001-09,Telecomunicações,PRIVADO HOLDING,ES
CANCELADA,CONCESSÃO METROVIÁRIA DO RIO DE JANEIRO S.A.,RIO DE JANEIRO,02.327.817/0001-02,Serviços Transporte e Logística,PRIVADO,RJ
ATIVO,ELEKTRO REDES S.A.,CAMPINAS,02.328.280/0001-97,Energia Elétrica,PRIVADO,SP
CANCELADA,TELASA CELULAR SA,MACEIÓ,02.328.592/0001-09,Telecomunicações,PRIVADO,AL
CANCELADA,TELERJ CELULAR SA,RIO DE JANEIRO,02.330.506/0001-94,Telecomunicações,PRIVADO,RJ
CANCELADA,TELEMS CELULAR SA,CAMPO GRANDE,02.331.492/0001-23,Telecomunicações,ESTATAL,MS
CANCELADA,TELEBAHIA CELULAR SA,SALVADOR,02.331.879/0001-80,Telecomunicações,PRIVADO HOLDING,BA
CANCELADA,TIM SUL S.A.,CURITIBA,02.332.397/0001-44,Telecomunicações,PRIVADO,PR
CANCELADA,TELERN CELULAR SA,NATAL,02.332.973/0001-53,Telecomunicações,PRIVADO,RN
CANCELADA,TELEACRE CELULAR SA,RIO BRANCO,02.332.982/0001-44,Telecomunicações,ESTATAL,AC
CANCELADA,TELEAMAPÁ CELULAR SA,MACAPÁ,02.333.355/0001-28,Telecomunicações,PRIVADO HOLDING,AP
CANCELADA,TELESC CELULAR S/A,FLORIANÓPOLIS,02.334.700/0001-48,Telecomunicações,PRIVADO,SC
CANCELADA,FIAGO PARTICIPAÇÕES S.A. - EM LIQUIDAÇÃO,RIO DE JANEIRO,02.335.514/0001-23,Emp. Adm. Part. - Telecomunicações,PRIVADO,RJ
CANCELADA,TIM NORDESTE TELECOMUNICAÇÕES S.A.,JABOATÃO DOS GUARARAPES,02.336.993/0001-00,Telecomunicações,PRIVADO,PE
CANCELADA,TELERON CELULAR SA,PORTO VELHO,02.337.949/0001-07,Telecomunicações,PRIVADO,RO
CANCELADA,TELECEARÁ CELULAR SA,FORTALEZA,02.338.114/0001-71,Telecomunicações,PRIVADO,CE
ATIVO,LONGDIS SA,SÃO PAULO,02.338.534/0001-58,Emp. Adm. Part. - Sem Setor Principal,PRIVADO HOLDING,SP
CANCELADA,AMAZONIA CELULAR S/A,BELÉM,02.340.278/0001-33,Telecomunicações,PRIVADO HOLDING,PA
CANCELADA,TELEMAT CELULAR SA,ABADIA DOS DOURADOS,02.340.817/0001-34,Telecomunicações,ESTATAL,MT
CANCELADA,TELEGOIAS CELULAR SA,GOIÂNIA,02.341.506/0001-90,Telecomunicações,PRIVADO,GO
CANCELADA,TELERGIPE CELULAR SA,ARACAJU,02.349.167/0001-98,Telecomunicações,PRIVADO HOLDING,SE
ATIVO,TEGMA GESTÃO LOGÍSTICA SA,SÃO BERNARDO DO CAMPO,02.351.144/0001-18,Serviços Transporte e Logística,PRIVADO,SP
CANCELADA,LWSA S/A,SÃO PAULO,02.351.877/0001-52,Comunicação e Informática,PRIVADO,SP
ATIVO,LIFEMED INDUSTRIAL DE EQUIP. E ART. MEDICOS E HOSP. S.A.,PELOTAS,02.357.251/0001-53,"Máquinas, Equipamentos, Veículos e Peças",PRIVADO,RS
CANCELADA,TELEPARÁ CELULAR SA,BELÉM,02.361.554/0001-40,Telecomunicações,PRIVADO,PA
CANCELADA,RET PARTICIPAÇÕES S/A,SÃO PAULO,02.363.917/0001-86,Emp. Adm. Part. - Telecomunicações,PRIVADO,SP
CANCELADA,ZAIN PARTICIPAÇÕES S/A,RIO DE JANEIRO,02.363.918/0001-20,Emp. Adm. Part. - Telecomunicações,PRIVADO HOLDING,RJ
ATIVO,PADTEC HOLDING S.A.,CAMPINAS,02.365.069/0001-44,Emp. Adm. Part. - Telecomunicações,PRIVADO,SP
CANCELADA,VIANORTE S/A,RIBEIRÃO PRETO,02.366.097/0001-86,Serviços Transporte e Logística,PRIVADO HOLDING,SP
CANCELADA,TELEPISA CELULAR SA,TERESINA,02.368.412/0001-04,Telecomunicações,PRIVADO,PI
CANCELADA,MULTI-CAR RIO TERMINAL DE VEÍCULOS S/A,RIO DE JANEIRO,02.369.513/0001-08,Emp. Adm. Participações,PRIVADO,RJ
CANCELADA,TELAIMA CELULAR SA,BOA VISTA,02.369.651/0001-89,Telecomunicações,PRIVADO HOLDING,RR
CANCELADA,LIBRA TERMINAL 35 SA,RIO DE JANEIRO,02.373.383/0001-79,Serviços Transporte e Logística,PRIVADO,RJ
CANCELADA,LIBRA TERMINAL RIO S.A. - EM RECUPERAÇÃO JUDICIAL,RIO DE JANEIRO,02.373.517/0001-51,Serviços Transporte e Logística,PRIVADO,RJ
ATIVO,PROLAGOS S/A - CONC.DE SERVICOS PÚBLICOS DE ÁGUA E ESGOTO,SÃO PEDRO DA ALDEIA,02.382.073/0001-10,"Saneamento, Serv. Água e Gás",PRIVADO,RJ
CANCELADA,PIRAJU PARTICIPACOES SA,SÃO PAULO,02.387.233/0001-14,Emp. Adm. Participações,PRIVADO HOLDING,SP
ATIVO,RUMO S.A.,SÃO PAULO,02.387.241/0001-60,Emp. Adm. Part. - Serviços Transporte e Logística,PRIVADO HOLDING,SP
CANCELADA,LF TEL SA,SÃO PAULO,02.390.206/0001-09,Emp. Adm. Part. - Telecomunicações,PRIVADO,SP
CANCELADA,POCONÉ PARTICIPAÇÕES SA,SÃO PAULO,02.395.548/0001-03,Emp. Adm. Participações,PRIVADO HOLDING,SP
CANCELADA,PRH9 PRODUÇÕES SA,SÃO PAULO,02.396.693/0001-09,Serviços Diversos,PRIVADO,SP
CANCELADA,ITAPEBI GERAÇÃO DE ENERGIA S/A,RIO DE JANEIRO,02.397.080/0001-96,Energia Elétrica,PRIVADO,RJ
CANCELADA,CONCESSIONARIA DE RODOVIAS DO OESTE DE SP-VIA OESTE SA,BARUERI,02.415.408/0001-50,Serviços Transporte e Logística,PRIVADO,SP
ATIVO,TIM S.A.,RIO DE JANEIRO,02.421.421/0001-11,Telecomunicações,PRIVADO HOLDING,RJ
CANCELADA,VASCO DA GAMA LICENCIAMENTOS S/A,RIO DE JANEIRO,02.424.122/0001-30,Emp. Adm. Participações,ESTRANGEIRO,RJ
ATIVO,CPFL ENERGIA SA,CAMPINAS,02.429.144/0001-93,Emp. Adm. Part. - Energia Elétrica,PRIVADO HOLDING,SP
CANCELADA,CTMR CELULAR SA,PELOTAS,02.432.056/0001-40,Telecomunicações,PRIVADO,RS
CANCELADA,ATL - ALGAR TELECOM LESTE S.A.,RIO DE JANEIRO,02.445.817/0001-07,Telecomunicações,PRIVADO,RJ
ATIVO,CONCESSIONÁRIA DO SISTEMA ANHANGUERA-BANDEIRANTES S.A.,JUNDIAÍ,02.451.848/0001-62,Serviços Transporte e Logística,PRIVADO,SP
CANCELADA,VILLAGE COUNTRY SA,SÃO JOSÉ DOS PINHAIS,02.456.029/0001-08,"Construção Civil, Mat. Constr. e Decoração",PRIVADO,PR
CANCELADA,BRASIL FERROVIAS S.A.,SÃO PAULO,02.457.269/0001-27,Serviços Transporte e Logística,PRIVADO,SP
CANCELADA,INVITEL SA,RIO DE JANEIRO,02.465.782/0001-60,Emp. Adm. Part. - Telecomunicações,PRIVADO HOLDING,RJ
CANCELADA,FUTURETEL S.A. - EM LIQUIDAÇÃO,RIO DE JANEIRO,02.465.783/0001-04,Emp. Adm. Part. - Telecomunicações,PRIVADO HOLDING,RJ
ATIVO,ENGIE BRASIL ENERGIA S.A.,FLORIANÓPOLIS,02.474.103/0001-19,Energia Elétrica,PRIVADO,SC
CANCELADA,TELINVEST SA,SÃO PAULO,02.476.710/0001-18,Emp. Adm. Part. - Telecomunicações,PRIVADO HOLDING,SP
CANCELADA,MASSA FALIDA DE FAZENDAS REUNIDAS BOI GORDO,SÃO PAULO,02.490.462/0001-60,"Agricultura (Açúcar, Álcool e Cana)",PRIVADO,SP
ATIVO,RUMO MALHA PAULISTA S.A.,SÃO PAULO,02.502.844/0001-66,Serviços Transporte e Logística,PRIVADO,SP
CANCELADA,TRIÂNGULO DO SOL AUTO-ESTRADAS S.A.,MATÃO,02.509.186/0001-34,Serviços Transporte e Logística,PRIVADO,SP
ATIVO,CONCESSIONARIA ECOVIAS DOS IMIGRANTES SA,SÃO BERNARDO DO CAMPO,02.509.491/0001-26,Serviços Transporte e Logística,PRIVADO,SP
CANCELADA,EMPRESA CONC.DE RODOV.DO SUL S/A ECOSUL,PELOTAS,02.511.048/0001-90,Serviços Transporte e Logística,PRIVADO,RS
CANCELADA,ARAGUAIA CIA INDL DE PROD ALIM,GURUPI,02.517.787/0001-99,Alimentos,PRIVADO,TO
CANCELADA,PÁTRIA INVESTIMENTOS IMOBILIÁRIOS S.A.,SÃO PAULO,02.533.576/0001-40,Emp. Adm. Part. - Crédito Imobiliário,PRIVADO,SP
CANCELADA,PERNAMBUCO PARTIC  INVEST. SA,RECIFE,02.534.914/0001-68,"Máquinas, Equipamentos, Veículos e Peças",ESTATAL,PE
CANCELADA,EASYPAR SA,SÃO PAULO,02.535.294/0001-81,Intermediação Financeira,PRIVADO,SP
CANCELADA,MAORI SA,SÃO PAULO,02.535.295/0001-26,Emp. Adm. Part. - Gráficas e Editoras,PRIVADO,SP
ATIVO,VITAL ENGENHARIA AMBIENTAL S.A.,RIO DE JANEIRO,02.536.066/0001-26,"Saneamento, Serv. Água e Gás",PRIVADO,RJ
CANCELADA,SOMOS EDUCAÇÃO S.A.,SÃO PAULO,02.541.982/0001-54,Gráficas e Editoras,PRIVADO,SP
CANCELADA,CENTROVIAS-SISTEMAS RODOVIARIOS S/A,ITIRAPINA,02.555.926/0001-79,Serviços Transporte e Logística,PRIVADO HOLDING,SP
CANCELADA,VIVO PARTICIPAÇÕES SA,SÃO PAULO,02.558.074/0001-73,Telecomunicações,PRIVADO HOLDING,SP
CANCELADA,TIM PARTICIPAÇÕES SA,RIO DE JANEIRO,02.558.115/0001-21,Emp. Adm. Part. - Telecomunicações,PRIVADO,RJ
CANCELADA,TELEMIG CELULAR PARTICIPAÇÕES S.A.,BELO HORIZONTE,02.558.118/0001-65,Telecomunicações,PRIVADO HOLDING,MG
CANCELADA,EMBRATEL PARTICIPAÇÕES SA,RIO DE JANEIRO,02.558.124/0001-12,Telecomunicações,PRIVADO HOLDING,RJ
CANCELADA,TELE SUDESTE CELULAR PARTICIPAÇÕES SA,RIO DE JANEIRO,02.558.129/0001-45,Emp. Adm. Part. - Telecomunicações,PRIVADO,RJ
CANCELADA,TCO CELULAR PARTICIPAÇÕES  S/A,BRASÍLIA,02.558.132/0001-69,Emp. Adm. Part. - Telecomunicações,PRIVADO HOLDING,DF
CANCELADA,TELE NORTE LESTE PARTICIPAÇÕES SA,RIO DE JANEIRO,02.558.134/0001-58,Telecomunicações,PRIVADO HOLDING,RJ
CANCELADA,TELE LESTE CELULAR PARTICIPAÇÕES SA,SÃO PAULO,02.558.144/0001-93,Emp. Adm. Part. - Telecomunicações,PRIVADO HOLDING,SP
CANCELADA,TELE NORTE CELULAR PARTICIPAÇÕES SA,RIO DE JANEIRO,02.558.154/0001-29,Telecomunicações,PRIVADO HOLDING,RJ
CANCELADA,TELE NORDESTE CELULAR PARTICIPAÇÕES SA,JABOATÃO DOS GUARARAPES,02.558.156/0001-18,Emp. Adm. Participações,PRIVADO HOLDING,PE
ATIVO,TELEFÔNICA BRASIL S.A.,SÃO PAULO,02.558.157/0001-62,Telecomunicações,PRIVADO,SP
ATIVO,HOSPITAL ANCHIETA S.A.,BRASÍLIA,02.560.878/0001-07,Serviços Médicos,PRIVADO,DF
CANCELADA,BRASIL TELECOM PARTICIPAÇÕES SA,RIO DE JANEIRO,02.570.688/0001-70,Emp. Adm. Part. - Telecomunicações,PRIVADO HOLDING,RJ
ATIVO,CAPITALPART PARTICIPAÇÕES SA,SÃO PAULO,02.591.787/0001-39,Emp. Adm. Part. - Telecomunicações,PRIVADO HOLDING,SP
CANCELADA,TELPART PARTICIPAÇÕES S/A,RIO DE JANEIRO,02.591.814/0001-73,Emp. Adm. Part. - Telecomunicações,PRIVADO HOLDING,RJ
CANCELADA,SONDIS BRASIL SA,SÃO PAULO,02.594.251/0001-77,Emp. Adm. Participações,PRIVADO,SP
ATIVO,TIM BRASIL SERVIÇOS E PARTICIPAÇÕES S.A.,RIO DE JANEIRO,02.600.854/0001-34,Telecomunicações,ESTRANGEIRO HOLDING,RJ
CANCELADA,INNCORP S.A.,SÃO PAULO,02.604.860/0001-60,Emp. Adm. Part. - Sem Setor Principal,PRIVADO HOLDING,SP
ATIVO,NEWTEL PARTICIPAÇÕES S.A. - EM LIQUIDAÇÃO,RIO DE JANEIRO,02.604.997/0001-14,Emp. Adm. Part. - Telecomunicações,PRIVADO HOLDING,RJ
CANCELADA,ARGOLIS HOLDINGS S.A.,RIO DE JANEIRO,02.605.028/0001-88,Emp. Adm. Part. - Telecomunicações,PRIVADO HOLDING,RJ
CANCELADA,MEM CELULAR PARTICIPAÇÕES SA,RIO DE JANEIRO,02.607.723/0001-89,Emp. Adm. Part. - Telecomunicações,PRIVADO HOLDING,RJ
CANCELADA,LATINTECH CAPITAL S/A,RIO DE JANEIRO,02.628.033/0001-06,Emp. Adm. Participações,ESTRANGEIRO HOLDING,RJ
ATIVO,JALLES MACHADO S.A.,GOIANÉSIA,02.635.522/0001-95,"Agricultura (Açúcar, Álcool e Cana)",PRIVADO,GO
CANCELADA,REAL AI PIC SECURITIZADORA DE CREDITOS IMOBILIARIOS S.A.,SÃO PAULO,02.643.896/0001-52,Securitização de Recebíveis,PRIVADO,SP
CANCELADA,RENNER PARTICIPAÇÕES SA,PORTO ALEGRE,02.659.727/0001-00,Emp. Adm. Part. - Intermediação Financeira,PRIVADO,RS
CANCELADA,TERMINAL GARAGEM MENEZES CORTES SA,RIO DE JANEIRO,02.664.042/0001-52,Serviços Transporte e Logística,PRIVADO,RJ
CANCELADA,REAL CONSÓRCIO PART. S.A.(EM LIQUIDAÇÃO),SÃO PAULO,02.670.203/0001-10,Emp. Adm. Participações,PRIVADO,SP
CANCELADA,REAL HOLDINGS PART. S.A. (EM LIQUIDAÇÃO),SÃO PAULO,02.670.204/0001-65,Serviços Transporte e Logística,PRIVADO HOLDING,SP
CANCELADA,REALPAR PARTICIPAÇÕES S.A-EM LIQUIDAÇÃO,SÃO PAULO,02.670.205/0001-00,Emp. Adm. Participações,PRIVADO,SP
CANCELADA,AUTOVIAS S/A,RIBEIRÃO PRETO,02.679.185/0001-38,Serviços Transporte e Logística,PRIVADO HOLDING,SP
CANCELADA,"PAN FINANCEIRA S.A. - CRÉDITO, FINANCIAMENTO E INVESTIMENTO",SÃO PAULO,02.682.287/0001-02,Arrendamento Mercantil,PRIVADO,SP
CANCELADA,SANESALTO SANEAMENTO SA,SALTO,02.724.983/0001-34,"Saneamento, Serv. Água e Gás",PRIVADO,SP
CANCELADA,SUPERVIA CONCESS. DE TRANPORTE FERR. S/A,RIO DE JANEIRO,02.735.385/0001-60,Serviços Transporte e Logística,PRIVADO,RJ
CANCELADA,CONFIANZA SECURITIZADORA SA,SÃO PAULO,02.736.470/0001-43,Emp. Adm. Part. - Securitização de Recebíveis,PRIVADO,SP
CANCELADA,PLATYPUS SA,SÃO PAULO,02.736.471/0001-98,Emp. Adm. Part. - Serviços médicos,ESTRANGEIRO,SP
CANCELADA,MAVERICK SA,SÃO PAULO,02.736.473/0001-87,Emp. Adm. Participações,PRIVADO,SP
CANCELADA,TOBASA TOCANTINS BABACU SA,TOCANTINÓPOLIS,02.747.251/0001-60,Alimentos,PRIVADO,TO
CANCELADA,BRAZILIAN FINANCE & REAL ESTATE S.A.,SÃO PAULO,02.762.113/0001-50,Emp. Adm. Part. - Crédito Imobiliário,PRIVADO,SP
CANCELADA,MASSA FALIDA DA MMX MINERACAO E METALICOS S.A.,RIO DE JANEIRO,02.762.115/0001-49,Extração Mineral,PRIVADO,RJ
ATIVO,SANTOS BRASIL PARTICIPAÇÕES S.A.,SÃO PAULO,02.762.121/0001-04,Emp. Adm. Part. - Serviços Transporte e Logística,ESTATAL HOLDING,SP
CANCELADA,PEARSON SISTEMAS DO BRASIL S.A.,SÃO PAULO,02.762.122/0001-40,Educação,PRIVADO,SP
ATIVO,BETAPART PARTICIPAÇÕES SA,RIO DE JANEIRO,02.762.124/0001-30,Emp. Adm. Part. - Crédito Imobiliário,PRIVADO HOLDING,RJ
CANCELADA,OPEA SECURITIZADORA S.A.,SÃO PAULO,02.773.542/0001-22,Securitização de Recebíveis,PRIVADO,SP
CANCELADA,ALBAE PARTICIPACOES SA,SÃO PAULO,02.783.422/0001-06,Emp. Adm. Participações,PRIVADO HOLDING,SP
CANCELADA,ALTERE SECURITIZADORA S.A.,SÃO PAULO,02.783.423/0001-50,Securitização de Recebíveis,PRIVADO HOLDING,SP
CANCELADA,PARQUES TEMÁTICO HOPI HARI S.A,SÃO PAULO,02.783.424/0001-03,Emp. Adm. Participações,PRIVADO HOLDING,SP
CANCELADA,ALIUM PARTICIPAÇÕES SA,RIO DE JANEIRO,02.783.425/0001-40,Emp. Adm. Part. - Sem Setor Principal,PRIVADO,RJ
CANCELADA,COMPANHIA SIDERÚRGICA PAULISTA - COSIPA,SÃO PAULO,02.790.893/0001-41,Metalurgia e Siderurgia,PRIVADO,SP
ATIVO,GAMA PARTICIPAÇÕES S.A.,RIO DE JANEIRO,02.796.775/0001-40,Emp. Adm. Part. - Sem Setor Principal,PRIVADO,RJ
ATIVO,COGNA EDUCAÇÃO S.A.,BELO HORIZONTE,02.800.026/0001-40,Emp. Adm. Part. - Educação,PRIVADO,MG
CANCELADA,AETATIS SECURITIZADORA S.A.,SÃO PAULO,02.808.481/0001-91,Securitização de Recebíveis,PRIVADO HOLDING,SP
CANCELADA,ACTORI PARTICIPAÇÕES SA,SÃO PAULO,02.808.627/0001-07,Emp. Adm. Participações,PRIVADO HOLDING,SP
CANCELADA,COMPANHIA DE BEBIDAS DAS AMÉRICAS-AMBEV,SÃO PAULO,02.808.708/0001-07,Bebidas e Fumo,PRIVADO,SP
CANCELADA,GEODEX COMMUNICATIONS S.A.,SÃO PAULO,02.808.710/0001-78,Telecomunicações,ESTRANGEIRO,SP
CANCELADA,INVESTVALE SERVIÇOS S.A.,RIO DE JANEIRO,02.812.190/0001-77,Comunicação e Informática,PRIVADO,RJ
ATIVO,MOTIVA INFRAESTRUTURA DE MOBILIDADE S.A.,SÃO PAULO,02.846.056/0001-97,Emp. Adm. Part. - Serviços Transporte e Logística,PRIVADO,SP
CANCELADA,CIA PETROLIFERA MARLIM,MACAÉ,02.854.397/0001-04,Petróleo e Gás,PRIVADO,RJ
CANCELADA,T4F ENTRETENIMENTO SA,SÃO PAULO,02.860.694/0001-62,Brinquedos e Lazer,PRIVADO,SP
CANCELADA,INVESTMOBILE SA,CURITIBA,02.869.385/0001-53,Emp. Adm. Participações,PRIVADO,PR
CANCELADA,VICUNHA SIDERURGIA SA,SÃO PAULO,02.871.007/0001-04,Emp. Adm. Part. - Metalurgia e Siderurgia,PRIVADO,SP
CANCELADA,SEARA ALIMENTOS SA,ITAJAÍ,02.914.460/0001-50,Alimentos,ESTRANGEIRO,SC
ATIVO,JBS SA,SÃO PAULO,02.916.265/0001-60,Alimentos,PRIVADO,SP
ATIVO,ARTERIS S.A.,SÃO PAULO,02.919.555/0001-67,Serviços Transporte e Logística,ESTRANGEIRO,SP
CANCELADA,SUBMARINO S/A,OSASCO,02.930.076/0001-41,Comércio (Atacado e Varejo),ESTRANGEIRO,SP
ATIVO,HYPERA S/A,SÃO PAULO,02.932.074/0001-91,Farmacêutico e Higiene,PRIVADO,SP
ATIVO,PDG REALTY S.A. EMPREEND E PARTICIPACOES,SÃO PAULO,02.950.811/0001-89,"Emp. Adm. Part. - Const. Civil, Mat. Const. e Decoração",PRIVADO,SP
CANCELADA,CEMIG TELECOMUNICAÇÕES S/A,BELO HORIZONTE,02.983.428/0001-27,Telecomunicações,ESTATAL,MG
CANCELADA,INVESTHOTEL S.A.,CURITIBA,02.983.657/0001-41,Emp. Adm. Participações,PRIVADO,PR
CANCELADA,TRK BRASIL TRUST SA,CAMAÇARI,02.987.278/0001-20,Emp. Adm. Participações,PRIVADO,BA
CANCELADA,ARGOLIS PARTICIPAÇÕES S/A,RIO DE JANEIRO,02.992.440/0001-06,Emp. Adm. Part. - Telecomunicações,PRIVADO HOLDING,RJ
ATIVO,PROMPT PARTICIPAÇÕES S.A.,RIO DE JANEIRO,02.992.449/0001-09,Emp. Adm. Part. - Sem Setor Principal,PRIVADO HOLDING,RJ
CANCELADA,CALIBRE PARTICIPAÇÕES S/A,SÃO PAULO,02.992.453/0001-77,Emp. Adm. Participações,ESTRANGEIRO HOLDING,SP
CANCELADA,ALIMENTA PARTICIPAÇÕES E SERVIÇOS SA,BARUERI,02.997.713/0001-05,Emp. Adm. Participações,PRIVADO,SP
ATIVO,RIO PARANAPANEMA ENERGIA SA,SÃO PAULO,02.998.301/0001-81,Energia Elétrica,PRIVADO,SP
CANCELADA,AES TIETE SA,BARUERI,02.998.609/0001-27,Energia Elétrica,PRIVADO,SP
ATIVO,ISA ENERGIA BRASIL S.A.,SÃO PAULO,02.998.611/0001-04,Energia Elétrica,PRIVADO HOLDING,SP
CANCELADA,MAHLE COFAP ANEIS SA,MAUÁ,03.002.935/0001-03,"Máquinas, Equipamentos, Veículos e Peças",PRIVADO,SP
CANCELADA,CELULAR CRT PARTICIPAÇÕES S.A.,PORTO ALEGRE,03.010.016/0001-73,Emp. Adm. Part. - Telecomunicações,PRIVADO HOLDING,RS
ATIVO,TPI - TRIUNFO PARTICIPACOES E INVESTIMENTOS S.A.,SÃO PAULO,03.014.553/0001-91,Emp. Adm. Part. - Serviços Transporte e Logística,PRIVADO HOLDING,SP
CANCELADA,CLINICA MÉDICA VITA S.A,FLORIANÓPOLIS,03.016.682/0001-19,Serviços Médicos,PRIVADO,SC
ATIVO,RODOVIAS DAS COLINAS S.A.,SÃO PAULO,03.025.305/0001-46,Serviços Transporte e Logística,PRIVADO,SP
CANCELADA,ELETRONET S/A,RIO DE JANEIRO,03.052.673/0001-83,Telecomunicações,PRIVADO,RJ
CANCELADA,MACHADINHO ENERGÉTICA SA,FLORIANÓPOLIS,03.076.274/0001-52,Energia Elétrica,PRIVADO,SC
CANCELADA,DATASUL S/A,JOINVILLE,03.114.361/0001-57,Comunicação e Informática,PRIVADO,SC
CANCELADA,LEASING BMC SA ARREND MERC,SÃO PAULO,03.120.821/0001-50,Arrendamento Mercantil,PRIVADO,SP
CANCELADA,AGROPECUARIA TAMAKAVY SA,SÃO FÉLIX DO ARAGUAIA,03.143.716/0001-36,"Agricultura (Açúcar, Álcool e Cana)",PRIVADO,MT
CANCELADA,BRAVO SECURITIZADORA S/A,SÃO PAULO,03.144.779/0001-07,Securitização de Recebíveis,PRIVADO,SP
ATIVO,CONCESSIONARIA DE RODOVIAS DO INTERIOR PAULISTA S/A,ARARAS,03.207.703/0001-83,Serviços Transporte e Logística,PRIVADO HOLDING,SP
ATIVO,EQUATORIAL S.A.,SÃO LUÍS,03.220.438/0001-73,Energia Elétrica,PRIVADO,MA
ATIVO,ORIZON MEIO AMBIENTE S.A.,SÃO PAULO,03.279.285/0001-30,"Saneamento, Serv. Água e Gás",PRIVADO,SP
CANCELADA,MARLIM PARTICIPAÇÕES SA,RIO DE JANEIRO,03.301.811/0001-10,Emp. Adm. Part. - Petróleo e Gás,PRIVADO,RJ
ATIVO,DTCOM - DIRECT TO COMPANY S.A.,QUATRO BARRAS,03.303.999/0001-36,Telecomunicações,PRIVADO,PR
CANCELADA,UOL INC. S.A.,SÃO PAULO,03.329.124/0001-03,Emp. Adm. Participações,PRIVADO,SP
ATIVO,PETRORECÔNCAVO S.A.,MATA DE SÃO JOÃO,03.342.704/0001-30,Emp. Adm. Part. - Petróleo e Gás,PRIVADO,BA
CANCELADA,CIMENTO ITAU DE CORUMBA SA,CORUMBÁ,03.372.786/0001-66,Extração Mineral,PRIVADO,MS
ATIVO,LIGHT S.A. - EM RECUPERAÇÃO JUDICIAL,RIO DE JANEIRO,03.378.521/0001-75,Emp. Adm. Part. - Energia Elétrica,PRIVADO,RJ
CANCELADA,DR. INVEST S/A,RIO DE JANEIRO,03.382.891/0001-86,Emp. Adm. Participações,PRIVADO,RJ
CANCELADA,CHEMICAL TRUST S/A,RIO DE JANEIRO,03.391.520/0001-60,Emp. Adm. Participações,ESTRANGEIRO,RJ
CANCELADA,RIOEST ESTACIONAMENTOS SA,RIO DE JANEIRO,03.392.498/0001-73,"Emp. Adm. Part. - Const. Civil, Mat. Const. e Decoração",PRIVADO,RJ
CANCELADA,TRAIANUS SA,SÃO PAULO,03.410.509/0001-09,"Construção Civil, Mat. Constr. e Decoração",ESTRANGEIRO,SP
CANCELADA,CP CIMENTO E PARTICIPAÇÕES  S/A,RIO DE JANEIRO,03.410.855/0001-89,Emp. Adm. Part. - Extração Mineral,PRIVADO,RJ
CANCELADA,GVT HOLDING S/A,CURITIBA,03.420.904/0001-64,Emp. Adm. Part. - Telecomunicações,ESTRANGEIRO HOLDING,PR
CANCELADA,AUFERVILLE TRUST SA,SÃO JOSÉ DO RIO PRETO,03.453.981/0001-10,Securitização de Recebíveis,PRIVADO,SP
ATIVO,ENERGISA MATO GROSSO-DISTRIBUIDORA DE ENERGIA S/A,CUIABÁ,03.467.321/0001-99,Energia Elétrica,PRIVADO,MT
CANCELADA,BRZ INVESTIMENTOS S/A,SÃO PAULO,03.468.802/0001-19,Emp. Adm. Part.-Bolsas de Valores/Mercadorias e Futuros,ESTRANGEIRO HOLDING,SP
CANCELADA,CIA CERVEJARIA CUIABANA,CUIABÁ,03.468.832/0001-25,Bebidas e Fumo,PRIVADO,MT
CANCELADA,BANCO DO ESTADO DE MATO GROSSO S.A.,CUIABÁ,03.468.907/0001-78,Bancos,ESTATAL,MT
CANCELADA,CIMENTO PORTLAND M GROSSO SA,SÃO PAULO,03.478.054/0001-55,Extração Mineral,PRIVADO,SP
CANCELADA,AMMO VAREJO S.A.,SÃO PAULO,03.494.776/0001-01,Emp. Adm. Part. - Têxtil e Vestuário,PRIVADO,SP
ATIVO,XX DE NOVEMBRO INVESTIMENTOS E PARTICIPAÇÕES S.A,RIO DE JANEIRO,03.538.833/0001-07,Emp. Adm. Part. - Sem Setor Principal,PRIVADO HOLDING,RJ
CANCELADA,RB CAPITAL SECURITIZADORA S.A.,SÃO PAULO,03.559.006/0001-91,Securitização de Recebíveis,PRIVADO,SP
CANCELADA,MEGAPART PARTICIPAÇÕES SA,RIO DE JANEIRO,03.587.746/0001-31,Emp. Adm. Participações,PRIVADO HOLDING,RJ
CANCELADA,PRIVATINVEST PARTICIPAÇÕES SA,RIO DE JANEIRO,03.587.889/0001-43,Emp. Adm. Part. - Sem Setor Principal,PRIVADO,RJ
CANCELADA,ANDRADE GUTIERREZ CONCESSOES SA,BELO HORIZONTE,03.601.314/0001-38,Emp. Adm. Part. - Sem Setor Principal,PRIVADO,MG
CANCELADA,JIQUIRIÇA PARTICIPAÇÕES SA,RIO DE JANEIRO,03.616.270/0001-10,Emp. Adm. Participações,PRIVADO HOLDING,RJ
CANCELADA,ARAUCÁRIA PARTICIPAÇÕES SA,RIO DE JANEIRO,03.616.277/0001-31,Emp. Adm. Part. - Sem Setor Principal,PRIVADO,RJ
CANCELADA,CIA DES ARAGUAIA CODEARA,SÃO PAULO,03.631.397/0001-08,"Agricultura (Açúcar, Álcool e Cana)",PRIVADO,SP
CANCELADA,VARIG PARTICIPAÇÕES EM TRANSP AÉREOS S/A,PORTO ALEGRE,03.634.777/0001-04,Emp. Adm. Part. - Serviços Transporte e Logística,PRIVADO HOLDING,RS
CANCELADA,VARIG PARTIC. EM SERVIÇOS COMPLEMENTARES,PORTO ALEGRE,03.634.795/0001-88,Emp. Adm. Part. - Serviços Transporte e Logística,PRIVADO,RS
CANCELADA,OPPORTUNITY SECURITIZADORA DE CREDITOS IMOBILIARIOS SA,RIO DE JANEIRO,03.653.874/0001-36,Securitização de Recebíveis,PRIVADO,RJ
CANCELADA,EPILIFE EMPREENDIMENTOS E PART S/A,SÃO PAULO,03.701.830/0001-34,Emp. Adm. Part. - Sem Setor Principal,PRIVADO,SP
CANCELADA,UHESC S/A,RIO DE JANEIRO,03.748.077/0001-32,Emp. Adm. Participações,PRIVADO,RJ
CANCELADA,MC TRUST SA,RIO BONITO,03.751.496/0001-23,Comunicação e Informática,PRIVADO,RJ
ATIVO,INVESTIMENTOS E PARTICIP EM INFRA SA INVEPAR,GUARULHOS,03.758.318/0001-24,Emp. Adm. Part. - Serviços Transporte e Logística,PRIVADO,SP
CANCELADA,RRSPE EMPRENDIMENTOS E PARTICIPAÇÕES S/A,RIO DE JANEIRO,03.765.375/0001-30,Emp. Adm. Participações,PRIVADO,RJ
CANCELADA,BRAZILIAN SECURITIES CIA SECURITIZAÇÃO,SÃO PAULO,03.767.538/0001-14,Securitização de Recebíveis,PRIVADO,SP
CANCELADA,TERMOPERNAMBUCO SA,RIO DE JANEIRO,03.795.050/0001-09,Energia Elétrica,PRIVADO,RJ
CANCELADA,CLEAR SALE S.A,BARUERI,03.802.115/0001-98,Comunicação e Informática,PRIVADO,SP
CANCELADA,SABER SERVIÇOS EDUCACIONAIS S.A.,BELO HORIZONTE,03.818.379/0001-30,Educação,PRIVADO,MG
CANCELADA,BSB ENERGÉTICA S.A.,BELO HORIZONTE,03.820.456/0001-96,Emp. Adm. Part. - Energia Elétrica,PRIVADO HOLDING,MG
ATIVO,BRADESPAR S/A,SÃO PAULO,03.847.461/0001-92,Emp. Adm. Part. - Extração Mineral,PRIVADO HOLDING,SP
ATIVO,MARFRIG GLOBAL FOODS SA,SÃO PAULO,03.853.896/0001-40,Alimentos,PRIVADO,SP
CANCELADA,FORNO DE MINAS ALIMENTOS S.A.,SÃO PAULO,03.870.455/0005-80,Alimentos,PRIVADO,SP
CANCELADA,SADIA SA,CONCÓRDIA,03.906.591/0001-59,Alimentos,PRIVADO,SC
CANCELADA,CPFL GERAÇÃO DE ENERGIA S/A,CAMPINAS,03.953.509/0001-47,Energia Elétrica,PRIVADO,SP
CANCELADA,EMP SANEAM M GROSSO DO SUL S.A. -SANESUL,CAMPO GRANDE,03.982.931/0001-20,"Saneamento, Serv. Água e Gás",ESTATAL,MS
ATIVO,EDP ENERGIAS DO BRASIL S/A,SÃO PAULO,03.983.431/0001-03,Energia Elétrica,ESTRANGEIRO HOLDING,SP
CANCELADA,VTA AMAZONIA ELETRON SA,MANAUS,04.013.702/0001-60,"Máquinas, Equipamentos, Veículos e Peças",PRIVADO,AM
CANCELADA,COARI PARTICIPAÇÕES SA,RIO DE JANEIRO,04.030.087/0001-09,Telecomunicações,PRIVADO HOLDING,RJ
ATIVO,CABINDA PARTICIPAÇÕES SA,SÃO PAULO,04.030.182/0001-02,Emp. Adm. Part. - Sem Setor Principal,PRIVADO HOLDING,SP
ATIVO,CACONDE PARTICIPAÇÕES SA,SÃO PAULO,04.031.213/0001-31,Emp. Adm. Part. - Sem Setor Principal,PRIVADO HOLDING,SP
CANCELADA,CAICOS PARTICIPAÇÕES SA,SÃO PAULO,04.031.882/0001-03,Emp. Adm. Participações,PRIVADO HOLDING,SP
CANCELADA,ANDRADE GUTIERREZ PARTICIPAÇÕES SA,BELO HORIZONTE,04.031.960/0001-70,Emp. Adm. Part. - Sem Setor Principal,PRIVADO HOLDING,MG
ATIVO,CONTAX PARTICIPAÇÕES S.A. - EM RECUPERAÇÃO JUDICIAL,RIO DE JANEIRO,04.032.433/0001-80,Emp. Adm. Part. - Comunicação e Informática,PRIVADO,RJ
CANCELADA,DOMMO EMPREENDIMENTOS IMOBILIÁRIOS S.A.,SÃO PAULO,04.034.792/0001-76,Emp. Adm. Part. - Arrendamento Mercantil,PRIVADO HOLDING,SP
ATIVO,CAIANDA PARTICIPAÇÕES SA,SÃO PAULO,04.038.763/0001-82,Emp. Adm. Part. - Sem Setor Principal,PRIVADO HOLDING,SP
ATIVO,BRZ EMPREENDIMENTOS E CONSTRUÇÕES S.A.,CAMPINAS,04.065.053/0001-41,"Construção Civil, Mat. Constr. e Decoração",PRIVADO,SP
CANCELADA,SINQIA S.A.,SÃO PAULO,04.065.791/0001-99,Comunicação e Informática,PRIVADO,SP
ATIVO,BIONEXO S.A.,SÃO PAULO,04.069.709/0001-02,Comunicação e Informática,PRIVADO,SP
CANCELADA,CONEPAR PETROQUIMICA SA,VÁRZEA PAULISTA,04.088.846/0001-86,Emp. Adm. Participações,PRIVADO HOLDING,SP
ATIVO,AGUAS GUARIROBA S.A.,CAMPO GRANDE,04.089.570/0001-50,"Saneamento, Serv. Água e Gás",PRIVADO,MS
CANCELADA,SÃO PAULO WELLNESS S/A,SÃO PAULO,04.106.907/0001-90,Emp. Adm. Participações,PRIVADO,SP
CANCELADA,MB ENGENHARIA SA,GOIÂNIA,04.123.616/0001-00,"Construção Civil, Mat. Constr. e Decoração",PRIVADO,GO
CANCELADA,AES TIETÊ ENERGIA S.A,SÃO PAULO,04.128.563/0001-10,Emp. Adm. Part. - Energia Elétrica,PRIVADO,SP
ATIVO,ECORODOVIAS INFRAESTRUTURA E LOGÍSTICA S.A.,SÃO PAULO,04.149.454/0001-80,Serviços Transporte e Logística,ESTATAL HOLDING,SP
CANCELADA,LIDER AVIAÇÃO HOLDING S/A,BELO HORIZONTE,04.169.411/0001-66,Emp. Adm. Part. - Serviços Transporte e Logística,PRIVADO HOLDING,MG
ATIVO,CIA PIRATININGA DE FORÇA E LUZ,CAMPINAS,04.172.213/0001-51,Energia Elétrica,PRIVADO,SP
CANCELADA,CIA PROVINCIA DE SECURITIZAÇÃO,SÃO PAULO,04.200.649/0001-07,Securitização de Recebíveis,PRIVADO,SP
CANCELADA,DISMAC INDUSTRIAL SA,MANAUS,04.211.850/0001-90,"Máquinas, Equipamentos, Veículos e Peças",PRIVADO,AM
ATIVO,VOKE S.A.,SÃO PAULO,04.212.396/0001-91,Emp. Adm. Part. - Comunicação e Informática,PRIVADO,SP
CANCELADA,NCF PARTICIPACOES S.A.,OSASCO,04.233.319/0001-18,Emp. Adm. Part. - Sem Setor Principal,PRIVADO HOLDING,SP
CANCELADA,TELEFONICA DATA BRASIL HOLDING SA,SÃO PAULO,04.295.166/0001-33,Telecomunicações,PRIVADO HOLDING,SP
CANCELADA,ANHANGUERA EDUCACIONAL PARTICIPAÇÕES S.A.,VALINHOS,04.310.392/0001-46,Emp. Adm. Part. - Educação,PRIVADO,SP
CANCELADA,PEVÊ-FINASA PARTICIPAÇÕES E PRÉDIOS S.A.,SÃO PAULO,04.364.656/0001-44,Emp. Adm. Participações,PRIVADO,SP
ATIVO,LIGGA TELECOMUNICAÇÕES S.A.,CURITIBA,04.368.865/0001-66,Telecomunicações,PRIVADO,PR
ATIVO,COPEL DISTRIBUIÇÃO S.A.,CURITIBA,04.368.898/0001-06,Energia Elétrica,ESTATAL HOLDING,PR
CANCELADA,BRPR 53 SECURITZADORA CRED IMOB SA,SÃO PAULO,04.370.082/0001-17,Securitização de Recebíveis,PRIVADO,SP
ATIVO,COPEL GERAÇÃO E TRANSMISSÃO S/A,CURITIBA,04.370.282/0001-70,Energia Elétrica,ESTATAL HOLDING,PR
CANCELADA,REC SAO BERNARDO SECURITIZADORA DE CREDITOS IMOBILIARIOS S.A.,SÃO PAULO,04.370.450/0001-27,Securitização de Recebíveis,PRIVADO,SP
CANCELADA,BETA SA INDUSTRIA E COMERCIO,SÃO PAULO,04.381.091/0001-03,Comércio (Atacado e Varejo),PRIVADO,SP
CANCELADA,CIA INDL AMAZONENSE,SÃO PAULO,04.384.319/0001-19,Metalurgia e Siderurgia,PRIVADO,SP
CANCELADA,IND BEBS ANTARCTICA AMAZ  SA,MANAUS,04.393.401/0001-00,Bebidas e Fumo,PRIVADO,AM
ATIVO,ENEVA S.A.,RIO DE JANEIRO,04.423.567/0001-21,Energia Elétrica,PRIVADO,RJ
CANCELADA,LOCAMÉRICA RENT-A-CAR S.A.,BELO HORIZONTE,04.437.534/0001-30,Serviços Transporte e Logística,PRIVADO,MG
CANCELADA,FIACAO TECELAGEM JUTA AMAZ SA,MANAUS,04.559.803/0001-31,Têxtil e Vestuário,PRIVADO,AM
CANCELADA,CIA SIDERURGICA AMAZONIA,MANAUS,04.561.023/0001-26,Metalurgia e Siderurgia,ESTATAL,AM
CANCELADA,BANCO BEA SA,MANAUS,04.562.120/0001-33,Bancos,PRIVADO,AM
CANCELADA,CIA AMAZONENSE SAPONIFICACAO,MANAUS,04.564.696/0001-30,Petroquímicos e Borracha,PRIVADO,AM
ATIVO,BRISANET SERVIÇOS DE TELECOMUNICAÇÕES S.A.,PEREIRO,04.601.397/0001-28,Telecomunicações,PRIVADO,CE
ATIVO,BTG PACTUAL COMMODITIES SERTRADING S.A.,VITÓRIA,04.626.426/0001-06,Comércio (Atacado e Varejo),PRIVADO,ES
CANCELADA,NOVA AÇÃO PARTICIPAÇÕES S.A.,RIO DE JANEIRO,04.634.250/0001-34,Emp. Adm. Part. - Sem Setor Principal,PRIVADO,RJ
CANCELADA,CIA DE RECUPERAÇÃO SECUNDÁRIA,MACAÉ,04.652.792/0001-30,Petróleo e Gás,PRIVADO,RJ
CANCELADA,NOVAMARLIM PARTICIPAÇÕES S/A,RIO DE JANEIRO,04.665.504/0001-81,Emp. Adm. Part. - Petróleo e Gás,PRIVADO,RJ
CANCELADA,NOVAMARLIM PETROLEO SA,MACAÉ,04.668.779/0001-79,Emp. Adm. Part. - Petróleo e Gás,PRIVADO,RJ
CANCELADA,QUATTOR PETROQUÍMICA S.A.,SÃO PAULO,04.705.090/0001-77,Petroquímicos e Borracha,PRIVADO,SP
ATIVO,USINA TERMELÉTRICA PAMPA SUL S.A.,PELOTAS,04.739.720/0001-24,Energia Elétrica,PRIVADO,RS
ATIVO,BIOMM SA,NOVA LIMA,04.752.991/0001-10,Farmacêutico e Higiene,PRIVADO,MG
CANCELADA,BAESA-ENERGETICA BARRA GRANDE SA,PINHAL DA SERRA,04.781.143/0001-39,Energia Elétrica,PRIVADO,RS
CANCELADA,BVA EMPREENDIMENTOS SA,RIO DE JANEIRO,04.794.781/0001-94,"Emp. Adm. Part. - Máqs., Equip., Veíc. e Peças",ESTRANGEIRO HOLDING,RJ
CANCELADA,BRPR 51 SECURITZADORA CRED IMOB SA,SÃO PAULO,04.800.265/0001-25,Securitização de Recebíveis,PRIVADO,SP
CANCELADA,JARI CELULOSE SA,ALMEIRIM,04.815.734/0001-80,Papel e Celulose,PRIVADO,PA
ATIVO,METALFRIO SOLUTIONS S/A,SÃO PAULO,04.821.041/0001-08,"Máquinas, Equipamentos, Veículos e Peças",PRIVADO,SP
CANCELADA,BRASIL BELEM HOTEIS E TURISMO SA,BELÉM,04.833.448/0001-47,Hospedagem e Turismo,PRIVADO,PA
CANCELADA,IMPORTADORA DE FERRAGENS SA,BELÉM,04.893.996/0001-62,Comércio (Atacado e Varejo),PRIVADO,CE
CANCELADA,COPALA INDUSTRIAS REUNIDAS SA,BELÉM,04.895.066/0001-48,Metalurgia e Siderurgia,PRIVADO,PA
ATIVO,EQUATORIAL PARÁ DISTRIBUIDORA DE ENERGIA S.A.,BELÉM,04.895.728/0001-80,Energia Elétrica,PRIVADO,PA
CANCELADA,COMPANHIA  AMAZÔNIA TÊXTIL DE  ANIAGEM,BELÉM,04.896.759/0001-55,Têxtil e Vestuário,PRIVADO,PA
ATIVO,BANCO DA AMAZÔNIA S.A.,BELÉM,04.902.979/0001-44,Bancos,ESTATAL,PA
CANCELADA,CIA INVEST DO PARA,BELÉM,04.904.199/0001-33,Emp. Adm. Participações,PRIVADO,PA
CANCELADA,PERFUMARIAS PHEBO SA,BELÉM,04.911.095/0001-56,Farmacêutico e Higiene,PRIVADO,PA
ATIVO,PORTUENSE FERRAGENS S/A,BELÉM,04.912.242/0001-02,"Construção Civil, Mat. Constr. e Decoração",PRIVADO,PA
ATIVO,BANCO DO ESTADO DO PARÁ S/A.,BELÉM,04.913.711/0001-08,Bancos,ESTATAL,PA
CANCELADA,GELAR SA INDS ALIMENTICIAS,BELÉM,04.920.633/0001-79,Alimentos,PRIVADO,PA
CANCELADA,RUBERTEX COM E INDUSTRIA SA,BELÉM,04.925.301/0001-87,Petroquímicos e Borracha,PRIVADO,SP
CANCELADA,COMPAR CIA PAR REFRIGERANTES,MANAUS,04.928.297/0001-00,Bebidas e Fumo,PRIVADO,AM
CANCELADA,IND BIOL FARMACEUTICA AMAZ SA,BELÉM,04.932.265/0001-89,Farmacêutico e Higiene,PRIVADO,PA
CANCELADA,ASO METAL SA,ANANINDEUA,04.944.815/0001-80,Metalurgia e Siderurgia,PRIVADO,PA
CANCELADA,ESTACON ENGENHARIA SA,BELÉM,04.946.406/0001-12,"Construção Civil, Mat. Constr. e Decoração",PRIVADO,PA
CANCELADA,CIA MADEIREIRA SAO MIGUEL,BELÉM,04.971.941/0001-23,"Construção Civil, Mat. Constr. e Decoração",PRIVADO,PA
ATIVO,GRUPO FARTURA DE HORTIFRUT S.A.,SUMARÉ,04.972.092/0001-22,Comércio (Atacado e Varejo),PRIVADO,SP
ATIVO,SER EDUCACIONAL S.A.,RECIFE,04.986.320/0001-13,Educação,PRIVADO,PE
CANCELADA,BGPAR SA,SÃO PAULO,04.987.555/0001-20,Emp. Adm. Part. - Sem Setor Principal,PRIVADO,SP
CANCELADA,IND CERAMICA AMAZONIA SA INCA,ANANINDEUA,04.990.958/0001-28,Extração Mineral,PRIVADO,PA
ATIVO,NOVA TRANSPORTADORA DO SUDESTE S.A. - NTS,RIO DE JANEIRO,04.992.714/0001-84,Emp. Adm. Part. - Petróleo e Gás,PRIVADO,RJ
ATIVO,HAPVIDA PARTICIPAÇÕES E INVESTIMENTOS S.A.,FORTALEZA,05.197.443/0001-38,Serviços Médicos,PRIVADO HOLDING,CE
CANCELADA,IND BEBS ANTARCTICA PIAUI SA,TERESINA,05.234.760/0001-87,Bebidas e Fumo,PRIVADO,PI
CANCELADA,UNIGEL PARTICIPAÇÕES S.A.,SÃO PAULO,05.303.439/0001-07,Petroquímicos e Borracha,PRIVADO,SP
CANCELADA,GLOBAL BRASIL SA,CURITIBA,05.330.331/0001-03,Emp. Adm. Part. - Sem Setor Principal,PRIVADO,PR
ATIVO,CACHOEIRA PAULISTA TRANSMISSORA DE ENERGIA SA,RIO DE JANEIRO,05.336.882/0001-84,Energia Elétrica,PRIVADO HOLDING,RJ
CANCELADA,TARPON INVESTIMENTOS S/A,SÃO PAULO,05.341.549/0001-63,Emp. Adm. Part. - Intermediação Financeira,PRIVADO HOLDING,SP
CANCELADA,INTERPLAYERS SOLUÇÕES INTEGRADAS S.A.,SÃO PAULO,05.347.060/0001-07,Farmacêutico e Higiene,PRIVADO,SP
CANCELADA,ULBRA RECEBIVEIS S/A,CANOAS,05.388.437/0001-68,Securitização de Recebíveis,PRIVADO,RS
CANCELADA,CIA TEXTIL CASTANHAL,CASTANHAL,05.389.812/0001-94,Têxtil e Vestuário,PRIVADO,PA
CANCELADA,BRASILIANA ENERGIA SA,SÃO PAULO,05.482.166/0001-05,Energia Elétrica,PRIVADO,SP
ATIVO,LITELA PARTICIPAÇÕES S.A. - EM LIQUIDAÇÃO,RIO DE JANEIRO,05.495.546/0001-84,Emp. Adm. Part. - Extração Mineral,PRIVADO,RJ
CANCELADA,SOLAE DO BRASIL HOLDINGS SA,SÃO PAULO,05.615.334/0001-93,Emp. Adm. Participações,ESTRANGEIRO HOLDING,SP
CANCELADA,SMILES FIDELIDADE S.A.,BARUERI,05.730.375/0001-20,Comércio (Atacado e Varejo),PRIVADO,SP
CANCELADA,CIA DESENVOLVIMENTO AGRO PECUARIA INDUSTRIAL MIN EST PA,PORTO ALEGRE,05.770.003/0001-28,"Agricultura (Açúcar, Álcool e Cana)",PRIVADO,RS
CANCELADA,TERRA SANTA AGRO S.A.,SÃO PAULO,05.799.312/0001-20,"Agricultura (Açúcar, Álcool e Cana)",PRIVADO,SP
ATIVO,ALLOS S.A.,RIO DE JANEIRO,05.878.397/0001-32,Emp. Adm. Part. - Comércio (Atacado e Varejo),PRIVADO HOLDING,RJ
CANCELADA,CSA-COMPANHIA SECURITIZADORA DE ATIVOS,SÃO PAULO,05.889.284/0001-32,Securitização de Recebíveis,PRIVADO,SP
ATIVO,LIVETECH DA BAHIA INDÚSTRIA E COMÉRCIO S.A.,ILHÉUS,05.917.486/0001-40,Comércio (Atacado e Varejo),PRIVADO,BA
CANCELADA,PIPA CIA SECURITIZADORA DE CRÉDITOS IMOBILIÁRIOS,SÃO PAULO,05.918.309/0001-89,Securitização de Recebíveis,PRIVADO,SP
CANCELADA,VENTOS DO SUL ENERGIA S.A.,FLORIANÓPOLIS,06.016.348/0001-53,Energia Elétrica,PRIVADO,SC
CANCELADA,FIBRA CIA SECURITIZADORA CRED IMOB,SÃO PAULO,06.018.000/0001-03,Securitização de Recebíveis,PRIVADO,SP
CANCELADA,BRASIL OLEOS INDUSTRIA COMERCIO SA BRASOLEO,BACABAL,06.022.461/0001-41,Alimentos,PRIVADO,MA
CANCELADA,UNIVER CIDADE TRUST DE RECEBIVEIS SA,RIO DE JANEIRO,06.027.566/0001-93,Securitização de Recebíveis,PRIVADO,RJ
CANCELADA,TSL SECURITIZADORA E PARTICIPAÇÕES S.A.,RIO DE JANEIRO,06.033.448/0001-98,Securitização de Recebíveis,PRIVADO,RJ
CANCELADA,LAPSA LATICINIOS PERIZES SA,ROSÁRIO,06.041.065/0001-61,"Agricultura (Açúcar, Álcool e Cana)",PRIVADO,MA
ATIVO,REDE D'OR SÃO LUIZ S.A.,SÃO PAULO,06.047.087/0001-39,Serviços Médicos,PRIVADO,SP
ATIVO,SENDAS DISTRIBUIDORA S.A.,SÃO PAULO,06.057.223/0001-71,Comércio (Atacado e Varejo),PRIVADO HOLDING,SP
CANCELADA,INDS KARINA SA,SÃO LUÍS,06.061.105/0001-37,Alimentos,PRIVADO,MA
CANCELADA,FRANCISCO CASTRO CI E AGRIC SA,CAXIAS,06.082.564/0001-05,Alimentos,PRIVADO,MA
CANCELADA,ALIANSCE SHOPPING CENTERS S/A,RIO DE JANEIRO,06.082.980/0001-03,Emp. Adm. Part. - Comércio (Atacado e Varejo),PRIVADO,RJ
CANCELADA,BRPR 56 SECURITZADORA CRED IMOB SA,SÃO PAULO,06.137.677/0001-52,Securitização de Recebíveis,PRIVADO HOLDING,SP
CANCELADA,GOL LINHAS AEREAS INTELIGENTES SA,SÃO PAULO,06.164.253/0001-87,Emp. Adm. Part. - Serviços Transporte e Logística,PRIVADO HOLDING,SP
CANCELADA,RACHID ABDALLA SA IND E COM,SÃO LUÍS,06.260.897/0001-79,Alimentos,PRIVADO,MA
ATIVO,COMPANHIA BRASILEIRA DE EDUCAÇÃO E SISTEMA DE ENSINO S.A.,FORTALEZA,06.267.630/0001-03,Educação,PRIVADO,CE
CANCELADA,CURTUMES DO NORDESTE SA,SÃO LUÍS,06.269.435/0001-12,Têxtil e Vestuário,PRIVADO,MA
CANCELADA,BANCO BRADESCO BBI S.A.,OSASCO,06.271.464/0001-19,Bancos,PRIVADO,SP
CANCELADA,CIA MARANHENSE REFRIGERANTES,SÃO LUÍS,06.272.199/0001-93,Bebidas e Fumo,PRIVADO,MA
ATIVO,EQUATORIAL MARANHÃO DISTRIBUIDORA DE ENERGIA S.A.,SÃO LUÍS,06.272.793/0001-84,Energia Elétrica,PRIVADO,MA
CANCELADA,CIA AGRO PECUARIA SANTA INES,SANTA INÊS,06.276.703/0001-23,"Agricultura (Açúcar, Álcool e Cana)",PRIVADO,MA
CANCELADA,INDS QUIMICAS NORTE SA,SÃO LUÍS,06.283.477/0001-08,Petroquímicos e Borracha,PRIVADO,MA
ATIVO,SBF COMÉRCIO DE PRODUTOS ESPORTIVOS S.A.,SÃO PAULO,06.347.409/0001-65,Comércio (Atacado e Varejo),PRIVADO HOLDING,SP
CANCELADA,REC 844 SECURITIZADORA DE CRÉDITOS IMOBILIÁRIOS S.A.,SÃO PAULO,06.349.242/0001-71,Securitização de Recebíveis,PRIVADO,SP
CANCELADA,TEXA MARANHENSE SA,PARAIBANO,06.443.014/0001-66,Têxtil e Vestuário,PRIVADO,MA
CANCELADA,CAJUNORTE DO BRASIL SA,TERESINA,06.565.410/0001-66,"Agricultura (Açúcar, Álcool e Cana)",PRIVADO,PI
CANCELADA,CNV CIA NACIONAL DO VESTUARIO,FORTALEZA,06.571.822/0001-09,Têxtil e Vestuário,PRIVADO,CE
ATIVO,EMPREENDIMENTOS PAGUE MENOS SA,FORTALEZA,06.626.253/0001-51,Comércio (Atacado e Varejo),PRIVADO,CE
CANCELADA,BANCO DO ESTADO DO PIAUÍ S.A. - BEP,TERESINA,06.833.131/0001-36,Bancos,ESTATAL,PI
CANCELADA,CTN AGROINDUSTRIA E PARTICIPAÇÕES S/A,MARACANAÚ,06.879.308/0001-35,Têxtil e Vestuário,PRIVADO,CE
CANCELADA,GECOSA I INT GERVASIO COSTA SA,UNIÃO,06.920.516/0001-30,Alimentos,PRIVADO,PI
CANCELADA,LINX S.A.,SÃO PAULO,06.948.969/0001-75,Comunicação e Informática,PRIVADO,SP
CANCELADA,TEMPO PARTICIPAÇOES S/A,SÃO PAULO,06.977.739/0001-34,Emp. Adm. Part. - Serviços médicos,ESTRANGEIRO HOLDING,SP
ATIVO,BR MALLS PARTICIPAÇOES S.A.,RIO DE JANEIRO,06.977.745/0001-91,Emp. Adm. Part. - Comércio (Atacado e Varejo),PRIVADO HOLDING,RJ
CANCELADA,BR PROPERTIES S.A.,SÃO PAULO,06.977.751/0001-49,Emp. Adm. Part. - Sem Setor Principal,PRIVADO,SP
ATIVO,CEMIG GERAÇÃO E TRANSMISSÃO S/A,BELO HORIZONTE,06.981.176/0001-58,Energia Elétrica,ESTATAL,MG
ATIVO,CEMIG DISTRIBUIÇÃO S/A,BELO HORIZONTE,06.981.180/0001-16,Energia Elétrica,ESTATAL,MG
ATIVO,CTC - CENTRO DE TECNOLOGIA CANAVIEIRA S.A.,PIRACICABA,06.981.381/0001-13,"Agricultura (Açúcar, Álcool e Cana)",PRIVADO,SP
CANCELADA,BETA SECURITIZADORA S/A,SÃO PAULO,07.021.459/0001-10,Securitização de Recebíveis,ESTRANGEIRO,SP
CANCELADA,BRPR 52 SECURITZADORA CRED IMOB SA,SÃO PAULO,07.033.882/0001-30,Securitização de Recebíveis,PRIVADO,SP
ATIVO,COMPANHIA DE ÁGUA E ESGOTO DO CEARÁ  - CAGECE,FORTALEZA,07.040.108/0001-57,"Saneamento, Serv. Água e Gás",ESTATAL,CE
ATIVO,CLARO TELECOM PARTICIPAÇÕES S.A.,SÃO PAULO,07.043.628/0001-13,Emp. Adm. Part. - Telecomunicações,PRIVADO,SP
ATIVO,CIA ENERG CEARA - COELCE,FORTALEZA,07.047.251/0001-70,Energia Elétrica,PRIVADO,CE
CANCELADA,"TIVIT TERCEIRIZAÇÃO DE PROCESSOS, SERVIÇOS E TECNOLOGIA S/A",SÃO PAULO,07.073.027/0001-53,Comunicação e Informática,PRIVADO,SP
CANCELADA,CR2 CIA SECURITIZADORA DE CREDITOS IMOBILIÁRIOS,RIO DE JANEIRO,07.081.339/0001-09,Securitização de Recebíveis,PRIVADO,RJ
CANCELADA,BRPR 45 SECURITZADORA CRED IMOB SA,SÃO PAULO,07.088.416/0001-52,Securitização de Recebíveis,PRIVADO,SP
CANCELADA,CASCAJU AGROINDUSTRIAL SA,FORTALEZA,07.092.232/0001-66,"Agricultura (Açúcar, Álcool e Cana)",PRIVADO,CE
CANCELADA,GODOI SECURITIES - CIA SECURITIZADORA DE CREDITOS IMOBILIARIOS,SÃO PAULO,07.095.028/0001-07,Securitização de Recebíveis,PRIVADO,SP
CANCELADA,BTG PACTUAL HOLDING PARTICIPAÇÕES S.A.,RIO DE JANEIRO,07.110.438/0001-71,Securitização de Recebíveis,PRIVADO,RJ
CANCELADA,BI CIA SECURITIZADORA DE CREDITOS IMOBILIARIOS,SÃO PAULO,07.112.325/0001-05,Securitização de Recebíveis,PRIVADO,SP
ATIVO,SECME - COMPANHIA SECURITIZADORA DE CRÉDITOS IMOBILIÁRIOS,SÃO PAULO,07.119.838/0001-48,Securitização de Recebíveis,PRIVADO,SP
CANCELADA,CIPA CIA INDL PRODS ALIM,FORTALEZA,07.126.899/0001-32,Alimentos,PRIVADO,CE
CANCELADA,CAUCAIA INDUSTRIAL SA CAISA,CAUCAIA,07.138.860/0001-35,Alimentos,PRIVADO,CE
CANCELADA,ESPLANADA CONF NE SA ESPLANORD,FORTALEZA,07.155.310/0001-24,Têxtil e Vestuário,PRIVADO,CE
CANCELADA,CECASA,BARBALHA,07.174.006/0001-24,Extração Mineral,PRIVADO,CE
CANCELADA,VILEJACK INDUSTRIAL S.A.,FORTALEZA,07.190.283/0001-20,Têxtil e Vestuário,PRIVADO,CE
CANCELADA,"ALVORADA CARTOES, CREDITO, FINANCIAMENTO E INVESTIMENTO S/A",SÃO PAULO,07.196.934/0001-90,Bancos,ESTATAL,SP
CANCELADA,MOVEIS DE ACO ANGELO FG SA,FORTALEZA,07.196.983/0001-22,"Construção Civil, Mat. Constr. e Decoração",PRIVADO,CE
CANCELADA,CIA INDUSTRIAL PELES COUROS,SALGUEIRO,07.197.411/0001-68,Têxtil e Vestuário,PRIVADO,PE
CANCELADA,CIA BRASILEIRA DE ESTRUTURAS METALICAS,FORTALEZA,07.203.144/0001-94,Metalurgia e Siderurgia,PRIVADO,CE
CANCELADA,UNITEXTIL - UNIAO INDUSTRIAL TEXTIL S/A,FORTALEZA,07.203.904/0001-63,Têxtil e Vestuário,PRIVADO,CE
CANCELADA,QUEIROZ COMERCIO E PARTS SA,FORTALEZA,07.205.768/0001-40,"Construção Civil, Mat. Constr. e Decoração",PRIVADO,CE
ATIVO,M. DIAS BRANCO SA IND E COM DE ALIMENTOS,EUSÉBIO,07.206.816/0001-15,Alimentos,PRIVADO,CE
CANCELADA,BANFORT-BANCO FORTALEZA S.A.,SÃO PAULO,07.216.674/0001-77,Bancos,PRIVADO,SP
CANCELADA,JAIME PINHEIRO PARTIC. S/A,SÃO PAULO,07.219.769/0001-44,Emp. Adm. Participações,PRIVADO,SP
ATIVO,BANCO DO NORDESTE DO BRASIL SA,FORTALEZA,07.237.373/0001-20,Bancos,ESTATAL,CE
CANCELADA,OLICAL INDUSTRIAL SA,FORTALEZA,07.249.238/0001-02,"Agricultura (Açúcar, Álcool e Cana)",PRIVADO,CE
ATIVO,CARBOMIL SA MINER. E INDUSTRIA,FORTALEZA,07.253.321/0001-47,Extração Mineral,PRIVADO,CE
CANCELADA,ITAUSEG PARTICIPAÇÕES SA,SÃO PAULO,07.256.507/0001-50,Emp. Adm. Part. - Seguradoras e Corretoras,PRIVADO HOLDING,SP
ATIVO,PETROLEO LUB DO NORDESTE SA,FORTALEZA,07.275.159/0001-68,Petróleo e Gás,PRIVADO,CE
CANCELADA,FLORESTAL BRASIL S.A.,SÃO PAULO,07.276.103/0001-28,Reflorestamento,PRIVADO,SP
CANCELADA,FAE - FERRAGENS APARELHOS ELÉTRICOS S/A,FORTALEZA,07.281.413/0001-30,Metalurgia e Siderurgia,PRIVADO,CE
ATIVO,ENERGISA SUL-SUDESTE - DISTRIBUIDORA DE ENERGIA S.A.,PRESIDENTE PRUDENTE,07.282.377/0001-20,Energia Elétrica,PRIVADO,SP
CANCELADA,CIA INDL MICHELETTO,FORTALEZA,07.285.448/0001-48,Metalurgia e Siderurgia,PRIVADO,CE
CANCELADA,CIA ALGIMAR INDUSTRIA QUIMICA ALGINATOS,NATAL,07.292.675/0001-09,Alimentos,PRIVADO,RN
CANCELADA,VICUNHA TEXTIL SA,FORTALEZA,07.332.190/0001-93,Têxtil e Vestuário,PRIVADO,CE
ATIVO,MARINA DE IRACEMA PARK SA,FORTALEZA,07.334.600/0001-35,Hospedagem e Turismo,PRIVADO,CE
CANCELADA,CAJU INDUSTRIAL SA CISA,PACAJUS,07.340.946/0001-46,"Agricultura (Açúcar, Álcool e Cana)",PRIVADO,CE
CANCELADA,ESPLANADA HOTEIS SA,FORTALEZA,07.344.740/0001-94,Hospedagem e Turismo,PRIVADO,CE
CANCELADA,MÁXIMA SECURITIZADORA DE CRÉDITOS IMOBILIÁRIOS S/A,RIO DE JANEIRO,07.385.191/0001-04,Securitização de Recebíveis,PRIVADO,RJ
CANCELADA,UNI CIDADE SPTRUST DE RECEBÍVEIS SA,SÃO PAULO,07.394.616/0001-33,Securitização de Recebíveis,PRIVADO,SP
ATIVO,ELDORADO BRASIL CELULOSE S.A.,SÃO PAULO,07.401.436/0001-31,Papel e Celulose,PRIVADO HOLDING,SP
ATIVO,SIMPAR S.A.,SÃO PAULO,07.415.333/0001-20,Serviços Transporte e Logística,PRIVADO,SP
CANCELADA,CINESYSTEM S.A.,MARINGÁ,07.437.016/0001-05,Brinquedos e Lazer,PRIVADO,PR
CANCELADA,BANK OF CHINA (BRASIL) BANCO MÚLTIPLO S.A.,SÃO PAULO,07.450.604/0001-89,Bancos,PRIVADO,SP
CANCELADA,NORSE ENERGY DO BRASIL SA,RIO DE JANEIRO,07.467.619/0001-50,Petróleo e Gás,ESTRANGEIRO,RJ
ATIVO,AMBEV S.A.,SÃO PAULO,07.526.557/0001-00,Bebidas e Fumo,ESTRANGEIRO HOLDING,SP
CANCELADA,CARIRI INDUSTRIAL DE OLEOS SA,JUAZEIRO DO NORTE,07.573.058/0001-73,Alimentos,PRIVADO,CE
CANCELADA,PLANETA SECURITIZADORA S.A.,SÃO PAULO,07.587.384/0001-30,Securitização de Recebíveis,PRIVADO,SP
ATIVO,SMARTFIT ESCOLA DE GINÁSTICA E DANÇA S.A.,SÃO PAULO,07.594.978/0001-78,Brinquedos e Lazer,PRIVADO,SP
CANCELADA,AFLUENTE GERAÇÃO DE ENERGIA ELÉTRICA S.A.,SÃO PAULO,07.620.094/0001-40,Energia Elétrica,PRIVADO,SP
ATIVO,BRASILAGRO CIA BRAS DE PROP AGRICOLAS,SÃO PAULO,07.628.528/0001-59,"Agricultura (Açúcar, Álcool e Cana)",ESTRANGEIRO,SP
ATIVO,ACO VERDE DO BRASIL S.A,AÇAILÂNDIA,07.636.657/0001-99,Metalurgia e Siderurgia,PRIVADO,MA
CANCELADA,MASTER SA TEC PLASTICOS,FORTALEZA,07.645.260/0001-63,Petroquímicos e Borracha,PRIVADO,CE
CANCELADA,MASTER IND PLAST CEARENSE SA,FORTALEZA,07.645.294/0001-58,Petroquímicos e Borracha,PRIVADO,CE
ATIVO,DINAMICA ENERGIA S/A,RIO DE JANEIRO,07.659.538/0001-51,Emp. Adm. Part. - Energia Elétrica,PRIVADO,RJ
ATIVO,CONCESSIONÁRIA DA LINHA 4 DO METRÔ DE SÃO PAULO S.A.,SÃO PAULO,07.682.638/0001-07,Emp. Adm. Part. - Serviços Transporte e Logística,PRIVADO,SP
ATIVO,EMBRAER S.A.,SÃO JOSÉ DOS CAMPOS,07.689.002/0001-89,"Máquinas, Equipamentos, Veículos e Peças",PRIVADO,SP
CANCELADA,AGRA EMPREENDIMENTOS IMOBILIÁRIOS S/A,SÃO PAULO,07.698.047/0001-10,"Construção Civil, Mat. Constr. e Decoração",PRIVADO,SP
CANCELADA,BROOKFIELD INCORPORAÇÕES S.A.,RIO DE JANEIRO,07.700.557/0001-84,"Emp. Adm. Part. - Const. Civil, Mat. Const. e Decoração",PRIVADO HOLDING,RJ
CANCELADA,INFINITY BIO-ENERGY BRASIL PARTICIPAÇÕES S/A,SÃO PAULO,07.704.069/0001-45,"Agricultura (Açúcar, Álcool e Cana)",ESTRANGEIRO HOLDING,SP
CANCELADA,DATORA PARTICIPAÇÕES E SERVIÇOS S/A,NOVA LIMA,07.704.246/0001-93,Comunicação e Informática,PRIVADO,MG
CANCELADA,BRPR 55 SECURITZADORA CRED IMOB SA,SÃO PAULO,07.710.591/0001-30,Securitização de Recebíveis,PRIVADO,SP
ATIVO,GIGA MAIS FIBRA TELECOMUNICAÇÕES S.A.,CARMO,07.714.104/0001-07,Telecomunicações,PRIVADO,RJ
CANCELADA,SPRINGS GLOBAL PARTICIPAÇÕES S/A - EM RECUPERAÇÃO JUDICIAL,MONTES CLAROS,07.718.269/0001-57,Emp. Adm. Part. - Têxtil e Vestuário,PRIVADO HOLDING,MG
CANCELADA,CIA INDUSTRIAL AGROPECUARIA CONAPE,SANTA QUITÉRIA,07.785.306/0001-40,Alimentos,PRIVADO,CE
CANCELADA,ABYARA PLANEJAMENTO IMOBILIÁRIO S/A,SÃO PAULO,07.794.351/0001-60,"Emp. Adm. Part. - Const. Civil, Mat. Const. e Decoração",PRIVADO,SP
ATIVO,ESSENTIA PCHS S.A.,SÃO PAULO,07.802.794/0001-56,Energia Elétrica,ESTRANGEIRO,SP
CANCELADA,AMPLA INVESTIMENTOS E SERVIÇOS S/A,NITERÓI,07.809.905/0001-56,Emp. Adm. Part. - Energia Elétrica,PRIVADO HOLDING,RJ
CANCELADA,BANCO COMERCIAL BANCESA S.A.,FORTALEZA,07.814.999/0001-51,Bancos,PRIVADO,CE
ATIVO,MULTIPLAN - EMPREEND IMOBILIARIOS S.A.,RIO DE JANEIRO,07.816.890/0001-53,"Emp. Adm. Part. - Const. Civil, Mat. Const. e Decoração",PRIVADO,RJ
ATIVO,FICA EMPREENDIMENTOS IMOBILIARIOS S.A.,SÃO PAULO,07.820.907/0001-46,"Construção Civil, Mat. Constr. e Decoração",PRIVADO,SP
ATIVO,FOZ DO RIO CLARO ENERGIA S.A.,SÃO PAULO,07.823.262/0001-03,Emp. Adm. Part. - Energia Elétrica,PRIVADO,SP
CANCELADA,ACRUX SECURITIZADORA S/A,RIO DE JANEIRO,07.825.881/0001-29,Securitização de Recebíveis,PRIVADO,RJ
CANCELADA,CEMAG SA,FORTALEZA,07.844.087/0001-22,"Máquinas, Equipamentos, Veículos e Peças",PRIVADO,CE
CANCELADA,JHSF MALLS S.A.,SÃO PAULO,07.859.510/0001-68,Comércio (Atacado e Varejo),PRIVADO HOLDING,SP
ATIVO,TRANSMISSORA ALIANÇA DE ENERGIA ELÉTRICA S.A.,RIO DE JANEIRO,07.859.971/0001-30,Emp. Adm. Part. - Energia Elétrica,PRIVADO,RJ
CANCELADA,ONE PROPERTIES S.A.,SÃO PAULO,07.875.234/0001-21,"Construção Civil, Mat. Constr. e Decoração",PRIVADO HOLDING,SP
ATIVO,MITRE REALTY EMPREENDIMENTOS E PARTICIPAÇÕES S.A.,SÃO PAULO,07.882.930/0001-65,"Construção Civil, Mat. Constr. e Decoração",PRIVADO,SP
CANCELADA,CENTENNIAL ASSET PART. MINAS-RIO S/A,RIO DE JANEIRO,07.949.970/0001-87,Emp. Adm. Part. - Extração Mineral,PRIVADO HOLDING,RJ
CANCELADA,CCX CARVÃO DA COLOMBIA S.A. - EM LIQUIDAÇÃO,RIO DE JANEIRO,07.950.674/0001-04,Emp. Adm. Part. - Extração Mineral,PRIVADO HOLDING,RJ
CANCELADA,ÓLEO E GÁS PARTICIPAÇÕES S/A,RIO DE JANEIRO,07.957.093/0001-96,Emp. Adm. Part. - Petróleo e Gás,PRIVADO HOLDING,RJ
CANCELADA,MOVIDA LOCAÇÃO DE VEÍCULOS S.A,SÃO PAULO,07.976.147/0001-60,Serviços Transporte e Logística,PRIVADO,SP
CANCELADA,CIA INDUSTRIAL BRASILEIRA ALIMENTOS,FORTALEZA,07.998.164/0001-07,Alimentos,PRIVADO,CE
CANCELADA,SPERB DO NE SA IND TEXTIL,PARNAMIRIM,08.064.412/0001-05,Têxtil e Vestuário,PRIVADO,RN
ATIVO,TECNISA S/A,SÃO PAULO,08.065.557/0001-12,"Construção Civil, Mat. Constr. e Decoração",PRIVADO,SP
ATIVO,RAÍZEN ENERGIA S.A.,SÃO PAULO,08.070.508/0001-78,"Agricultura (Açúcar, Álcool e Cana)",PRIVADO,SP
CANCELADA,ISA CAPITAL DO BRASIL SA,SÃO PAULO,08.075.006/0001-30,Emp. Adm. Part. - Energia Elétrica,ESTRANGEIRO HOLDING,SP
ATIVO,LPS BRASIL CONSULTORIA DE IMOVEIS S/A,SÃO PAULO,08.078.847/0001-09,"Emp. Adm. Part. - Const. Civil, Mat. Const. e Decoração",ESTRANGEIRO,SP
ATIVO,TECNOGERA-LOCAÇÃO E TRANSFORMAÇÃO DE ENERGIA S.A.,SÃO BERNARDO DO CAMPO,08.100.057/0001-74,"Máquinas, Equipamentos, Veículos e Peças",PRIVADO,SP
CANCELADA,SAFRA COMPANHIA SECURITIZADORA DE CREDITOS IMOBILIARIOS,SÃO PAULO,08.140.464/0001-05,Securitização de Recebíveis,PRIVADO,SP
CANCELADA,IGUA SANEAMENTO S.A.,SÃO PAULO,08.159.965/0001-33,"Saneamento, Serv. Água e Gás",PRIVADO HOLDING,SP
ATIVO,DESKTOP S.A,NOVA ODESSA,08.170.849/0001-15,Telecomunicações,PRIVADO,SP
ATIVO,AURA ALMAS MINERAÇÃO S.A.,SÃO PAULO,08.213.823/0001-07,Emp. Adm. Part. - Extração Mineral,PRIVADO,SP
CANCELADA,ITAQUI GERAÇÃO DE ENERGIA S.A.,SÃO LUÍS,08.219.477/0001-74,Energia Elétrica,PRIVADO,MA
CANCELADA,ALCALIS RIO GRANDE DO NORTE SA,MACAU,08.240.673/0001-20,Petroquímicos e Borracha,PRIVADO,RN
CANCELADA,TFA SECURITIZADORA S/A,SÃO PAULO,08.253.728/0001-37,Securitização de Recebíveis,PRIVADO,SP
ATIVO,ALUBAR METAIS E CABOS S.A.,BARCARENA,08.262.121/0001-13,Metalurgia e Siderurgia,PRIVADO,PA
CANCELADA,MARISA SA,SÃO PAULO,08.262.343/0001-36,Comércio (Atacado e Varejo),PRIVADO HOLDING,SP
CANCELADA,RJ CAPITAL PARTNERS S.A.,RIO DE JANEIRO,08.281.683/0001-04,Emp. Adm. Part. - Sem Setor Principal,PRIVADO HOLDING,RJ
ATIVO,JHSF PARTICIPAÇÕES SA,SÃO PAULO,08.294.224/0001-65,"Emp. Adm. Part. - Const. Civil, Mat. Const. e Decoração",PRIVADO HOLDING,SP
ATIVO,EZ TEC EMPREEND. E PARTICIPAÇÕES S/A,SÃO PAULO,08.312.229/0001-73,"Emp. Adm. Part. - Const. Civil, Mat. Const. e Decoração",PRIVADO,SP
CANCELADA,T BARRETO IND COM SA,NATAL,08.320.244/0001-63,Têxtil e Vestuário,PRIVADO,RN
ATIVO,CERRADINHO BIOENERGIA S.A.,CHAPADÃO DO CÉU,08.322.396/0001-03,"Agricultura (Açúcar, Álcool e Cana)",PRIVADO,GO
ATIVO,CIA ENERGÉTICA DO RIO GRANDE DO NORTE,NATAL,08.324.196/0001-81,Energia Elétrica,PRIVADO,RN
CANCELADA,COIRG CIA INDUSTRIAL RIOGRANDENSE NORTE,NATAL,08.331.753/0001-91,Alimentos,PRIVADO,RN
ATIVO,MRV ENGENHARIA E PARTICIPAÇÕES S/A,BELO HORIZONTE,08.343.492/0001-20,"Construção Civil, Mat. Constr. e Decoração",PRIVADO,MG
ATIVO,ALUPAR INVESTIMENTO S/A,SÃO PAULO,08.364.948/0001-38,Emp. Adm. Part. - Energia Elétrica,PRIVADO,SP
ATIVO,GSH CORP PARTICIPAÇÕES S.A.,RIO DE JANEIRO,08.397.078/0001-01,Serviços Médicos,PRIVADO,RJ
CANCELADA,INDS JOSSAN SA,NATAL,08.397.697/0001-98,Metalurgia e Siderurgia,PRIVADO,RN
ATIVO,GUARARAPES CONFECÇÕES SA,NATAL,08.402.943/0001-52,Têxtil e Vestuário,PRIVADO,RN
ATIVO,TECBLU - TECELAGEM BLUMENAU S/A.,PARNAMIRIM,08.424.178/0001-71,Têxtil e Vestuário,PRIVADO,RN
ATIVO,CPFL ENERGIAS RENOVÁVEIS S.A.,CAMPINAS,08.439.659/0001-50,Emp. Adm. Part. - Energia Elétrica,PRIVADO,SP
ATIVO,CIA ESTADUAL DE DISTRIBUIÇÃO DE ENERGIA ELETRICA,PORTO ALEGRE,08.467.115/0001-00,Energia Elétrica,ESTATAL,RS
CANCELADA,IND BEBS ANTARCTICA RN SA,SÃO GONÇALO DO AMARANTE,08.473.852/0001-08,Bebidas e Fumo,PRIVADO,RN
CANCELADA,COMPANHIA MINEIRA DE AÇUCAR E ALCOOL PARTICIPAÇÕES,UBERABA,08.493.364/0001-62,"Emp. Adm. Part. - Agricultura (Açúcar, Álcool e Cana)",PRIVADO,MG
CANCELADA,SANTOS BRASIL TECON S.A.,SÃO PAULO,08.519.271/0001-60,Serviços Transporte e Logística,PRIVADO,SP
ATIVO,RENOVA ENERGIA S.A.,SÃO PAULO,08.534.605/0001-74,Energia Elétrica,PRIVADO,SP
ATIVO,COMPANHIA CELG DE PARTICIPAÇÕES - CELGPAR,GOIÂNIA,08.560.444/0001-93,Emp. Adm. Part. - Energia Elétrica,ESTATAL HOLDING,GO
CANCELADA,REP REAL ESTATE PARTNERS DESENV IMOB SA,SÃO PAULO,08.572.741/0001-59,Emp. Adm. Part. - Arrendamento Mercantil,PRIVADO,SP
ATIVO,PRÁTICA PRODUTOS S.A.,POUSO ALEGRE,08.574.411/0001-00,"Emp. Adm. Part. - Máqs., Equip., Veíc. e Peças",PRIVADO,MG
ATIVO,NEXPE PARTICIPAÇÕES S.A. - EM RECUPERAÇÃO JUDICIAL,SÃO PAULO,08.613.550/0001-98,"Emp. Adm. Part. - Const. Civil, Mat. Const. e Decoração",PRIVADO,SP
CANCELADA,SETIBA PARTICIPAÇÕES S/A,SÃO PAULO,08.638.269/0001-00,Emp. Adm. Part. - Sem Setor Principal,PRIVADO HOLDING,SP
CANCELADA,SAHY PARTICIPAÇÕES SA,SÃO PAULO,08.638.282/0001-69,Emp. Adm. Part. - Sem Setor Principal,PRIVADO HOLDING,SP
CANCELADA,CAPRI PARTICIPAÇÕES SA,RIO DE JANEIRO,08.642.503/0001-72,Emp. Adm. Part. - Sem Setor Principal,PRIVADO HOLDING,RJ
CANCELADA,ALLIS PARTICIPAÇÕES S.A.,SÃO PAULO,08.648.295/0001-19,Emp. Adm. Part. - Sem Setor Principal,PRIVADO HOLDING,SP
CANCELADA,BRC SECURITIZADORA SA,SÃO PAULO,08.653.753/0001-08,Securitização de Recebíveis,PRIVADO,SP
CANCELADA,TIVIT TERCEIRIZAÇÃO DE TECNOLOGIA E SERVIÇOS S/A,SÃO PAULO,08.669.754/0001-40,Comunicação e Informática,PRIVADO HOLDING,SP
CANCELADA,MAGNESITA REFRATARIOS S.A.,CONTAGEM,08.684.547/0001-65,Emp. Adm. Part. - Extração Mineral,PRIVADO,MG
CANCELADA,BOVESPA HOLDING SA,SÃO PAULO,08.695.953/0001-23,Bolsas de Valores/Mercadorias e Futuros,PRIVADO HOLDING,SP
CANCELADA,BHG S.A. - BRAZIL HOSPITALITY GROUP,RIO DE JANEIRO,08.723.106/0001-25,Emp. Adm. Part. - Hospedagem e Turismo,PRIVADO,RJ
CANCELADA,PRUMO LOGÍSTICA S.A.,RIO DE JANEIRO,08.741.499/0001-08,Serviços Transporte e Logística,PRIVADO HOLDING,RJ
ATIVO,GENERAL SHOPPING E OUTLETS DO BRASIL BRASIL S.A.,SÃO PAULO,08.764.621/0001-53,Comércio (Atacado e Varejo),PRIVADO,SP
CANCELADA,RIZA SECURITIZADORA S.A.,SÃO PAULO,08.769.451/0001-08,Securitização de Recebíveis,PRIVADO,SP
CANCELADA,BRASILIANA PARTICIPAÇÕES S.A.,SÃO PAULO,08.773.191/0001-36,Emp. Adm. Part. - Energia Elétrica,PRIVADO,SP
ATIVO,MAESTRO LOCADORA DE VEÍCULOS S.A.,EMBU DAS ARTES,08.795.211/0001-70,Serviços Transporte e Logística,PRIVADO,SP
ATIVO,CURY CONSTRUTORA E INCORPORADORA S.A.,SÃO PAULO,08.797.760/0001-83,"Construção Civil, Mat. Constr. e Decoração",PRIVADO,SP
ATIVO,SYN PROP & TECH S.A.,SÃO PAULO,08.801.621/0001-86,"Emp. Adm. Part. - Const. Civil, Mat. Const. e Decoração",PRIVADO,SP
ATIVO,YDUQS PARTICIPACOES S.A.,RIO DE JANEIRO,08.807.432/0001-10,Emp. Adm. Part. - Educação,PRIVADO,RJ
CANCELADA,GUARARAPES PAINÉIS S.A.,CAÇADOR,08.810.422/0001-34,"Emp. Adm. Part. - Const. Civil, Mat. Const. e Decoração",PRIVADO,SC
CANCELADA,SAO BRAZ SA IND COM ALIMENTOS,CAMPINA GRANDE,08.811.226/0001-84,Alimentos,PRIVADO,PB
ATIVO,TRISUL S/A,SÃO PAULO,08.811.643/0001-27,"Emp. Adm. Part. - Const. Civil, Mat. Const. e Decoração",PRIVADO,SP
ATIVO,CONCESSIONÁRIA DA RODOVIA MG-050 S.A.,DIVINÓPOLIS,08.822.767/0001-08,Serviços Transporte e Logística,PRIVADO,MG
CANCELADA,CAMPINENSE INDUSTRIAS GERAIS SA,CAMPINA GRANDE,08.823.932/0001-46,Têxtil e Vestuário,PRIVADO,PB
ATIVO,AEGEA SANEAMENTO E PARTICIPAÇÕES S.A.,SÃO PAULO,08.827.501/0001-58,"Saneamento, Serv. Água e Gás",PRIVADO HOLDING,SP
CANCELADA,CENTENNIAL ASSET PARTICIPAÇÕES AÇU SA,RIO DE JANEIRO,08.835.366/0001-92,Emp. Adm. Part. - Serviços Transporte e Logística,PRIVADO,RJ
ATIVO,CORPÓREOS - SERVIÇOS TERAPÊUTICOS S.A.,SÃO PAULO,08.845.676/0001-98,Serviços Médicos,PRIVADO,SP
ATIVO,ECORODOVIAS CONCESSÕES E SERVIÇOS S/A,SÃO BERNARDO DO CAMPO,08.873.873/0001-10,Emp. Adm. Part. - Serviços Transporte e Logística,PRIVADO HOLDING,SP
ATIVO,CSN MINERAÇÃO S.A.,CONGONHAS,08.902.291/0001-15,Extração Mineral,PRIVADO,MG
CANCELADA,NOVA SECURITIZAÇÃO S/A,SÃO PAULO,08.903.116/0001-42,Securitização de Recebíveis,PRIVADO,SP
CANCELADA,MATONE SECURITIZADORA S/A,PORTO ALEGRE,08.904.090/0001-57,Securitização de Recebíveis,PRIVADO,RS
CANCELADA,PRIO FORTE S.A.,RIO DE JANEIRO,08.926.302/0001-05,Petróleo e Gás,PRIVADO,RJ
CANCELADA,MULTINER S/A,SÃO PAULO,08.935.054/0001-50,Energia Elétrica,PRIVADO HOLDING,SP
CANCELADA,"INTERNATIONAL MEAL COMPANY HOLDINGS, SA",SÃO PAULO,08.936.792/0001-12,Alimentos,ESTRANGEIRO HOLDING,SP
CANCELADA,BOLSA DE MERCADORIAS & FUTUROS - BM&F S/A,SÃO PAULO,08.936.812/0001-55,Bolsas de Valores/Mercadorias e Futuros,PRIVADO,SP
CANCELADA,VISION SECURITIZADORA S.A.,SÃO PAULO,08.937.002/0001-13,Securitização de Recebíveis,PRIVADO,SP
CANCELADA,LAHOTELS S.A.,SÃO PAULO,09.017.691/0001-00,Emp. Adm. Part. - Sem Setor Principal,PRIVADO HOLDING,SP
ATIVO,LOG COMMERCIAL PROPERTIES E PARTICIPAÇÕES,BELO HORIZONTE,09.041.168/0001-10,"Construção Civil, Mat. Constr. e Decoração",PRIVADO HOLDING,MG
ATIVO,BEMOBI MOBILE TECH S.A.,RIO DE JANEIRO,09.042.817/0001-05,Comunicação e Informática,PRIVADO,RJ
ATIVO,ELFA MEDICAMENTOS S.A.,BRASÍLIA,09.053.134/0001-45,Serviços Médicos,PRIVADO,DF
ATIVO,INBRANDS SA,SÃO PAULO,09.054.385/0001-44,Têxtil e Vestuário,PRIVADO,SP
ATIVO,TRANSBRASILIANA CONCESSIONÁRIA DE RODOVIA SA,LINS,09.074.183/0001-64,Serviços Transporte e Logística,PRIVADO,SP
CANCELADA,MOSAICO TECNOLOGIA AO CONSUMIDOR S.A.,RIO DE JANEIRO,09.083.175/0001-84,Comunicação e Informática,PRIVADO,RJ
ATIVO,ENERGISA PARAÍBA - DISTRIBUIDORA DE ENERGIA S/A,JOÃO PESSOA,09.095.183/0001-40,Energia Elétrica,PRIVADO,PB
ATIVO,OSX BRASIL S.A. - EM RECUPERAÇÃO JUDICIAL,RIO DE JANEIRO,09.112.685/0001-32,Emp. Adm. Part. - Sem Setor Principal,PRIVADO HOLDING,RJ
ATIVO,OCEANPACT SERVIÇOS MARÍTIMOS S.A.,RIO DE JANEIRO,09.114.805/0001-30,Petróleo e Gás,PRIVADO,RJ
CANCELADA,CONPEL CIA. NORDESTINA DE PAPEL - EM RECUPERAÇÃO JUDICIAL,CONDE,09.116.278/0001-01,Embalagens,PRIVADO,PB
CANCELADA,CIA DE AGUA E ESGOTO DA PARAIBA,JOÃO PESSOA,09.123.654/0001-87,"Saneamento, Serv. Água e Gás",ESTATAL,PB
CANCELADA,POLYNOR SA IC FIBS SINTS DA PB,SÃO PAULO,09.126.970/0001-02,Têxtil e Vestuário,PRIVADO,SP
CANCELADA,MOENA PARTICIPAÇÕES S/A,SÃO PAULO,09.140.181/0001-26,Emp. Adm. Part. - Educação,PRIVADO HOLDING,SP
ATIVO,KALLAS INCORPORAÇÕES E CONSTRUÇÕES S.A.,SÃO PAULO,09.146.451/0001-06,"Construção Civil, Mat. Constr. e Decoração",PRIVADO,SP
CANCELADA,SERENA GERAÇÃO S.A.,SÃO PAULO,09.149.503/0001-06,Emp. Adm. Part. - Energia Elétrica,PRIVADO,SP
CANCELADA,MONTICIANO PARTICIPAÇÕES S/A,SÃO PAULO,09.191.251/0001-75,Emp. Adm. Part. - Sem Setor Principal,PRIVADO HOLDING,SP
ATIVO,GPS PARTICIPAÇÕES E EMPREENDIMENTOS S/A,SÃO PAULO,09.229.201/0001-30,Emp. Adm. Part. - Sem Setor Principal,PRIVADO,SP
ATIVO,FERROVIA NORTE SUL S/A,SÃO LUÍS,09.257.877/0001-37,Serviços Transporte e Logística,PRIVADO,MA
CANCELADA,IND BEBS ANTARCTICA PARAIBA SA,JOÃO PESSOA,09.259.821/0001-11,Bebidas e Fumo,PRIVADO,PB
CANCELADA,YUNY INCORPORADORA HOLDING S.A.,SÃO PAULO,09.267.996/0001-70,"Construção Civil, Mat. Constr. e Decoração",PRIVADO,SP
ATIVO,ANIMA HOLDING S/A,SÃO PAULO,09.288.252/0001-32,Educação,PRIVADO HOLDING,SP
ATIVO,TECHNOS SA,RIO DE JANEIRO,09.295.063/0001-97,Comércio (Atacado e Varejo),PRIVADO,RJ
CANCELADA,IRONX MINERAÇÃO S/A,RIO DE JANEIRO,09.295.979/0001-47,Metalurgia e Siderurgia,PRIVADO HOLDING,RJ
CANCELADA,HABITASEC SECURITIZADORA SA,SÃO PAULO,09.304.427/0001-58,Securitização de Recebíveis,PRIVADO,SP
ATIVO,AZUL S.A.,BARUERI,09.305.994/0001-29,Emp. Adm. Part. - Serviços Transporte e Logística,PRIVADO,SP
ATIVO,AUTOPISTA LITORAL SUL,SÃO JOSÉ DOS PINHAIS,09.313.969/0001-97,Serviços Transporte e Logística,PRIVADO HOLDING,PR
ATIVO,AUTOPISTA FLUMINENSE SA,NITERÓI,09.324.949/0001-11,Serviços Transporte e Logística,PRIVADO HOLDING,RJ
ATIVO,AUTOPISTA PLANALTO SUL SA,RIO NEGRO,09.325.109/0001-73,Serviços Transporte e Logística,PRIVADO HOLDING,PR
ATIVO,AUTOPISTA FERNÃO DIAS SA,POUSO ALEGRE,09.326.342/0001-70,Serviços Transporte e Logística,PRIVADO HOLDING,MG
ATIVO,AUTOPISTA REGIS BITTENCOURT SA,REGISTRO,09.336.431/0001-06,Serviços Transporte e Logística,PRIVADO HOLDING,SP
CANCELADA,FAE ADM. E PARTICIPAÇÕES SA,FORTALEZA,09.337.210/0001-44,"Construção Civil, Mat. Constr. e Decoração",PRIVADO,CE
ATIVO,"B3 S.A. - BRASIL, BOLSA, BALCÃO",SÃO PAULO,09.346.601/0001-25,Bolsas de Valores/Mercadorias e Futuros,PRIVADO,SP
CANCELADA,ELETROMIDIA S.A.,SÃO PAULO,09.347.516/0001-81,Emp. Adm. Part. - Comunicação e Informática,PRIVADO,SP
CANCELADA,KAROON PETROLEO & GAS SA,RIO DE JANEIRO,09.347.916/0001-97,Petróleo e Gás,PRIVADO,RJ
CANCELADA,CETIP S.A. - MERCADOS ORGANIZADOS,RIO DE JANEIRO,09.358.105/0001-91,Intermediação Financeira,PRIVADO,RJ
ATIVO,ASA BRANCA HOLDING S.A.,SÃO PAULO,09.359.927/0001-97,Emp. Adm. Part. - Energia Elétrica,PRIVADO HOLDING,SP
CANCELADA,AGRO PASTORIL CARIRI SA CARIRISA,CAMPINA GRANDE,09.378.563/0001-92,"Agricultura (Açúcar, Álcool e Cana)",PRIVADO,PB
ATIVO,SANTO ANTONIO ENERGIA S.A.,RIO DE JANEIRO,09.391.823/0001-60,Energia Elétrica,PRIVADO,RJ
CANCELADA,BERNA PARTICIPAÇÕES SA,SÃO PAULO,09.400.937/0001-29,Emp. Adm. Part. - Sem Setor Principal,PRIVADO HOLDING,SP
ATIVO,K-INFRA RODOVIA DO AÇO S.A.,VASSOURAS,09.414.761/0001-64,Serviços Transporte e Logística,PRIVADO,RJ
CANCELADA,ÁQUILLA SECURITIZADORA SA,SÃO PAULO,09.439.783/0001-89,Securitização de Recebíveis,PRIVADO,SP
CANCELADA,BASEL PARTICIPAÇÕES S/A,SÃO PAULO,09.462.140/0001-56,Emp. Adm. Part. - Sem Setor Principal,PRIVADO HOLDING,SP
CANCELADA,COPACABANA PRINCE PARTICIPAÇÕES S.A.,SÃO PAULO,09.462.850/0001-86,Emp. Adm. Part. - Sem Setor Principal,PRIVADO HOLDING,SP
CANCELADA,BALADARE PARTICIPAÇÕES S/A,SÃO PAULO,09.462.852/0001-75,Emp. Adm. Part. - Sem Setor Principal,PRIVADO HOLDING,SP
CANCELADA,BRT HOLDING 1 SA,SÃO PAULO,09.462.890/0001-28,Emp. Adm. Part. - Telecomunicações,PRIVADO HOLDING,SP
ATIVO,BRASIL BIOFUELS S.A.,SÃO JOÃO DA BALIZA,09.478.309/0001-66,Energia Elétrica,PRIVADO,RR
ATIVO,ENVIRONMENTAL ESG PARTICIPAÇÕES S.A.,SÃO PAULO,09.527.023/0001-23,"Saneamento, Serv. Água e Gás",PRIVADO,SP
ATIVO,PDG COMPANHIA SECURITIZADORA,SÃO PAULO,09.538.973/0001-53,Securitização de Recebíveis,PRIVADO,SP
ATIVO,MANAUS TRANSMISSORA DE ENERGIA S.A,RIO DE JANEIRO,09.584.854/0001-37,Energia Elétrica,PRIVADO,RJ
CANCELADA,AGV HOLDING S/A,VINHEDO,09.594.796/0001-22,Emp. Adm. Part. - Serviços Transporte e Logística,PRIVADO,SP
CANCELADA,CTX PARTICIPAÇÕES S/A - EM LIQUIDAÇÃO,RIO DE JANEIRO,09.601.322/0001-60,Emp. Adm. Part. - Telecomunicações,PRIVADO,RJ
ATIVO,INC EMPREENDIMENTOS IMOBILIÁRIOS S.A.,JUIZ DE FORA,09.611.768/0001-76,"Construção Civil, Mat. Constr. e Decoração",PRIVADO,MG
ATIVO,NORTE BRASIL TRANSMISSORA DE ENERGIA S.A.,RIO DE JANEIRO,09.625.321/0001-56,Energia Elétrica,PRIVADO,RJ
ATIVO,W2W E-COMMERCE DE VINHOS S.A.,SERRA,09.813.204/0001-16,Comércio (Atacado e Varejo),PRIVADO,ES
CANCELADA,CENTRO HOSPITALAR  ALBERT SABIN SA,RECIFE,09.866.294/0001-03,Serviços Médicos,PRIVADO,PE
CANCELADA,INDS ALIMENTICIAS MAGUARY SA,SÃO PAULO,09.886.995/0001-04,Alimentos,PRIVADO,SP
CANCELADA,COTONOFICIO JOSE RUFINO SA,CABO DE SANTO AGOSTINHO,09.929.746/0001-59,Têxtil e Vestuário,PRIVADO,PE
CANCELADA,CIA CIMENTO ATOL,RECIFE,09.934.407/0001-60,Extração Mineral,PRIVADO,PE
CANCELADA,SA CONFECCOES BRAS SABRA,SÃO PAULO,10.074.623/0001-62,Têxtil e Vestuário,PRIVADO,SP
ATIVO,NEOGRID PARTICIPACÕES S.A.,JOINVILLE,10.139.870/0001-08,Comunicação e Informática,PRIVADO HOLDING,SC
ATIVO,CPX DISTRIBUIDORA S.A.,ITAJAÍ,10.158.356/0001-01,Comércio (Atacado e Varejo),PRIVADO,SC
CANCELADA,COMPANHIA DE LOCAÇÃO DAS AMERICAS,BELO HORIZONTE,10.215.988/0001-60,Serviços Transporte e Logística,PRIVADO,MG
CANCELADA,ELETROMOURA SA,BELO JARDIM,10.216.117/0001-60,"Máquinas, Equipamentos, Veículos e Peças",PRIVADO,PE
ATIVO,LINHAS DE MACAPÁ TRANSMISSORA DE ENERGIA S.A.,CATAGUASES,10.234.027/0001-00,Energia Elétrica,PRIVADO,MG
ATIVO,LINHAS DE XINGU TRANSMISSORA DE ENERGIA S.A.,CATAGUASES,10.240.186/0001-00,Energia Elétrica,PRIVADO,MG
CANCELADA,INVITEL LEGACY SA,RIO DE JANEIRO,10.242.478/0001-81,Emp. Adm. Part. - Telecomunicações,PRIVADO HOLDING,RJ
CANCELADA,COPERSUCAR SA,SÃO PAULO,10.265.949/0001-77,"Agricultura (Açúcar, Álcool e Cana)",PRIVADO,SP
CANCELADA,GRUPO DE MODA SOMA S.A.,RIO DE JANEIRO,10.285.590/0001-08,Têxtil e Vestuário,PRIVADO,RJ
CANCELADA,NEXFUEL BIOENERGIA S/A,SÃO PAULO,10.302.690/0001-97,"Agricultura (Açúcar, Álcool e Cana)",PRIVADO,SP
ATIVO,REGENERA RIO S.A.,SÃO PAULO,10.319.900/0001-50,"Saneamento, Serv. Água e Gás",PRIVADO,SP
ATIVO,CONCESSÃO METROVIÁRIA DO RIO DE JANEIRO SA,RIO DE JANEIRO,10.324.624/0001-18,Serviços Transporte e Logística,PRIVADO HOLDING,RJ
CANCELADA,NPF SECURITIZADORA S.A.,RIO DE JANEIRO,10.337.440/0001-92,Securitização de Recebíveis,PRIVADO,RJ
ATIVO,AFLUENTE TRANSMISSÃO DE ENERGIA ELETRICA S/A,RIO DE JANEIRO,10.338.320/0001-00,Energia Elétrica,PRIVADO HOLDING,RJ
CANCELADA,ADVANCED DIGITAL HEALTH MEDICINA PREVENTIVA S.A.,SÃO PAULO,10.345.009/0001-98,Farmacêutico e Higiene,ESTRANGEIRO,SP
CANCELADA,ELEKEIROZ SA,VÁRZEA PAULISTA,10.362.796/0001-86,Petroquímicos e Borracha,PRIVADO,SP
CANCELADA,DUXXI IMOBILIÁRIA S.A.,SÃO PAULO,10.382.341/0001-22,"Emp. Adm. Part. - Const. Civil, Mat. Const. e Decoração",ESTRANGEIRO HOLDING,SP
CANCELADA,GETNET ADQUIRÊNCIA E SERVIÇOS PARA MEIOS DE PAGAMENTO S.A.,SÃO PAULO,10.440.482/0001-54,Intermediação Financeira,PRIVADO,SP
CANCELADA,REAG CAPITAL HOLDING S.A.,SÃO PAULO,10.452.416/0001-02,Emp. Adm. Part. - Sem Setor Principal,PRIVADO,SP
CANCELADA,PRIVALIA BRASIL S.A.,SÃO PAULO,10.464.223/0001-63,Comércio (Atacado e Varejo),PRIVADO,SP
CANCELADA,INFRASEC SECURITIZADORA S/A,SÃO PAULO,10.488.244/0001-19,Securitização de Recebíveis,PRIVADO,SP
ATIVO,TERMELÉTRICA PERNAMBUCO III S.A.,IGARASSU,10.502.676/0001-37,Energia Elétrica,PRIVADO,PE
CANCELADA,RANDON NORDESTE SA VEICS IMPLS,GUARULHOS,10.523.280/0001-76,"Máquinas, Equipamentos, Veículos e Peças",PRIVADO,SP
ATIVO,CONCESSIONARIA AUTO RAPOSO TAVARES SA-CART,BAURU,10.531.501/0001-58,Serviços Transporte e Logística,PRIVADO,SP
ATIVO,URBA DESENVOLVIMENTO URBANO S.A.,BELO HORIZONTE,10.571.175/0001-02,"Construção Civil, Mat. Constr. e Decoração",PRIVADO,MG
CANCELADA,BS&C EMPREENDIMENTOS E PARTICIPAÇÕES S.A.,SÃO PAULO,10.603.674/0001-34,Alimentos,PRIVADO HOLDING,SP
CANCELADA,BARI SECURITIZADORA S.A.,SÃO PAULO,10.608.405/0001-60,Securitização de Recebíveis,PRIVADO,SP
ATIVO,PRIO S.A.,RIO DE JANEIRO,10.629.105/0001-68,Petróleo e Gás,PRIVADO HOLDING,RJ
ATIVO,VIARONDON CONCESSIONÁRIA DE RODOVIA SA,LINS,10.635.691/0001-53,Serviços Transporte e Logística,PRIVADO HOLDING,SP
ATIVO,CONCESSIONÁRIA ROTA DAS BANDEIRAS S/A,ITATIBA,10.647.979/0001-48,Serviços Transporte e Logística,PRIVADO,SP
CANCELADA,FRAME SECURITIZADORA S/A,RIO DE JANEIRO,10.661.519/0001-74,Securitização de Recebíveis,PRIVADO,RJ
CANCELADA,BANCO AGIBANK S.A.,PORTO ALEGRE,10.664.513/0001-50,Intermediação Financeira,PRIVADO,RS
CANCELADA,VIABAHIA CONCESSIONÁRIA DE RODOVIAS SA,SALVADOR,10.670.314/0001-55,Serviços Transporte e Logística,PRIVADO,BA
ATIVO,CONC RODOVIAS DO TIETÊ S.A.- EM RECUPERAÇÃO JUDICIAL,SALTO,10.678.505/0001-63,Serviços Transporte e Logística,PRIVADO,SP
CANCELADA,INDS COELHO SA,RECIFE,10.728.806/0001-54,Alimentos,PRIVADO,PE
CANCELADA,GYPSUM DO NE SA IC DE GESSO,PETROLINA,10.737.120/0001-20,Extração Mineral,PRIVADO,PE
ATIVO,BRBI BR PARTNERS S.A,SÃO PAULO,10.739.356/0001-03,Emp. Adm. Part. - Bancos,PRIVADO,SP
CANCELADA,PRÁTICA PARTICIPAÇÕES S.A.,POUSO ALEGRE,10.747.021/0001-29,"Emp. Adm. Part. - Máqs., Equip., Veíc. e Peças",PRIVADO HOLDING,MG
CANCELADA,ECO. SEC. DTOS. CREDIT. AGRONEGÓCIOS S/A,SÃO PAULO,10.753.164/0001-43,Securitização de Recebíveis,PRIVADO,SP
ATIVO,CVC BRASIL OPERADORA E AGÊNCIA DE VIAGENS SA,SANTO ANDRÉ,10.760.260/0001-19,Hospedagem e Turismo,PRIVADO,SP
CANCELADA,INDS MINERVA SA,RECIFE,10.775.468/0001-01,Embalagens,PRIVADO,PE
CANCELADA,MOINHO RECIFE SA EMPR E PART,RECIFE,10.781.276/0001-08,Alimentos,ESTRANGEIRO,PE
CANCELADA,BANORTE CRED FIN E INVEST SA,RECIFE,10.781.524/0001-10,Bancos,PRIVADO,PE
CANCELADA,BANCO BANORTE SA EM LIQUIDAÇÃO EXTRAJUDICIAL,RECIFE,10.781.532/0001-67,Bancos,PRIVADO,PE
CANCELADA,PEIXE SA,SÃO PAULO,10.782.175/0001-51,Alimentos,PRIVADO,SP
CANCELADA,SA BRASILEIRA IND OTICA SABIO,CARPINA,10.782.548/0001-94,"Máquinas, Equipamentos, Veículos e Peças",PRIVADO,PE
CANCELADA,CIA FABRICA YOLANDA,RECIFE,10.783.777/0001-23,Têxtil e Vestuário,PRIVADO,PE
CANCELADA,CICANORTE IND DE CONS ALIM SA,IGARASSU,10.790.616/0001-67,Alimentos,PRIVADO HOLDING,PE
CANCELADA,CERAMICA SANTO ANTONIO SA,RECIFE,10.791.218/0001-65,Extração Mineral,PRIVADO,PE
CANCELADA,CIA PARAIBA CIM PORTL CIMEPAR,RECIFE,10.804.300/0001-87,Extração Mineral,PRIVADO,PE
CANCELADA,CIA SID NORDESTE,PORTO ALEGRE,10.806.057/0001-36,Metalurgia e Siderurgia,PRIVADO,RS
ATIVO,BOA SAFRA SEMENTES S.A,FORMOSA,10.807.374/0001-77,Alimentos,PRIVADO,GO
CANCELADA,SIDERURGICA ACONORTE SA,PORTO ALEGRE,10.807.923/0001-03,Metalurgia e Siderurgia,PRIVADO,RS
CANCELADA,BAPTISTA DA SILVA PARTICIPAÇÕES E PROJETOS SA,RECIFE,10.809.341/0001-66,Emp. Adm. Part. - Sem Setor Principal,PRIVADO,PE
CANCELADA,INDS ROMI DO NORDESTE SA,SANTA BÁRBARA D'OESTE,10.810.653/0001-90,Metalurgia e Siderurgia,PRIVADO,SP
CANCELADA,BRAZAL - BRASIL ALIMENTOS S.A.,SÃO PAULO,10.826.798/0001-89,Emp. Adm. Part. - Comércio (Atacado e Varejo),PRIVADO,SP
CANCELADA,FAB DA PEDRA SA FIAÇÃO E TECELAGEM,DELMIRO GOUVEIA,10.831.642/0001-96,Têxtil e Vestuário,PRIVADO,AL
ATIVO,CIA ENERGÉTICA DE PERNAMBUCO - CELPE,RECIFE,10.835.932/0001-08,Energia Elétrica,PRIVADO HOLDING,PE
ATIVO,CONCESSIONÁRIA DAS RODOVIAS AYRTON SENNA E CARVALHO PINTO S/A-ECOPISTAS,SÃO PAULO,10.841.050/0001-55,Serviços Transporte e Logística,PRIVADO,SP
CANCELADA,PORTX OPERAÇÕES PORTUÁRIAS S.A.,RIO DE JANEIRO,10.846.981/0001-46,Emp. Adm. Part. - Serviços Transporte e Logística,ESTRANGEIRO,RJ
CANCELADA,EBX BRASIL SA,RIO DE JANEIRO,10.847.761/0001-37,Emp. Adm. Part. - Serviços Transporte e Logística,ESTRANGEIRO,RJ
CANCELADA,FLEX GESTAO DE RELACIONAMENTOS SA EM RECUPERACAO JUDICIAL,SÃO PAULO,10.851.805/0001-00,Comunicação e Informática,PRIVADO,SP
CANCELADA,BANCO DE PERNAMBUCO S.A. - BANDEPE,SÃO PAULO,10.866.788/0001-77,Bancos,PRIVADO,SP
CANCELADA,ALUMINIO EXTRUSAO LAMINACAO,RIO DE JANEIRO,10.886.893/0001-78,Emp. Adm. Participações,ESTATAL,RJ
CANCELADA,BOLERO PARTICIPAÇÕES SA,RIO DE JANEIRO,10.894.123/0001-77,Emp. Adm. Part. - Sem Setor Principal,PRIVADO,RJ
CANCELADA,CIA. DE CIMENTOS DO BRASIL,SÃO PAULO,10.919.934/0001-85,Extração Mineral,ESTRANGEIRO,SP
CANCELADA,SARABOR SA REGENS ARTEFS BORR,SÃO PAULO,10.922.052/0001-79,Petroquímicos e Borracha,PRIVADO,SP
CANCELADA,BANORTE CRED IMOBILIARIO SA,RECIFE,10.925.675/0001-03,Crédito Imobiliário,PRIVADO,PE
CANCELADA,MADEIRA SINTETICA SA,RECIFE,10.927.820/0001-87,"Construção Civil, Mat. Constr. e Decoração",PRIVADO,PE
CANCELADA,VOLNOR INDUSTRIA E COMERCIO SA,ABREU E LIMA,10.935.054/0001-00,Metalurgia e Siderurgia,PRIVADO,PE
CANCELADA,SPRINGER CARRIER NE SA,RIO DE JANEIRO,10.948.651/0001-61,"Máquinas, Equipamentos, Veículos e Peças",PRIVADO,RJ
CANCELADA,RAN REF ACUCAR NORTE SA,JABOATÃO DOS GUARARAPES,10.964.948/0001-10,"Agricultura (Açúcar, Álcool e Cana)",PRIVADO,PE
CANCELADA,ICANOR SA ARAMES E CABOS,IGARASSU,10.969.780/0001-36,Outras Atividades Industriais,PRIVADO,PE
CANCELADA,TECANOR SA TEXTIL CATAR DO NE,PAULISTA,10.972.032/0001-02,Têxtil e Vestuário,PRIVADO,PE
CANCELADA,ARTEFATOS PAPEL NE SA ARTEPE,IGARASSU,10.976.124/0001-60,Outras Atividades Industriais,PRIVADO,PE
CANCELADA,IPLAC DO BR SA PLASTICOS INDL,FORTALEZA,11.029.196/0001-63,Petroquímicos e Borracha,PRIVADO HOLDING,CE
CANCELADA,ADESENE ADESIVOS NO NORDESTE SA,JOÃO PESSOA,11.029.808/0001-18,Petroquímicos e Borracha,PRIVADO,PB
CANCELADA,AGRE EMPREENDIMENTOS IMOBILIÁRIOS SA,SÃO PAULO,11.040.082/0001-14,"Construção Civil, Mat. Constr. e Decoração",PRIVADO,SP
CANCELADA,MULTIPLUS SA,BARUERI,11.094.546/0001-75,Comércio (Atacado e Varejo),PRIVADO,SP
CANCELADA,BR HOME CENTERS S.A.,GOIÂNIA,11.102.250/0001-59,"Construção Civil, Mat. Constr. e Decoração",PRIVADO,GO
CANCELADA,FIBRASIL TEXTIL SA,PAULISTA,11.136.660/0001-10,Têxtil e Vestuário,PRIVADO,PE
CANCELADA,SUL INVEST SECURITIZADORA S.A.,CURITIBA,11.181.400/0001-67,Securitização de Recebíveis,PRIVADO,PR
CANCELADA,GÁVEA SECURITIZADORA S.A.,CURITIBA,11.193.684/0001-01,Securitização de Recebíveis,PRIVADO HOLDING,PR
CANCELADA,AQUA-RIO S/A,RIO DE JANEIRO,11.197.023/0001-54,Brinquedos e Lazer,PRIVADO,RJ
CANCELADA,BSI CAPITAL SECURITIZADORA S.A.,SÃO PAULO,11.257.352/0001-43,Securitização de Recebíveis,PRIVADO,SP
CANCELADA,COMPANHIA PAULISTA DE SECURITIZAÇÃO,SÃO PAULO,11.274.829/0001-07,Emp. Adm. Part. - Securitização de Recebíveis,ESTATAL,SP
ATIVO,YOU INC INCORPORADORA E PARTICIPAÇÃO S.A,SÃO PAULO,11.284.204/0001-18,"Construção Civil, Mat. Constr. e Decoração",PRIVADO HOLDING,SP
CANCELADA,POTHENCIA S/A - REFLORESTADORA,CAMPO GRANDE,11.306.912/0001-02,Reflorestamento,PRIVADO,MS
ATIVO,MASSA FALIDA DA BRASIL PHARMA SA,SÃO PAULO,11.395.624/0001-71,Farmacêutico e Higiene,PRIVADO HOLDING,SP
CANCELADA,3A COMPANHIA SECURITIZADORA,RIO DE JANEIRO,11.396.633/0001-87,Securitização de Recebíveis,PRIVADO,RJ
ATIVO,ORIZON VALORIZAÇÃO DE RESÍDUOS S.A.,SÃO PAULO,11.421.994/0001-36,"Saneamento, Serv. Água e Gás",PRIVADO,SP
CANCELADA,BANORTE BANCO INVEST SA,RECIFE,11.558.657/0001-95,Bancos,PRIVADO,PE
CANCELADA,TEREOS INTERNACIONAL S/A,SÃO PAULO,11.566.501/0001-56,Alimentos,ESTRANGEIRO HOLDING,SP
CANCELADA,SAAG INVESTIMENTOS S.A.,BELO HORIZONTE,11.616.840/0001-08,Emp. Adm. Part. - Telecomunicações,PRIVADO,MG
CANCELADA,ENAUTA PARTICIPAÇÕES S.A.,RIO DE JANEIRO,11.669.021/0001-10,Emp. Adm. Part. - Petróleo e Gás,PRIVADO HOLDING,RJ
CANCELADA,MASSA FALIDA DE BRASPÉROLA INDÚSTRIA E COMÉRCIO SA,CARIACICA,11.703.519/0001-52,Têxtil e Vestuário,PRIVADO,ES
CANCELADA,TRX SECURITIZADORA S.A.,SÃO PAULO,11.716.471/0001-17,Securitização de Recebíveis,PRIVADO HOLDING,SP
CANCELADA,ALPER CONSULTORIA E CORRETORA DE SEGUROS S.A.,SÃO PAULO,11.721.921/0001-60,Emp. Adm. Part. - Seguradoras e Corretoras,PRIVADO,SP
CANCELADA,BOA VISTA SERVIÇOS S.A.,BARUERI,11.725.176/0001-27,Comunicação e Informática,PRIVADO,SP
CANCELADA,RG PRIVATE BROKERS INT. DE NEGÓCIOS IMOB. LTDA,SÃO PAULO,11.818.783/0001-31,Bebidas e Fumo,PRIVADO,SP
CANCELADA,MCM CIMENTOS S.A.,SÃO PAULO,11.858.621/0001-27,"Construção Civil, Mat. Constr. e Decoração",PRIVADO HOLDING,SP
ATIVO,QUALICORP CONSULTORIA E CORRETORA DE SEGUROS S.A.,SÃO PAULO,11.992.680/0001-93,Seguradoras e Corretoras,PRIVADO,SP
CANCELADA,ROPASC PARTICIPAÇÕES S/A,SÃO PAULO,11.995.745/0001-54,Emp. Adm. Part. - Sem Setor Principal,PRIVADO,SP
CANCELADA,PASCRO PARTICIPAÇÕES S/A,RIO DE JANEIRO,11.995.753/0001-09,Emp. Adm. Part. - Sem Setor Principal,PRIVADO,RJ
ATIVO,MOURA DUBEUX ENGENHARIA S/A,RECIFE,12.049.631/0001-84,"Construção Civil, Mat. Constr. e Decoração",PRIVADO,PE
CANCELADA,COMPANHIA AURIFERA BRASILEIRA SA,CAMPO LARGO,12.078.880/0001-06,Emp. Adm. Part. - Extração Mineral,PRIVADO,PR
ATIVO,BRAVA ENERGIA S.A.,RIO DE JANEIRO,12.091.809/0001-55,Petróleo e Gás,PRIVADO,RJ
ATIVO,ONCOCLÍNICAS DO BRASIL SERVIÇOS MÉDICOS S.A.,SÃO PAULO,12.104.241/0004-02,Serviços Médicos,PRIVADO,SP
ATIVO,D1000 VAREJO FARMA PARTICIPAÇÕES S.A.,RIO DE JANEIRO,12.108.897/0001-50,Comércio (Atacado e Varejo),PRIVADO HOLDING,RJ
CANCELADA,REDENTOR ENERGIA S/A,BELO HORIZONTE,12.126.500/0001-53,Emp. Adm. Part. - Energia Elétrica,PRIVADO,MG
CANCELADA,TRUE SECURITIZADORA S.A.,SÃO PAULO,12.130.744/0001-00,Securitização de Recebíveis,PRIVADO,SP
CANCELADA,OCTANTE SECURITIZADORA SA,SÃO PAULO,12.139.922/0001-63,Securitização de Recebíveis,PRIVADO,SP
ATIVO,MELNICK DESENVOLVIMENTO IMOBILIÁRIO S.A.,PORTO ALEGRE,12.181.987/0001-77,"Emp. Adm. Part. - Const. Civil, Mat. Const. e Decoração",PRIVADO,RS
CANCELADA,POLO CAPITAL SECURITIZADORA S/A,RIO DE JANEIRO,12.261.588/0001-16,Securitização de Recebíveis,PRIVADO HOLDING,RJ
CANCELADA,CIA SID ALAGOAS COMESA,ATALAIA,12.287.314/0001-04,Metalurgia e Siderurgia,PRIVADO,AL
CANCELADA,SALGEMA INDS QUIMICAS SA,SALVADOR,12.296.919/0001-53,Petroquímicos e Borracha,PRIVADO,BA
CANCELADA,FIVES LILLE INDL NORDESTE SA,MACEIÓ,12.297.305/0001-96,Outras Atividades Industriais,PRIVADO,AL
ATIVO,NORTE ENERGIA S.A,BRASÍLIA,12.300.288/0001-07,Energia Elétrica,PRIVADO,DF
CANCELADA,OURINVEST SECURITIZADORA S.A.,SÃO PAULO,12.320.349/0001-90,Securitização de Recebíveis,PRIVADO,SP
CANCELADA,INTERMULTIMODAL S.A OPERADORA DE PLATAFORMAS INTERNACIONAIS DE LOGISTICA MULTIMODAL,CURITIBA,12.394.916/0001-52,Emp. Adm. Part. - Serviços Transporte e Logística,PRIVADO,PR
CANCELADA,EOX ENERGIA EÓLICA S.A.,CURITIBA,12.394.936/0001-23,Emp. Adm. Part. - Energia Elétrica,PRIVADO,PR
CANCELADA,LOUCOS POR FUTEBOL S.A.,CURITIBA,12.394.972/0001-97,Emp. Adm. Part. - Sem Setor Principal,PRIVADO,PR
CANCELADA,UTILIUM PARTICIPAÇÕES S.A.,RIO DE JANEIRO,12.394.991/0001-13,Emp. Adm. Part. - Sem Setor Principal,PRIVADO,RJ
CANCELADA,DELUXE MOTORS S.A.,CURITIBA,12.395.010/0001-52,Emp. Adm. Part. - Serviços Transporte e Logística,PRIVADO,PR
CANCELADA,INTELLECTUAL SERVICES S.A - GESTÃO DE ATIVOS DO CONHECIMENTO,CURITIBA,12.395.063/0001-73,Emp. Adm. Part. - Educação,PRIVADO,PR
ATIVO,CM HOSPITALAR S.A,RIBEIRÃO PRETO,12.420.164/0001-57,Comércio (Atacado e Varejo),PRIVADO,SP
ATIVO,FERREIRA GOMES ENERGIA S.A.,SÃO PAULO,12.489.315/0001-23,Energia Elétrica,PRIVADO HOLDING,SP
CANCELADA,DROGARIAS AMERICANAS SA,CURITIBA,12.492.734/0001-14,Farmacêutico e Higiene,PRIVADO,PR
CANCELADA,PROVIDAX PARTICIPAÇÕES S/A,SÃO PAULO,12.498.904/0001-78,Emp. Adm. Part. - Sem Setor Principal,PRIVADO HOLDING,SP
CANCELADA,VOSTOK PARTICIPAÇÕES SA,SÃO PAULO,12.499.618/0001-27,Emp. Adm. Part. - Sem Setor Principal,PRIVADO HOLDING,SP
CANCELADA,MENFIS PARTICIPAÇÕES S/A,SÃO PAULO,12.499.629/0001-07,Emp. Adm. Part. - Sem Setor Principal,PRIVADO HOLDING,SP
ATIVO,AERIS IND. E COM. DE EQUIP. PARA GER. DE ENG. S.A.,CAUCAIA,12.528.708/0001-07,"Máquinas, Equipamentos, Veículos e Peças",PRIVADO,CE
CANCELADA,STEIN SP II PARTICIPAÇÕES S.A.,SÃO PAULO,12.592.746/0001-10,Emp. Adm. Part. - Petróleo e Gás,PRIVADO HOLDING,SP
CANCELADA,PERENCO PETRÓLEO E GÁS DO BRASIL PARTICIPAÇÕES S/A,RIO DE JANEIRO,12.592.795/0001-53,Petróleo e Gás,ESTRANGEIRO,RJ
ATIVO,MNLT S.A.,SÃO PAULO,12.592.831/0001-89,Emp. Adm. Part. - Sem Setor Principal,PRIVADO HOLDING,SP
CANCELADA,PLAY BEVERAGE SOUTH AMERICA SA,ITAJAÍ,12.610.072/0001-30,Emp. Adm. Part. - Sem Setor Principal,PRIVADO,SC
CANCELADA,EKOPARKING SA,CURITIBA,12.610.097/0001-33,Emp. Adm. Part. - Sem Setor Principal,PRIVADO,PR
CANCELADA,INTERCOSMETIC HOLDING S/A,CURITIBA,12.610.116/0001-21,Emp. Adm. Part. - Farmacêutico e Higiene,PRIVADO,PR
CANCELADA,ATLETAS BRASILEIROS S/A,CURITIBA,12.610.165/0001-64,Brinquedos e Lazer,PRIVADO,PR
CANCELADA,BRASIL PLURAL SECURITIZADORA S.A.,SÃO PAULO,12.610.764/0001-88,Securitização de Recebíveis,PRIVADO HOLDING,SP
CANCELADA,COMPANHIA FERRÍFERA BRASILEIRA S.A.,CURITIBA,12.646.054/0001-08,Emp. Adm. Part. - Extração Mineral,PRIVADO,PR
ATIVO,AMBIPAR PARTICIPAÇÕES E EMPREENDIMENTOS S.A.,SÃO PAULO,12.648.266/0001-24,"Saneamento, Serv. Água e Gás",PRIVADO,SP
ATIVO,HIDROVIAS DO BRASIL S.A.,SÃO PAULO,12.648.327/0001-53,Serviços Transporte e Logística,PRIVADO,SP
CANCELADA,PATMOS PARTICIPAÇÕES S/A,SÃO PAULO,12.668.780/0001-21,Emp. Adm. Part. - Sem Setor Principal,PRIVADO HOLDING,SP
CANCELADA,EGEU PARTICIPAÇÕES SA,SÃO PAULO,12.668.792/0001-56,Emp. Adm. Part. - Sem Setor Principal,PRIVADO HOLDING,SP
CANCELADA,HRH ILHA DO SOL EMPREENDIMENTOS IMOBILIÁRIOS SPE S/A,SERTANEJA,12.827.269/0001-25,Hospedagem e Turismo,PRIVADO,PR
CANCELADA,TCP - TERMINAL DE CONTÊINERES DE PARANAGUÁ S.A.,PARANAGUÁ,12.919.786/0001-24,Serviços Transporte e Logística,PRIVADO,PR
CANCELADA,FORTE SECURITIZADORA S.A.,SÃO PAULO,12.979.898/0001-70,Securitização de Recebíveis,PRIVADO,SP
CANCELADA,BOMPRECO SA SUPERMERCADO DO NE,RECIFE,13.004.510/0001-89,Comércio (Atacado e Varejo),PRIVADO,PE
CANCELADA,BBC ADM E PARTICIPAÇÃO-EM LIQUIDAÇÃO ORDINÁRIA,GOIÂNIA,13.004.577/0001-13,Emp. Adm. Part. - Sem Setor Principal,PRIVADO,GO
CANCELADA,BCO CREDIPLAN SA,SÃO PAULO,13.007.703/0001-93,Bancos,PRIVADO,SP
ATIVO,BANCO DO ESTADO DE SERGIPE SA,ARACAJU,13.009.717/0001-46,Bancos,ESTATAL,SE
CANCELADA,NORCON SOCIEDADE NORDESTINA DE CONSTRUCÕES S/A,ARACAJU,13.015.151/0001-65,"Construção Civil, Mat. Constr. e Decoração",PRIVADO,SE
ATIVO,ENERGISA SERGIPE - DISTRIBUIDORA DE ENERGIA S/A,ARACAJU,13.017.462/0001-63,Energia Elétrica,PRIVADO,SE
CANCELADA,CERAMICA SANTA MARCIA SA,ARACAJU,13.034.863/0001-21,Extração Mineral,PRIVADO,SE
CANCELADA,CURTUME INDL NE B SA CURTINBRA,PORTO ALEGRE,13.073.580/0001-99,Têxtil e Vestuário,PRIVADO,RS
ATIVO,GRUPO SBF S.A.,SÃO PAULO,13.217.485/0001-11,Comércio (Atacado e Varejo),PRIVADO HOLDING,SP
ATIVO,KORA SAÚDE PARTICIPAÇÕES S.A.,VITÓRIA,13.270.520/0001-66,Serviços Médicos,PRIVADO,ES
CANCELADA,VIGOR ALIMENTOS S.A.,SÃO PAULO,13.324.184/0001-97,Emp. Adm. Part. - Alimentos,PRIVADO,SP
CANCELADA,REIT SECURITIZADORA S.A.,RIO DE JANEIRO,13.349.677/0001-81,Securitização de Recebíveis,PRIVADO,RJ
CANCELADA,HARPIA ÔMEGA PARTICIPAÇÕES S.A.,SÃO PAULO,13.407.573/0001-86,Emp. Adm. Part. - Sem Setor Principal,PRIVADO HOLDING,SP
CANCELADA,ISOLUX INFRASTRUCTURE SA,SÃO PAULO,13.407.617/0001-78,Energia Elétrica,ESTRANGEIRO,SP
ATIVO,MLOG S.A.,RIO DE JANEIRO,13.444.994/0001-87,Emp. Adm. Part. - Sem Setor Principal,PRIVADO,RJ
CANCELADA,RIVA INCORPORADORA S/A,BELO HORIZONTE,13.457.942/0001-45,"Construção Civil, Mat. Constr. e Decoração",PRIVADO,MG
CANCELADA,BRASIL SECURITIZADORA S.A.,GUARAMIRIM,13.483.537/0001-00,Securitização de Recebíveis,PRIVADO,SC
CANCELADA,FRUTOS TROPICAIS SA,ESTÂNCIA,13.504.691/0001-02,Alimentos,PRIVADO,SE
CANCELADA,SAFIRA HOLDING S.A.,BARUERI,13.522.948/0001-59,Emp. Adm. Part. - Energia Elétrica,PRIVADO,SP
CANCELADA,SISAL BAHIA HOTEIS TURISMO SA,SALVADOR,13.539.713/0001-70,Hospedagem e Turismo,PRIVADO,BA
CANCELADA,POLIALDEN PETROQUIMICA SA,CAMAÇARI,13.545.769/0001-37,Petroquímicos e Borracha,PRIVADO,BA
CANCELADA,ACRINOR ACRILONITRILA DO NE SA,CAMAÇARI,13.546.353/0001-33,Petroquímicos e Borracha,PRIVADO,BA
CANCELADA,PRONOR PETROQUIMICA SA,SIMÕES FILHO,13.552.070/0001-02,Emp. Adm. Part. - Embalagens,PRIVADO,BA
CANCELADA,NITROCARBONO SA,CAMAÇARI,13.558.218/0001-08,Petroquímicos e Borracha,PRIVADO,BA
CANCELADA,TRIKEM SA,CAMAÇARI,13.558.226/0001-54,Petroquímicos e Borracha,PRIVADO,BA
CANCELADA,EDN ESTIRENO DO NORDESTE SA,CAMAÇARI,13.565.502/0001-01,Petroquímicos e Borracha,ESTRANGEIRO,BA
ATIVO,ZAMP S.A.,SÃO PAULO,13.574.594/0001-96,Alimentos,PRIVADO,SP
CANCELADA,ITAPARICA SA EMPREEND TURIST,MATÃO,13.575.295/0001-76,Hospedagem e Turismo,PRIVADO HOLDING,SP
CANCELADA,ECONOMICO SA EMPREENDIMENTOS,CAMAÇARI,13.587.050/0001-69,Emp. Adm. Participações,PRIVADO,BA
CANCELADA,POLITENO IND E COMERCIO SA,CAMAÇARI,13.603.683/0001-13,Petroquímicos e Borracha,PRIVADO,BA
CANCELADA,POLIPROPILENO SA,MAUÁ,13.604.087/0001-58,Petroquímicos e Borracha,PRIVADO,SP
CANCELADA,BAHEMA AGROPECUARIA SA,SALVADOR,13.605.696/0001-21,"Agricultura (Açúcar, Álcool e Cana)",PRIVADO,BA
CANCELADA,NORDEQ EQUIPS INDLS DO NE SA,SIMÕES FILHO,13.606.611/0001-20,Metalurgia e Siderurgia,PRIVADO,BA
CANCELADA,QGN PARTICIPAÇÕES SA,FEIRA DE SANTANA,13.608.583/0001-80,Emp. Adm. Part. - Petroquímicos e Borracha,PRIVADO,BA
CANCELADA,TECNO WASTE S.A.,CURITIBA,13.720.879/0001-98,Emp. Adm. Part. - Sem Setor Principal,PRIVADO,PR
CANCELADA,ATIVOS BRASILEIROS S.A.,CURITIBA,13.720.918/0001-57,Emp. Adm. Part. - Sem Setor Principal,PRIVADO,PR
CANCELADA,BRASIL TRAVEL TURISMO E PARTICIPAÇÕES S/A,SÃO PAULO,13.776.362/0001-10,Emp. Adm. Part. - Hospedagem e Turismo,PRIVADO HOLDING,SP
ATIVO,MADERO INDÚSTRIA E COMÉRCIO S.A.,PONTA GROSSA,13.783.221/0004-78,Alimentos,PRIVADO,PR
CANCELADA,ELEKEIROZ S/A,VÁRZEA PAULISTA,13.788.120/0001-47,Petroquímicos e Borracha,PRIVADO,SP
CANCELADA,CIA QUIMICA METACRIL,CANDEIAS,13.837.489/0001-00,Petroquímicos e Borracha,PRIVADO,BA
CANCELADA,PERDIZES - SECURITIZADORA DE RECEBÍVEIS COMERCIAIS S.A.,SÃO PAULO,13.878.847/0001-15,Securitização de Recebíveis,PRIVADO,SP
CANCELADA,SEABRAS SERVIÇOS DE PETROLEO S/A,RIO DE JANEIRO,14.042.551/0001-22,Petróleo e Gás,PRIVADO,RJ
CANCELADA,OXITENO NORDESTE SA INDÚSTRIA E COMÉRCIO,CAMAÇARI,14.109.664/0001-06,Petroquímicos e Borracha,PRIVADO,BA
ATIVO,MELIUZ S.A.,SÃO BERNARDO DO CAMPO,14.110.585/0001-07,Comunicação e Informática,PRIVADO,SP
ATIVO,ARANDU INVESTIMENTOS S.A.,SÃO PAULO,14.127.813/0001-51,Emp. Adm. Part. - Intermediação Financeira,PRIVADO,SP
CANCELADA,KAUFMANN CACAU INDL E COML SA,ILHÉUS,14.164.438/0001-10,Alimentos,PRIVADO,BA
CANCELADA,GRANBIO INVESTIMENTOS S.A.,SÃO PAULO,14.191.427/0001-29,"Emp. Adm. Part. - Agricultura (Açúcar, Álcool e Cana)",PRIVADO,SP
CANCELADA,NISA PARTICIPAÇÕES SA,SÃO PAULO,14.200.537/0001-00,Emp. Adm. Part. - Sem Setor Principal,PRIVADO HOLDING,SP
CANCELADA,NAOMI PARTICIPAÇÕES SA,SÃO PAULO,14.200.586/0001-42,Emp. Adm. Part. - Sem Setor Principal,PRIVADO HOLDING,SP
CANCELADA,BELEZA PARTICIPAÇÕES SA,SÃO PAULO,14.200.618/0001-00,Emp. Adm. Part. - Sem Setor Principal,PRIVADO HOLDING,SP
CANCELADA,NOAH PARTICIPAÇÕES SA,SÃO PAULO,14.200.699/0001-48,Emp. Adm. Part. - Sem Setor Principal,PRIVADO HOLDING,SP
CANCELADA,BR TOWERS SPE1 S.A.,SÃO PAULO,14.206.371/0001-39,"Máquinas, Equipamentos, Veículos e Peças",PRIVADO,SP
ATIVO,"BRAZIL TOWER, CESSÃO DE INFRA-ESTRUTURAS S.A",NOVA LIMA,14.292.540/0001-09,Telecomunicações,PRIVADO HOLDING,MG
CANCELADA,PARTICIPAÇÕES INDUST. DO NORDESTE S.A.,SALVADOR,14.308.514/0001-13,Emp. Adm. Part. - Sem Setor Principal,PRIVADO HOLDING,BA
CANCELADA,FONTAINE VILLE PARTICIPAÇÕES S/A,SÃO PAULO,14.333.683/0001-03,Securitização de Recebíveis,PRIVADO,SP
ATIVO,PARANA BANCO S.A.,CURITIBA,14.388.334/0001-99,Bancos,PRIVADO,PR
CANCELADA,TERMINAL QUIM ARATU SA,SANTO ANDRÉ,14.688.220/0001-64,Serviços Transporte e Logística,PRIVADO,SP
ATIVO,WESTWING COMÉRCIO VAREJISTA S.A.,SÃO PAULO,14.776.142/0001-50,Comércio (Atacado e Varejo),PRIVADO,SP
ATIVO,HBR REALTY EMPREENDIMENTOS IMOBILIÁRIOS S.A.,MOGI DAS CRUZES,14.785.152/0001-51,"Construção Civil, Mat. Constr. e Decoração",PRIVADO,SP
CANCELADA,ENGELHART CTP (BRASIL) S.A.,SÃO PAULO,14.796.754/0001-04,"Agricultura (Açúcar, Álcool e Cana)",PRIVADO,SP
ATIVO,SANSUY SA INDÚSTRIA  DE PLASTICOS,CAMAÇARI,14.807.945/0001-24,Petroquímicos e Borracha,PRIVADO,BA
CANCELADA,GAIA IMPACTO SECURITIZADORA S.A.,SÃO PAULO,14.876.090/0001-93,Securitização de Recebíveis,PRIVADO,SP
ATIVO,CBO HOLDING S.A.,NITERÓI,14.882.295/0001-81,Emp. Adm. Part. - Petróleo e Gás,PRIVADO,RJ
CANCELADA,FRIGOL FOODS PARTICIPAÇÕES S.A.,SÃO PAULO,14.962.356/0001-10,Emp. Adm. Part. - Sem Setor Principal,PRIVADO HOLDING,SP
CANCELADA,RIO MONSARÁS PARTICIPAÇÕES S/A,RIO DE JANEIRO,14.969.641/0001-63,Energia Elétrica,PRIVADO HOLDING,RJ
ATIVO,J. MACEDO S/A,FORTALEZA,14.998.371/0001-19,Alimentos,PRIVADO,CE
CANCELADA,AVAL SECURITIZADORA DE CREDITOS S.A.,CUIABÁ,15.011.696/0001-29,Securitização de Recebíveis,PRIVADO,MT
CANCELADA,SANTISTA TEXTIL SA,SÃO PAULO,15.082.688/0001-73,Têxtil e Vestuário,PRIVADO,SP
ATIVO,CONCESSIONARIA ECOVIAS DO ARAGUAIA S.A.,ANÁPOLIS,15.090.690/0001-94,Serviços Transporte e Logística,PRIVADO,GO
CANCELADA,USINA SIDERURGICA DA BAHIA,PORTO ALEGRE,15.101.298/0001-01,Metalurgia e Siderurgia,PRIVADO,RS
CANCELADA,CORRÊA RIBEIRO S/A COMÉRCIO E INDÚSTRIA,SALVADOR,15.101.405/0001-93,"Construção Civil, Mat. Constr. e Decoração",PRIVADO HOLDING,BA
CANCELADA,NOVA ALIANCA SA,AMÉLIA RODRIGUES,15.101.520/0001-68,"Agricultura (Açúcar, Álcool e Cana)",PRIVADO,BA
CANCELADA,ECONOMICO SA ARREND MERCANTIL,SÃO PAULO,15.102.080/0001-63,Arrendamento Mercantil,PRIVADO,SP
CANCELADA,CONSTRUTORA NORBERTO ODEBRECHT S.A.,RIO DE JANEIRO,15.102.288/0001-82,"Construção Civil, Mat. Constr. e Decoração",PRIVADO,RJ
CANCELADA,IND BAHIANA DE LAJES SA,SALVADOR,15.102.692/0001-56,"Construção Civil, Mat. Constr. e Decoração",PRIVADO,BA
CANCELADA,CONCIC ENGENHARIA SA,SALVADOR,15.103.039/0001-01,"Construção Civil, Mat. Constr. e Decoração",PRIVADO,BA
CANCELADA,CRESAL EXP SA IND E COMERCIO,SALVADOR,15.104.060/0001-21,Comércio Exterior,PRIVADO,BA
CANCELADA,CIA SEGUROS BAHIA,RIO DE JANEIRO,15.104.490/0001-43,Seguradoras e Corretoras,PRIVADO,RJ
CANCELADA,SA MINERACAO DE AMIANTO,SÃO PAULO,15.104.599/0001-80,Extração Mineral,PRIVADO,SP
CANCELADA,ODEBRECHT SA,SALVADOR,15.105.588/0001-15,Emp. Adm. Participações,PRIVADO,BA
CANCELADA,CIQUINE CIA INDS QUIMS DO NE,CAMAÇARI,15.106.693/0001-79,Petroquímicos e Borracha,PRIVADO,BA
CANCELADA,CCC CIA DE CARBONOS COLOIDAIS,HORIZONTE,15.109.739/0001-03,Petroquímicos e Borracha,PRIVADO,CE
CANCELADA,ARMAZENS GERAIS EMPR UNIAO SA,SALVADOR,15.109.747/0001-50,Serviços Transporte e Logística,PRIVADO,BA
CANCELADA,BANCO BOCOM BBM S.A.,SALVADOR,15.114.366/0001-69,Bancos,PRIVADO,BA
ATIVO,CORREDOR LOGÍSTICA E INFRAESTRUTURA S.A.,SÃO PAULO,15.114.494/0001-02,Serviços Transporte e Logística,PRIVADO,SP
ATIVO,TRONOX PIGMENTOS DO BRASIL S.A.,CAMAÇARI,15.115.504/0001-24,Petroquímicos e Borracha,PRIVADO HOLDING,BA
CANCELADA,CIMBA SA INDUSTRIA E COMERCIO,SALVADOR,15.115.520/0001-17,Metalurgia e Siderurgia,PRIVADO,BA
CANCELADA,IRPESA SA IND METALURGICA,SALVADOR,15.121.064/0001-18,Metalurgia e Siderurgia,PRIVADO,BA
CANCELADA,BANCO BESA SA,SÃO PAULO,15.124.464/0001-87,Bancos,PRIVADO,SP
CANCELADA,BARRETTO ARAUJO PROD CACAU SA,SALVADOR,15.125.339/0001-91,Alimentos,PRIVADO,BA
CANCELADA,IND AZULEJOS BAHIA SA,CAMAÇARI,15.126.626/0001-16,"Construção Civil, Mat. Constr. e Decoração",PRIVADO,BA
CANCELADA,PAES MENDONCA SA,RIO DE JANEIRO,15.132.731/0001-68,Comércio (Atacado e Varejo),PRIVADO,RJ
CANCELADA,TELECOMUNICAÇÕES BAHIA SA,SALVADOR,15.137.276/0001-93,Telecomunicações,PRIVADO,BA
ATIVO,CIA DE ELETRICIDADE DO ESTADO DA BAHIA - COELBA,SALVADOR,15.139.629/0001-94,Energia Elétrica,PRIVADO HOLDING,BA
ATIVO,CIA FERRO LIGAS BAHIA FERBASA,POJUCA,15.141.799/0001-03,Metalurgia e Siderurgia,PRIVADO,BA
CANCELADA,BANCO BANEB SA,SÃO PAULO,15.142.490/0001-38,Bancos,PRIVADO,SP
CANCELADA,CIA SEGUROS ALIANCA DA BAHIA,SALVADOR,15.144.017/0001-90,Seguradoras e Corretoras,PRIVADO,BA
CANCELADA,SIBRA ELETROSIDERURGICA BRASILEIRA SA (atual Rio Doce Manganês S/A),SIMÕES FILHO,15.144.306/0001-99,Metalurgia e Siderurgia,PRIVADO,BA
CANCELADA,"POLIFLEX DA BAHIA S.A INDUSTRIA, COMERCIO E EXPORTAÇÃO",SALVADOR,15.145.691/0001-99,Petroquímicos e Borracha,PRIVADO,BA
CANCELADA,FAB VASELINA DA BAHIA SA,SIMÕES FILHO,15.147.507/0001-40,Petroquímicos e Borracha,PRIVADO,BA
CANCELADA,BANCO DESENV ESTADO BAHIA SA,SALVADOR,15.163.587/0001-27,Bancos,ESTATAL,BA
CANCELADA,ALFA NORDESTE SA INDUSTRIA DO VESTUARIO,SALVADOR,15.167.984/0001-77,Têxtil e Vestuário,PRIVADO,BA
CANCELADA,RHODIA-STER FIPACK SA,SÃO PAULO,15.179.682/0001-19,Têxtil e Vestuário,PRIVADO,SP
CANCELADA,IND BEBS ANTARCTICA NORTE-NORDESTE SA,CAMAÇARI,15.182.652/0001-61,Bebidas e Fumo,PRIVADO,BA
CANCELADA,BACRAFT SA INDUSTRIA DE PAPEL,SANTO AMARO,15.195.464/0001-78,Papel e Celulose,PRIVADO,BA
CANCELADA,CBV NORDESTE IND MECANICA SA,SIMÕES FILHO,15.213.143/0001-59,"Máquinas, Equipamentos, Veículos e Peças",PRIVADO,BA
CANCELADA,CIA PNEUS TROPICAL,FEIRA DE SANTANA,15.213.374/0001-62,Petroquímicos e Borracha,PRIVADO,BA
CANCELADA,MELAMINA ULTRA S.A. INDÚSTRIA  QUÍMICA,SÃO PAULO,15.217.433/0001-70,Petroquímicos e Borracha,PRIVADO,SP
CANCELADA,CIA CIMENTO SALVADOR,SALVADOR,15.218.084/0001-01,Extração Mineral,PRIVADO,BA
CANCELADA,CARAIBA METAIS SA,DIAS D'ÁVILA,15.224.488/0001-08,Metalurgia e Siderurgia,PRIVADO,BA
CANCELADA,CAPITALE SECURITIZADORA DE CREDITO S.A.,CURITIBA,15.229.110/0001-05,Securitização de Recebíveis,PRIVADO,PR
CANCELADA,RIB SA,RIO DE JANEIRO,15.232.127/0001-03,Extração Mineral,PRIVADO,RJ
CANCELADA,CBV EQUIPAMENTOS INDS SA,SIMÕES FILHO,15.234.115/0001-18,"Máquinas, Equipamentos, Veículos e Peças",PRIVADO,BA
CANCELADA,BAHIA OTHON PALACE HOTEL SA,SALVADOR,15.258.023/0001-78,Hospedagem e Turismo,PRIVADO,BA
CANCELADA,NASA SECURITIZADORA S.A.,CUIABÁ,15.377.572/0001-61,Securitização de Recebíveis,PRIVADO,MT
ATIVO,EQUIPAV SANEAMENTO S.A.,SÃO PAULO,15.385.166/0001-40,"Saneamento, Serv. Água e Gás",PRIVADO,SP
ATIVO,ENERGISA MATO GROSSO DO SUL - DIST DE ENERGIA S.A.,CAMPO GRANDE,15.413.826/0001-50,Energia Elétrica,PRIVADO,MS
ATIVO,CONCESSIONÁRIA VIARIO S.A.,RIO DE JANEIRO,15.440.708/0001-30,Emp. Adm. Part. - Serviços Transporte e Logística,PRIVADO,RJ
CANCELADA,JP PARTICIPAÇÕES S.A.,SÃO PAULO,15.463.423/0001-15,Emp. Adm. Part. - Telecomunicações,PRIVADO,SP
CANCELADA,BPMB I PARTICIPAÇÕES S.A.,SÃO PAULO,15.483.430/0001-89,Emp. Adm. Part. - Sem Setor Principal,PRIVADO HOLDING,SP
ATIVO,ECO101 CONCESSIONÁRIA DE RODOVIAS S.A.,SERRA,15.484.093/0001-44,Serviços Transporte e Logística,PRIVADO,ES
CANCELADA,SALUS INFRAESTRUTURA PORTUÁRIA S.A.,SÃO PAULO,15.494.541/0001-90,"Construção Civil, Mat. Constr. e Decoração",PRIVADO,SP
CANCELADA,BIOSEV S.A.,SÃO PAULO,15.527.906/0001-36,"Agricultura (Açúcar, Álcool e Cana)",ESTRANGEIRO HOLDING,SP
ATIVO,CONC. DO AEROPORTO INTERNACIONAL DE GUARULHOS S.A.,GUARULHOS,15.578.569/0001-06,Serviços Transporte e Logística,PRIVADO,SP
CANCELADA,COPENE PARTICIPAÇÕES S/A,CAMAÇARI,15.660.004/0001-73,Emp. Adm. Participações,PRIVADO HOLDING,BA
CANCELADA,KIEPPE INVESTIMENTOS SA,SALVADOR,15.661.374/0001-25,Emp. Adm. Participações,PRIVADO,BA
CANCELADA,HOUSI S.A.,SÃO PAULO,15.675.715/0001-11,"Emp. Adm. Part. - Const. Civil, Mat. Const. e Decoração",PRIVADO,SP
CANCELADA,MBK SECURITIZADORA S/A,BELO HORIZONTE,15.688.041/0001-90,Securitização de Recebíveis,PRIVADO,MG
CANCELADA,CIMENTO ARATU SA,SÃO PAULO,15.847.775/0001-74,Extração Mineral,PRIVADO,SP
CANCELADA,IND PAPEIS SANTO AMARO SA,SANTO AMARO,15.891.435/0001-40,Papel e Celulose,PRIVADO,BA
CANCELADA,SMILES S.A.,BARUERI,15.912.764/0001-20,Comércio (Atacado e Varejo),PRIVADO,SP
CANCELADA,AR CAPITAL SECURITIES COMPANHIA SECURITIZADORA S.A.,PAULÍNIA,15.914.972/0001-69,Securitização de Recebíveis,PRIVADO,SP
CANCELADA,FINPAR PARTICIPAÇÕES S.A.,RIO DE JANEIRO,16.103.773/0001-33,Emp. Adm. Part. - Intermediação Financeira,PRIVADO HOLDING,RJ
ATIVO,CVLB BRASIL S.A.,RIO DE JANEIRO,16.233.389/0001-55,Comércio (Atacado e Varejo),PRIVADO,RJ
ATIVO,METANOR SA METANOL DO NE,CAMAÇARI,16.234.171/0001-15,Petroquímicos e Borracha,PRIVADO,BA
CANCELADA,MOTO PECAS TRANSMISSOES SA,SOROCABA,16.236.440/0001-82,"Máquinas, Equipamentos, Veículos e Peças",PRIVADO,SP
ATIVO,SUZANO S.A.,SALVADOR,16.404.287/0001-55,Papel e Celulose,PRIVADO,BA
CANCELADA,POLITENO LINEAR IND E COM SA,CAMAÇARI,16.490.039/0001-74,Petroquímicos e Borracha,PRIVADO,BA
CANCELADA,MINASFER S/A,BELO HORIZONTE,16.518.649/0001-39,Metalurgia e Siderurgia,PRIVADO,MG
ATIVO,AZZAS 2154 S.A.,BELO HORIZONTE,16.590.234/0001-76,Têxtil e Vestuário,PRIVADO,MG
ATIVO,DIRECIONAL ENGENHARIA SA,BELO HORIZONTE,16.614.075/0001-00,"Construção Civil, Mat. Constr. e Decoração",PRIVADO HOLDING,MG
ATIVO,LOCALIZA RENT A CAR SA,BELO HORIZONTE,16.670.085/0001-55,Serviços Transporte e Logística,PRIVADO,MG
ATIVO,HOSPITAL MATER DEI S.A.,BELO HORIZONTE,16.676.520/0001-59,Serviços Médicos,PRIVADO,MG
CANCELADA,CIA FABRIL MASCARENHAS,ALVINÓPOLIS,16.718.231/0001-75,Têxtil e Vestuário,PRIVADO,MG
ATIVO,ALPHAVILLE S.A.,SÃO PAULO,16.811.931/0001-00,"Construção Civil, Mat. Constr. e Decoração",PRIVADO,SP
CANCELADA,XP INVESTIMENTOS S/A,RIO DE JANEIRO,16.838.421/0001-26,Emp. Adm. Part. - Sem Setor Principal,PRIVADO,RJ
CANCELADA,BIOBRAS SA,MONTES CLAROS,16.921.603/0001-66,Farmacêutico e Higiene,PRIVADO,MG
ATIVO,ENJOEI S.A.,SÃO PAULO,16.922.038/0001-51,Comércio (Atacado e Varejo),PRIVADO,SP
CANCELADA,M ROSCOE SA ENG IND E COMERCIO,BELO HORIZONTE,17.155.151/0001-11,"Construção Civil, Mat. Constr. e Decoração",PRIVADO,MG
ATIVO,CIA ENERG MINAS GERAIS - CEMIG,BELO HORIZONTE,17.155.730/0001-64,Energia Elétrica,ESTATAL,MG
CANCELADA,BANCO REAL SA,SÃO PAULO,17.156.514/0001-33,Bancos,PRIVADO,SP
CANCELADA,ADUBOS VIANNA SA INDUSTRIA E COMERCIO,COTIA,17.157.215/0001-13,Petroquímicos e Borracha,PRIVADO,SP
CANCELADA,ICAL IND DE CALCINACAO SA,BELO HORIZONTE,17.157.264/0001-56,Extração Mineral,PRIVADO,MG
CANCELADA,BANCO NACIONAL S.A. - EM LIQUIDAÇÃO EXTRAJUDICIAL,RIO DE JANEIRO,17.157.777/0001-67,Bancos,PRIVADO,RJ
CANCELADA,USINAS SIDERURGICAS DE MG SA,BELO HORIZONTE,17.157.850/0001-09,Metalurgia e Siderurgia,PRIVADO,MG
CANCELADA,CEESA-CONST.ESTRADAS ESTR. SA,BELO HORIZONTE,17.158.536/0001-32,"Construção Civil, Mat. Constr. e Decoração",PRIVADO,MG
ATIVO,FIACAO E TECELAGEM SAO JOSE S/A - EM RECUPERAÇÃO JUDICIAL,RECIFE,17.159.005/0001-64,Têxtil e Vestuário,PRIVADO,PE
ATIVO,LABORATÓRIO TEUTO BRASILEIRO S.A.,ANÁPOLIS,17.159.229/0001-76,Farmacêutico e Higiene,PRIVADO,GO
ATIVO,MINASMAQUINAS SA,CONTAGEM,17.161.241/0001-15,"Máquinas, Equipamentos, Veículos e Peças",PRIVADO HOLDING,MG
CANCELADA,CIA INDUSTRIAL BELO HORIZONTE,BELO HORIZONTE,17.161.316/0001-68,Têxtil e Vestuário,PRIVADO,MG
ATIVO,MENDES JUNIOR ENGENHARIA SA,BELO HORIZONTE,17.162.082/0001-73,"Construção Civil, Mat. Constr. e Decoração",PRIVADO,MG
CANCELADA,EMPRESA BRASILEIRA DE ENGENHARIA E COMÉRCIO S.A. EBEC,BELO HORIZONTE,17.162.280/0001-37,Serviços Transporte e Logística,PRIVADO,MG
CANCELADA,LIDER TAXI AEREO SA,BELO HORIZONTE,17.162.579/0001-91,Serviços Transporte e Logística,PRIVADO,MG
CANCELADA,SIT SOC DE INSTALACOES TECS SA,BELO HORIZONTE,17.165.036/0001-28,"Construção Civil, Mat. Constr. e Decoração",PRIVADO,MG
CANCELADA,CIA BANDEIRANTES CFI,SÃO PAULO,17.167.362/0001-74,Bancos,PRIVADO,SP
ATIVO,ALFA HOLDINGS S.A.,SÃO PAULO,17.167.396/0001-69,Emp. Adm. Part. - Intermediação Financeira,PRIVADO HOLDING,SP
CANCELADA,FINANCEIRA ALFA S.A.- C.F.I,SÃO PAULO,17.167.412/0001-13,Bancos,PRIVADO,SP
CANCELADA,VALLOUREC & MANNESMANN TUBES - V & M DOBRASIL,BELO HORIZONTE,17.170.150/0001-46,Metalurgia e Siderurgia,ESTRANGEIRO,MG
CANCELADA,COEMP COMERCIO E EMPREEND SA,BELO HORIZONTE,17.174.418/0001-18,"Construção Civil, Mat. Constr. e Decoração",PRIVADO,MG
CANCELADA,COMERCIAL IMPORTADORA SA,BELO HORIZONTE,17.177.973/0001-01,"Máquinas, Equipamentos, Veículos e Peças",PRIVADO,MG
CANCELADA,SA MINERACAO DA TRINDADE,BELO HORIZONTE,17.179.391/0001-56,Extração Mineral,PRIVADO,MG
CANCELADA,BCO MAISONNAVE DE INV SA,PORTO ALEGRE,17.180.399/0001-32,Bancos,PRIVADO,RS
ATIVO,BANCO MERCANTIL BRASIL SA,BELO HORIZONTE,17.184.037/0001-10,Bancos,PRIVADO,MG
CANCELADA,TELECOMUNICAÇÕES MINAS GERAIS SA,BELO HORIZONTE,17.184.201/0001-99,Telecomunicações,PRIVADO,MG
CANCELADA,CONSORCIO ALFA DE ADMINISTRACAO S.A,SÃO PAULO,17.193.806/0001-46,Emp. Adm. Part. - Intermediação Financeira,PRIVADO HOLDING,SP
CANCELADA,CIA SEGUROS MINAS BRASIL,BELO HORIZONTE,17.197.385/0001-21,Seguradoras e Corretoras,PRIVADO,MG
CANCELADA,LIGAS DE ALUMINIO SA LIASA,PIRAPORA,17.221.771/0001-01,Metalurgia e Siderurgia,PRIVADO,MG
ATIVO,FTL - FERROVIA TRANSNORDESTINA LOGÍSTICA S.A.,FORTALEZA,17.234.244/0001-31,Serviços Transporte e Logística,PRIVADO,CE
CANCELADA,SERMECO SERV MEC ENG CONST SA,BELO HORIZONTE,17.244.161/0001-23,"Construção Civil, Mat. Constr. e Decoração",PRIVADO,MG
ATIVO,COMPANHIA DE FIACAO E TECIDOS CEDRO E CACHOEIRA,BELO HORIZONTE,17.245.234/0001-00,Têxtil e Vestuário,PRIVADO,MG
CANCELADA,BRAFER INDL SA PRODS SIDERURG,CONTAGEM,17.246.695/0001-99,Metalurgia e Siderurgia,PRIVADO,MG
CANCELADA,CONVAP ENG CONSTRUCOES SA,BELO HORIZONTE,17.250.986/0001-50,"Construção Civil, Mat. Constr. e Decoração",PRIVADO,MG
CANCELADA,CONST ANDRADE GUTIERREZ SA,BELO HORIZONTE,17.262.213/0001-94,"Construção Civil, Mat. Constr. e Decoração",PRIVADO,MG
ATIVO,COMPANHIA DE SANEAMENTO DE MINAS GERAIS,BELO HORIZONTE,17.281.106/0001-03,"Saneamento, Serv. Água e Gás",ESTATAL,MG
CANCELADA,CIMENTO CAUE SA,BELO HORIZONTE,17.283.599/0001-10,Extração Mineral,PRIVADO,MG
CANCELADA,BANCO ITAU BBA  S.A.,SÃO PAULO,17.298.092/0001-30,Bancos,ESTRANGEIRO,SP
ATIVO,INTERNATIONAL MEAL COMPANY ALIMENTAÇÃO S.A.,SÃO PAULO,17.314.329/0001-20,Alimentos,PRIVADO,SP
CANCELADA,IND BEBS ANTARCTICA MG SA,VESPASIANO,17.317.686/0001-41,Bebidas e Fumo,PRIVADO,MG
ATIVO,BB SEGURIDADE PARTICIPAÇÕES S.A.,BRASÍLIA,17.344.597/0001-94,Emp. Adm. Part. - Seguradoras e Corretoras,ESTATAL,DF
CANCELADA,COSAN LOGÍSTICA S.A.,SÃO PAULO,17.346.997/0001-39,Serviços Transporte e Logística,PRIVADO HOLDING,SP
ATIVO,TECIDOS E ARMARINHOS MIGUEL BARTOLOMEU S.A.,CONTAGEM,17.359.233/0001-88,Comércio (Atacado e Varejo),PRIVADO,MG
CANCELADA,CIMETAL SIDERURGIA SA - EM LIQUIDAÇÃO,BELO HORIZONTE,17.379.827/0001-50,Metalurgia e Siderurgia,PRIVADO,MG
CANCELADA,BOCAIUVA TEXTIL SA,BOCAIÚVA,17.387.473/0001-96,Têxtil e Vestuário,PRIVADO,MG
CANCELADA,MINAS INV SA EMPR ADM ADMINAS,BELO HORIZONTE,17.496.431/0001-93,Emp. Adm. Participações,PRIVADO,MG
CANCELADA,SCCI - SECURITIZADORA DE CRÉDITOS IMOBILIÁRIOS S.A.,SÃO PAULO,17.568.683/0001-80,Securitização de Recebíveis,PRIVADO,SP
CANCELADA,CONSULT SECURITIZADORA S/A,CURITIBA,17.632.564/0001-40,Securitização de Recebíveis,PRIVADO,PR
ATIVO,GRUPO SALTA EDUCAÇÃO S.A.,RIO DE JANEIRO,17.765.891/0001-70,Emp. Adm. Part. - Educação,PRIVADO,RJ
CANCELADA,ARAFERTIL SA,ARAXÁ,17.805.110/0001-23,Petroquímicos e Borracha,PRIVADO,MG
CANCELADA,FULWOOD S.A.,SÃO PAULO,17.943.792/0001-30,"Construção Civil, Mat. Constr. e Decoração",PRIVADO,SP
CANCELADA,EMBAUBA FLORESTAL SA,SÃO PAULO,17.992.538/0001-22,Reflorestamento,PRIVADO,SP
CANCELADA,ALMEC INDUSTRIAS MECANICA SA,MONTES CLAROS,18.012.393/0001-19,Metalurgia e Siderurgia,PRIVADO,MG
ATIVO,OZN HEALTH SPE S.A.,MANAUS,18.080.368/0001-72,Serviços Médicos,PRIVADO,AM
CANCELADA,INDS ALIMCS ITACOLOMY SA ITASA,MONTES CLAROS,18.135.624/0001-81,Alimentos,ESTRANGEIRO,MG
ATIVO,DOTZ S.A.,SÃO PAULO,18.174.270/0001-84,Comunicação e Informática,PRIVADO HOLDING,SP
CANCELADA,PET CENTER COMÉRCIO E PARTICIPAÇÕES S.A.,SÃO PAULO,18.328.118/0001-09,Comércio (Atacado e Varejo),PRIVADO,SP
CANCELADA,ACOPALMA CIA INDL ACOS V PALMA,VÁRZEA DA PALMA,18.451.005/0001-04,Metalurgia e Siderurgia,PRIVADO,MG
CANCELADA,HUMBERG AGRIBRASIL COMÉRCIO E EXPORTAÇÃO DE GRÃOS S.A,SÃO PAULO,18.483.666/0001-03,Comércio (Atacado e Varejo),PRIVADO,SP
ATIVO,PORTO SUDESTE V.M. S.A.,ITAGUAÍ,18.494.485/0001-82,Emp. Adm. Part. - Serviços Transporte e Logística,PRIVADO,RJ
ATIVO,CONCEBRA - CONCESSIONARIA DAS RODOVIAS CENTRAIS DO BRASIL S.A.,GOIÂNIA,18.572.225/0001-88,Serviços Transporte e Logística,PRIVADO,GO
ATIVO,PRINER SERVIÇOS INDUSTRIAIS S.A.,RIO DE JANEIRO,18.593.815/0001-97,"Construção Civil, Mat. Constr. e Decoração",PRIVADO,RJ
ATIVO,HOLDING DO ARAGUAIA S.A.,SÃO PAULO,18.903.785/0001-78,Serviços Transporte e Logística,PRIVADO HOLDING,SP
CANCELADA,CIA FERRO BRASILEIRO,CAETÉ,18.977.124/0001-97,Metalurgia e Siderurgia,PRIVADO,MG
ATIVO,CHINA THREE GORGES BRASIL ENERGIA S.A.,SÃO PAULO,19.014.221/0001-47,Energia Elétrica,PRIVADO,SP
CANCELADA,RENOVA COMP. SECURITIZ. DE CRÉDITOS FINANC. S.A.,SÃO PAULO,19.133.012/0001-12,Securitização de Recebíveis,PRIVADO,SP
ATIVO,ECO050 - CONCESSIONÁRIA DE RODOVIAS S.A.,UBERLÂNDIA,19.208.022/0001-70,Serviços Transporte e Logística,PRIVADO,MG
CANCELADA,BCBF PARTICIPAÇÕES S.A.,SÃO PAULO,19.276.528/0001-16,Emp. Adm. Part. - Serviços médicos,PRIVADO,SP
CANCELADA,SCCA - SECURITIZADORA DE CRÉDITOS DO AGRONEGÓCIO S.A.,SÃO PAULO,19.288.959/0001-00,Securitização de Recebíveis,PRIVADO,SP
CANCELADA,MGI - MINAS GERAIS PARTICIPAÇÕES S.A.,BELO HORIZONTE,19.296.342/0001-29,Emp. Adm. Part. - Sem Setor Principal,ESTATAL,MG
CANCELADA,INSTITUTO HERMES PARDINI S/A,BELO HORIZONTE,19.378.769/0001-76,Serviços Médicos,PRIVADO,MG
ATIVO,EMCCAMP RESIDENCIAL S.A.,BELO HORIZONTE,19.403.252/0001-90,"Construção Civil, Mat. Constr. e Decoração",PRIVADO,MG
CANCELADA,VALE FERTILIZANTES S.A.,UBERABA,19.443.985/0001-58,Petroquímicos e Borracha,PRIVADO,MG
CANCELADA,SPE AKRO SECURITIZADORA S.A.,RIO DE JANEIRO,19.511.433/0001-30,Securitização de Recebíveis,PRIVADO,RJ
ATIVO,CONCESSIONÁRIA ROTA DO OESTE S.A.,CUIABÁ,19.521.322/0001-04,Serviços Transporte e Logística,PRIVADO,MT
ATIVO,COMPANHIA INDUSTRIAL CATAGUASES,CATAGUASES,19.526.748/0001-50,Têxtil e Vestuário,PRIVADO,MG
ATIVO,COMPANHIA ENERGÉTICA SINOP S.A.,SINOP,19.527.586/0001-75,Energia Elétrica,PRIVADO,MT
ATIVO,ENERGISA MINAS RIO - DISTRIBUIDORA DE ENERGIA S/A,CATAGUASES,19.527.639/0001-58,Energia Elétrica,PRIVADO,MG
ATIVO,CONCESSIONÁRIA DE RODOVIA SUL-MATOGROSSENSE S.A.,CAMPO GRANDE,19.642.306/0001-70,Emp. Adm. Part. - Serviços Transporte e Logística,PRIVADO,MS
CANCELADA,CIA INDUSTRIAL SANTA MATILDE,PETRÓPOLIS,19.711.282/0001-63,"Máquinas, Equipamentos, Veículos e Peças",PRIVADO,RJ
CANCELADA,CONCESSIONÁRIA BR-040 S.A.,NOVA LIMA,19.726.048/0001-00,Serviços Transporte e Logística,PRIVADO HOLDING,MG
CANCELADA,MAGNESITA SA,MONTES CLAROS,19.791.268/0001-17,Extração Mineral,PRIVADO,MG
CANCELADA,BRISANET PARTICIPAÇÕES S.A.,PEREIRO,19.796.586/0001-70,Emp. Adm. Part. - Telecomunicações,PRIVADO,CE
CANCELADA,LOGOS COMPANHIA SECURITIZADORA S/A,CURITIBA,19.851.496/0001-35,Securitização de Recebíveis,PRIVADO,PR
CANCELADA,NOTRE DAME INTERMÉDICA PARTICIPAÇÕES S.A.,SÃO PAULO,19.853.511/0001-84,Emp. Adm. Part. - Serviços médicos,PRIVADO,SP
CANCELADA,SID MICROELETRONICA SA,SÃO PAULO,19.882.497/0001-47,"Máquinas, Equipamentos, Veículos e Peças",PRIVADO,SP
CANCELADA,CIA SID PAINS,DIVINÓPOLIS,20.141.321/0001-13,Metalurgia e Siderurgia,ESTATAL HOLDING,RS
ATIVO,ALLIED TECNOLOGIA S.A.,SÃO PAULO,20.247.322/0001-47,Comércio (Atacado e Varejo),PRIVADO,SP
ATIVO,OUROFINO S.A.,CRAVINHOS,20.258.278/0001-70,Comércio (Atacado e Varejo),PRIVADO,SP
CANCELADA,SEC TWO COMPANHIA SECURITIZADORA DE CRÉDITOS,BLUMENAU,20.445.827/0001-16,Securitização de Recebíveis,PRIVADO,SC
CANCELADA,BLUM COMPANHIA DE SECURITIZAÇÃO DE CRÉDITOS S.A,BARUERI,20.451.953/0001-83,Securitização de Recebíveis,PRIVADO,SP
ATIVO,VITRU EDUCAÇÃO S.A.,SÃO PAULO,20.512.706/0001-40,Educação,PRIVADO HOLDING,SP
ATIVO,ARGO VI TRANSMISSAO DE ENERGIA S.A.,SÃO PAULO,20.514.555/0001-69,Energia Elétrica,PRIVADO HOLDING,SP
ATIVO,ARGO V TRANSMISSAO DE ENERGIA S.A.,SÃO PAULO,20.514.590/0001-88,Energia Elétrica,PRIVADO HOLDING,SP
CANCELADA,TROCAFONE S.A.,SÃO PAULO,20.553.221/0001-02,Comércio (Atacado e Varejo),PRIVADO,SP
CANCELADA,GAIA CRED SECURITIZADORA DE CRÉDITOS FINANCEIROS S.A.,SÃO PAULO,20.646.442/0001-17,Securitização de Recebíveis,PRIVADO,SP
CANCELADA,BRASILINVEST INFORM.TELEC.S/A,SÃO PAULO,20.706.727/0001-04,"Máquinas, Equipamentos, Veículos e Peças",PRIVADO,SP
CANCELADA,SADIA SA,CONCÓRDIA,20.730.099/0001-94,Alimentos,PRIVADO,SC
CANCELADA,ELETROSILEX SA,BELO HORIZONTE,20.789.145/0001-20,Extração Mineral,PRIVADO,MG
CANCELADA,CACHOEIRA VELONORTE,CACHOEIRA DA PRATA,20.933.354/0001-04,Têxtil e Vestuário,PRIVADO,MG
CANCELADA,OLIVEIRA TRUST S.A.,RIO DE JANEIRO,21.110.778/0001-23,Intermediação Financeira,PRIVADO,RJ
ATIVO,AGROGALAXY PARTICIPAÇÕES S.A. - EM RECUPERAÇÃO JUDICIAL,GOIÂNIA,21.240.146/0001-84,Comércio (Atacado e Varejo),PRIVADO,GO
ATIVO,COMPANHIA ITAUNENSE ENERGIA E PARTICIPAÇÕES,ITAÚNA,21.254.073/0001-80,Emp. Adm. Part. - Energia Elétrica,PRIVADO,MG
CANCELADA,ENCALSO PARTICIPAÇÕES EM CONCESSÕES S.A.,SÃO PAULO,21.262.638/0001-70,Emp. Adm. Part. - Sem Setor Principal,PRIVADO HOLDING,SP
ATIVO,MOVIDA PARTICIPAÇÕES S.A.,SÃO PAULO,21.314.559/0001-66,Serviços Transporte e Logística,PRIVADO HOLDING,SP
CANCELADA,CREDGRID SERVIÇOS FINANCEIROS S.A.,SÃO PAULO,21.331.849/0001-18,Emp. Adm. Part. - Intermediação Financeira,PRIVADO,SP
ATIVO,COMPASS GÁS E ENERGIA S.A.,SÃO PAULO,21.389.501/0001-81,"Emp. Adm. Part. - Saneamento, Serv. Água e Gás",PRIVADO,SP
ATIVO,LEADS CIA. SECURITIZADORA,SÃO PAULO,21.414.457/0001-12,Securitização de Recebíveis,PRIVADO,SP
CANCELADA,AGRONORTE SA,BELO HORIZONTE,21.444.765/0001-90,"Agricultura (Açúcar, Álcool e Cana)",PRIVADO,MG
CANCELADA,BANCO CREDITO REAL DE MG SA,BELO HORIZONTE,21.562.962/0001-04,Bancos,ESTATAL,MG
CANCELADA,FORTUNATO SECURITIZADORA S.A.,SÃO PAULO,21.610.416/0001-00,Securitização de Recebíveis,PRIVADO,SP
CANCELADA,ABC DADOS E INFORMATICA SA,SÃO PAULO,21.649.280/0001-33,"Máquinas, Equipamentos, Veículos e Peças",PRIVADO,SP
ATIVO,TRANSMISSORA JOSÉ MARIA DE MACEDO DE ELETRICIDADE S.A.,SÃO PAULO,21.728.083/0001-00,Energia Elétrica,PRIVADO HOLDING,SP
CANCELADA,PACIFIC RDSL PARTICIPAÇÕES S.A.,SÃO PAULO,21.728.500/0001-14,Emp. Adm. Part. - Sem Setor Principal,ESTRANGEIRO,SP
ATIVO,TERP GLBL BRASIL I PARTICIPAÇÕES S.A.,RIO DE JANEIRO,21.748.188/0001-20,Emp. Adm. Part. - Energia Elétrica,PRIVADO,RJ
CANCELADA,GPR - PINHEIRO & RINALDO CAPITAL S.A.,INDAIATUBA,21.903.297/0001-75,Securitização de Recebíveis,PRIVADO,SP
CANCELADA,BTGI QUARTZO PARTICIPAÇÕES S.A.,SÃO PAULO,21.948.105/0001-47,Emp. Adm. Part. - Sem Setor Principal,PRIVADO HOLDING,SP
CANCELADA,RUGE SECURITIZADORA DE CRÉDITOS FINANCEIROS S.A.,SÃO PAULO,21.976.484/0001-89,Securitização de Recebíveis,PRIVADO,SP
CANCELADA,BTGI SAFIRA PARTICIPAÇÕES S.A.,SÃO PAULO,21.976.510/0001-79,Emp. Adm. Part. - Sem Setor Principal,PRIVADO HOLDING,SP
CANCELADA,FINSBURY PARTICIPAÇÕES S.A.,SÃO PAULO,21.987.030/0001-03,Emp. Adm. Part. - Sem Setor Principal,ESTRANGEIRO HOLDING,SP
CANCELADA,FOXFIELD PARTICIPAÇÕES S.A.,SÃO PAULO,21.987.041/0001-93,Emp. Adm. Part. - Sem Setor Principal,ESTRANGEIRO HOLDING,SP
CANCELADA,FOURSTONES PARTICIPAÇÕES S.A.,SÃO PAULO,21.987.053/0001-18,Emp. Adm. Part. - Sem Setor Principal,ESTRANGEIRO HOLDING,SP
CANCELADA,FRIESTON PARTICIPAÇÕES S.A.,SÃO PAULO,21.987.068/0001-86,Emp. Adm. Part. - Sem Setor Principal,ESTRANGEIRO HOLDING,SP
CANCELADA,RR CASA DE INVESTIMENTOS E PARTICIPAÇÕES S.A.,SÃO PAULO,22.131.736/0001-31,Emp. Adm. Part. - Energia Elétrica,PRIVADO,SP
CANCELADA,MULTITEXTIL SA,RIO DE JANEIRO,22.148.316/0001-68,Têxtil e Vestuário,PRIVADO,RJ
ATIVO,CONCESSIONARIA PONTE RIO-NITERÓI S.A. - ECOPONTE,NITERÓI,22.163.297/0001-49,Serviços Transporte e Logística,PRIVADO,RJ
CANCELADA,ELETROSOM S/A - EM RECUPERAÇÃO JUDICIAL,MONTE CARMELO,22.164.990/0001-36,Comércio (Atacado e Varejo),PRIVADO,MG
ATIVO,COMPANHIA DE GÁS DE MINAS GERAIS - GASMIG,BELO HORIZONTE,22.261.473/0001-85,"Saneamento, Serv. Água e Gás",ESTATAL,MG
ATIVO,FERTILIZANTES HERINGER S.A.,PAULÍNIA,22.266.175/0001-88,Petroquímicos e Borracha,PRIVADO,SP
CANCELADA,SENECA COMPANHIA SECURITIZADORA,CURITIBA,22.495.265/0001-40,Securitização de Recebíveis,PRIVADO,PR
CANCELADA,BANCO DO PROGRESSO S.A.,BELO HORIZONTE,22.531.842/0001-02,Bancos,PRIVADO,MG
ATIVO,CAIXA SEGURIDADE PARTICIPAÇÕES S.A.,BRASÍLIA,22.543.331/0001-00,Emp. Adm. Part. - Seguradoras e Corretoras,ESTATAL,DF
CANCELADA,FRIGORIFICO NORTE MINAS SA,MONTES CLAROS,22.662.951/0001-69,Alimentos,PRIVADO,MG
CANCELADA,CIA MATS SULFUROSOS MATSULFUR,MONTES CLAROS,22.664.890/0001-79,Extração Mineral,PRIVADO,MG
CANCELADA,SIOM SA I INSTRS DE OTICA MEC,MONTES CLAROS,22.668.529/0001-10,"Máquinas, Equipamentos, Veículos e Peças",PRIVADO,MG
CANCELADA,FUJI ELETRIC NORDESTE SA,MONTES CLAROS,22.669.972/0001-06,"Máquinas, Equipamentos, Veículos e Peças",PRIVADO,MG
CANCELADA,MNM METALURGICA NORTE MINAS SA,MONTES CLAROS,22.670.178/0001-82,Metalurgia e Siderurgia,PRIVADO,MG
CANCELADA,FAB MIN ELETROD SOLD DENVER SA,MONTES CLAROS,22.671.564/0001-99,"Máquinas, Equipamentos, Veículos e Peças",PRIVADO,MG
CANCELADA,CIA TECIDOS NORTE DE MINAS - COTEMINAS - EM RECUPERAÇÃO JUDICIAL,MONTES CLAROS,22.677.520/0001-76,Têxtil e Vestuário,PRIVADO,MG
CANCELADA,TEC TOY S/A,MANAUS,22.770.366/0001-82,"Máquinas, Equipamentos, Veículos e Peças",PRIVADO,AM
CANCELADA,SELF IT ACADEMIAS HOLDING S.A.,RECIFE,22.902.694/0001-95,Emp. Adm. Part. - Brinquedos e Lazer,PRIVADO,PE
CANCELADA,COMPANHIA CARIOCA DE SECURITIZAÇÃO,RIO DE JANEIRO,22.983.283/0001-71,Securitização de Recebíveis,ESTATAL,RJ
CANCELADA,COMPANHIA PARANAENSE DE SECURITIZAÇÃO - PRSEC,CURITIBA,23.043.212/0001-51,Securitização de Recebíveis,ESTATAL,PR
ATIVO,RIO PARANA ENERGIA S.A.,SÃO PAULO,23.096.269/0001-19,Energia Elétrica,PRIVADO,SP
CANCELADA,CIA FIAÇÃO TECELAGEM PARA MINAS,PARÁ DE MINAS,23.116.551/0001-10,Têxtil e Vestuário,PRIVADO,MG
ATIVO,PATRIMAR ENGENHARIA S.A.,BELO HORIZONTE,23.236.821/0001-27,"Construção Civil, Mat. Constr. e Decoração",PRIVADO,MG
ATIVO,"VAMOS LOCAÇÃO DE CAMINHÕES, MÁQUINAS E EQUIPAMENTOS S.A.",SÃO PAULO,23.373.000/0001-32,Serviços Transporte e Logística,PRIVADO,SP
ATIVO,ALARES INTERNET PARTICIPAÇÕES S/A,SÃO PAULO,23.438.929/0001-00,Emp. Adm. Part. - Telecomunicações,PRIVADO,SP
CANCELADA,IND BEBS ANTARCTICA MG SA,VESPASIANO,23.536.691/0001-48,Bebidas e Fumo,PRIVADO,MG
CANCELADA,PALMASA AZULEJOS VARZEA PALMA,VÁRZEA DA PALMA,23.537.475/0001-17,Extração Mineral,PRIVADO,MG
CANCELADA,FECULARIA BARBOSA MELLO SA,BELO HORIZONTE,23.538.796/0001-36,Alimentos,PRIVADO,MG
CANCELADA,ALCOA ALUMINIO SA,SÃO PAULO,23.637.697/0001-01,Metalurgia e Siderurgia,ESTRANGEIRO,SP
CANCELADA,LPC INDUSTRIAS ALIMENTICIAS SA,SÃO PAULO,23.643.315/0001-52,Alimentos,ESTRANGEIRO,SP
CANCELADA,HOLDING VERZANI & SANDRINI S.A.,SANTO ANDRÉ,23.864.409/0001-51,Emp. Adm. Part. - Sem Setor Principal,PRIVADO,SP
ATIVO,ATOM EDUCAÇÃO E EDITORA S.A.,SOROCABA,23.994.857/0001-70,Educação,PRIVADO,SP
CANCELADA,TEXPAR SA,RIO DE JANEIRO,24.019.192/0001-46,Emp. Adm. Participações,PRIVADO,RJ
CANCELADA,COMPANHIA CIMENTO PORTLAND ITAU,ITAÚ DE MINAS,24.030.025/0001-04,Extração Mineral,PRIVADO,SP
CANCELADA,AMALFI EMPREENDIMENTOS E PARTICIPAÇÕES S.A.,RIO DE JANEIRO,24.170.211/0001-30,Emp. Adm. Part. - Energia Elétrica,PRIVADO,RJ
ATIVO,PLANO & PLANO DESENVOLVIMENTO IMOBILIÁRIO S.A.,SÃO PAULO,24.230.275/0001-80,"Construção Civil, Mat. Constr. e Decoração",PRIVADO,SP
CANCELADA,VENTURE CAPITAL PARTICIPAÇÕES E INVESTIMENTOS S.A.,SÃO PAULO,24.241.659/0001-06,Emp. Adm. Part. - Hospedagem e Turismo,PRIVADO,SP
CANCELADA,ARCELOR BRASIL S.A.,BELO HORIZONTE,24.315.012/0001-73,Metalurgia e Siderurgia,ESTRANGEIRO,MG
ATIVO,BRK AMBIENTAL PARTICIPAÇÕES S.A.,SÃO PAULO,24.396.489/0001-20,"Emp. Adm. Part. - Saneamento, Serv. Água e Gás",PRIVADO,SP
ATIVO,ARGO TRANSMISSÃO DE ENERGIA S.A.,SÃO PAULO,24.624.490/0001-65,Energia Elétrica,PRIVADO,SP
ATIVO,ARGO ENERGIA EMPREENDIMENTOS E PARTICIPAÇÕES S.A.,SÃO PAULO,24.624.551/0001-94,Emp. Adm. Part. - Energia Elétrica,PRIVADO HOLDING,SP
CANCELADA,TRÍPLICE SECURITIZADORA DE ATIVOS MERCANTIS S.A.,NATAL,24.717.074/0001-01,Securitização de Recebíveis,PRIVADO,RN
CANCELADA,ZH OPERAÇÕES S/A,SÃO PAULO,24.744.012/0001-99,Emp. Adm. Part. - Sem Setor Principal,PRIVADO HOLDING,SP
ATIVO,BLUEFIT ACADEMIAS DE GINÁSTICA E PARTICIPAÇÕES S.A,SÃO PAULO,24.921.465/0001-43,Brinquedos e Lazer,PRIVADO,SP
CANCELADA,TRIUNFO SECURITIZADORA DE ATIVOS S.A.,MACAÍBA,24.955.657/0001-70,Securitização de Recebíveis,PRIVADO,RN
CANCELADA,CLARION S/A AGROINDUSTRIAL,CUIABÁ,24.956.666/0001-86,"Agricultura (Açúcar, Álcool e Cana)",PRIVADO,MT
ATIVO,RUMO MALHA NORTE S.A.,RONDONÓPOLIS,24.962.466/0001-36,Serviços Transporte e Logística,PRIVADO,MT
CANCELADA,BANCO AGRIMISA SA,BELO HORIZONTE,24.986.770/0001-13,Bancos,PRIVADO,MG
ATIVO,GRUPO MATEUS S.A.,SÃO LUÍS,24.990.777/0001-09,Emp. Adm. Part. - Comércio (Atacado e Varejo),PRIVADO HOLDING,MA
CANCELADA,VERT COMPANHIA SECURITIZADORA,SÃO PAULO,25.005.683/0001-09,Securitização de Recebíveis,PRIVADO,SP
CANCELADA,COMPANHIA DE SANEAMENTO DO TOCANTINS - SANEATINS,PALMAS,25.089.509/0001-83,"Saneamento, Serv. Água e Gás",PRIVADO,TO
ATIVO,HOSPITAL CARE CALEDONIA S.A.,CAMPINAS,25.249.439/0001-83,Serviços Médicos,PRIVADO,SP
CANCELADA,WEMBLEY SOCIEDADE ANÔNIMA,BELO HORIZONTE,25.329.319/0001-96,Têxtil e Vestuário,PRIVADO,MG
ATIVO,COMERC ENERGIA S.A.,SÃO PAULO,25.369.840/0001-57,Energia Elétrica,PRIVADO,SP
CANCELADA,CARFEPE SA - ADMINISTRADORA E PARTICIPADORA,UBERLÂNDIA,25.633.934/0001-91,Emp. Adm. Part. - Sem Setor Principal,PRIVADO HOLDING,MG
CANCELADA,BFC BANCO SA,RIO DE JANEIRO,25.635.129/0001-05,Bancos,PRIVADO,RJ
CANCELADA,COREVA SA PRO AGRI PEC IND COM,SÃO PAULO,25.865.452/0001-67,Petroquímicos e Borracha,PRIVADO,SP
CANCELADA,CAFE SOLUVEL BRASILIA SA,RIO DE JANEIRO,25.869.736/0001-21,Alimentos,PRIVADO,RJ
CANCELADA,QESTRA TECNOLOGIA ADMINISTRAÇÃO E PARTICIPAÇÕES S.A.,RIO DE JANEIRO,26.072.786/0001-46,Emp. Adm. Part. - Comunicação e Informática,PRIVADO,RJ
CANCELADA,LGT HUB PARTICIPAÇÕES S/A,INDAIATUBA,26.173.550/0001-04,"Emp. Adm. Part. - Const. Civil, Mat. Const. e Decoração",PRIVADO,SP
ATIVO,TC S.A.,SÃO PAULO,26.345.998/0001-50,Comunicação e Informática,PRIVADO,SP
CANCELADA,MERCANTIL DO BRASIL LEASING SA,BELO HORIZONTE,26.386.169/0001-15,Arrendamento Mercantil,PRIVADO,MG
ATIVO,LAVVI EMPREENDIMENTOS IMOBILIÁRIOS S.A,SÃO PAULO,26.462.693/0001-28,"Construção Civil, Mat. Constr. e Decoração",PRIVADO,SP
ATIVO,TRAVESSIA SECURITIZADORA S.A.,SÃO PAULO,26.609.050/0001-64,Securitização de Recebíveis,PRIVADO,SP
CANCELADA,USINAGEM EDLYN PARTICIPAÇÕES S.A.,SÃO PAULO,26.643.756/0001-42,"Emp. Adm. Part. - Const. Civil, Mat. Const. e Decoração",PRIVADO,SP
ATIVO,MPM CORPÓREOS S.A.,SÃO PAULO,26.659.061/0001-59,Serviços Médicos,PRIVADO,SP
ATIVO,ENTREVIAS CONCESSIONÁRIA DE RODOVIAS S.A.,SERTÃOZINHO,26.664.057/0001-89,Serviços Transporte e Logística,PRIVADO,SP
CANCELADA,FOCUS ENERGIA HOLDING PARTICIPAÇÕES S.A.,SÃO PAULO,26.735.020/0001-02,Emp. Adm. Part. - Energia Elétrica,PRIVADO,SP
ATIVO,BELÉM TRANSMISSORA DE ENERGIA S.A.,RIO DE JANEIRO,26.845.702/0001-60,Energia Elétrica,PRIVADO,RJ
ATIVO,TURBI COMPARTILHAMENTO DE VEÍCULOS S.A.,SÃO PAULO,26.982.634/0001-80,Serviços Transporte e Logística,PRIVADO,SP
CANCELADA,MARCOVAN SA,RIO DE JANEIRO,27.044.213/0001-71,"Construção Civil, Mat. Constr. e Decoração",PRIVADO,RJ
CANCELADA,EDAFO SECURITIZADORA S.A.,SÃO PAULO,27.092.587/0001-62,Securitização de Recebíveis,PRIVADO,SP
ATIVO,"MILLS LOCAÇÃO, SERVIÇOS E LOGÍSTICA S.A.",SÃO PAULO,27.093.558/0001-15,Serviços Transporte e Logística,PRIVADO HOLDING,SP
ATIVO,COMPANHIA SECURITIZADORA DE CRÉDITOS FINANCEIROS CARTÕES CONSIGNADOS I,SÃO PAULO,27.137.879/0001-74,Securitização de Recebíveis,PRIVADO,SP
ATIVO,ÁGUAS DE TERESINA SANEAMENTO SPE S.A.,TERESINA,27.157.474/0001-06,"Saneamento, Serv. Água e Gás",PRIVADO,PI
CANCELADA,DADALTO SA,VITÓRIA,27.179.753/0001-62,Comércio (Atacado e Varejo),PRIVADO,ES
CANCELADA,ITAGUASSU AGRO INDUSTRIAL S/A,NOSSA SENHORA DO SOCORRO,27.184.951/0001-14,Extração Mineral,PRIVADO,SE
CANCELADA,COMPANHIA  SIDERÚRGICA  DE  TUBARÃO,SERRA,27.251.974/0001-02,Metalurgia e Siderurgia,PRIVADO,ES
ATIVO,CONSTRUTORA METROCASA S.A.,SÃO PAULO,27.743.642/0001-37,"Construção Civil, Mat. Constr. e Decoração",PRIVADO,SP
ATIVO,HIGHLINE BRASIL II INFRAESTRUTURA DE TELECOMUNICAÇÕES S.A.,RIO DE JANEIRO,27.902.165/0002-96,Telecomunicações,PRIVADO,RJ
CANCELADA,AUZZA SECURITIZADORA S. A.,CURITIBA,27.956.690/0001-03,Securitização de Recebíveis,PRIVADO HOLDING,PR
ATIVO,TAPAJÓS TRANSMISSORA DE ENERGIA S.A.,RIO DE JANEIRO,27.967.244/0001-02,Energia Elétrica,PRIVADO,RJ
ATIVO,VIAPAULISTA S.A.,RIBEIRÃO PRETO,28.019.100/0001-89,Serviços Transporte e Logística,PRIVADO,SP
CANCELADA,IND MASSAS E BISCOITOS ALCOBAÇA SA,VILA VELHA,28.053.387/0001-63,Alimentos,PRIVADO,ES
CANCELADA,BUAIZ SA INDUSTRIA E COMERCIO,VITÓRIA,28.126.928/0001-36,Alimentos,PRIVADO,ES
ATIVO,BANESTES SA BANCO DO ESTADO DO ESPIRITO SANTO,VITÓRIA,28.127.603/0001-78,Bancos,ESTATAL,ES
CANCELADA,TELECOMUNICAÇÕES  ESP SANTO S A - TELEST,VITÓRIA,28.140.226/0001-07,Telecomunicações,PRIVADO,ES
ATIVO,EDP ESPIRITO SANTO DISTRIBUIÇÃO DE ENERGIA S.A.,VITÓRIA,28.152.650/0001-71,Energia Elétrica,PRIVADO,ES
CANCELADA,REALCAFE SOLUVEL DO BRASIL S/A,VIANA,28.154.847/0001-40,Alimentos,PRIVADO,ES
ATIVO,BANCO ABC BRASIL S/A,SÃO PAULO,28.195.667/0001-06,Bancos,ESTRANGEIRO,SP
ATIVO,ENERGISA TRANSMISSÃO DE ENERGIA S.A.,CATAGUASES,28.201.130/0001-01,Emp. Adm. Part. - Energia Elétrica,PRIVADO,MG
ATIVO,QUANTUM PARTICIPAÇÕES S.A,SÃO PAULO,28.367.479/0001-18,Emp. Adm. Part. - Energia Elétrica,PRIVADO,SP
CANCELADA,RIOLOAN 2 COMPANHIA SECURITIZADORA DE CRÉDITOS FINANCEIROS,SÃO PAULO,28.442.718/0001-57,Securitização de Recebíveis,PRIVADO,SP
CANCELADA,INDÚSTRIA VEROLME S.A. - IVESA,RIO DE JANEIRO,28.500.320/0001-20,"Máquinas, Equipamentos, Veículos e Peças",PRIVADO HOLDING,RJ
CANCELADA,BELPRATO SA,BARRA DO PIRAÍ,28.564.391/0001-96,Alimentos,PRIVADO,RJ
CANCELADA,TAIPE TRANCOSO EMPREENDIMENTOS S/A,PORTO SEGURO,28.573.830/0001-27,Hospedagem e Turismo,PRIVADO,BA
ATIVO,AUREN ENERGIA S.A,SÃO PAULO,28.594.234/0001-23,Energia Elétrica,PRIVADO,SP
CANCELADA,SAINT-GOBAIN CANALIZAÇÃO S/A,BARRA MANSA,28.672.087/0001-62,Metalurgia e Siderurgia,ESTRANGEIRO,RJ
ATIVO,COMPANHIA ENERGÉTICA JAGUARA,FLORIANÓPOLIS,28.925.264/0001-75,Energia Elétrica,PRIVADO,SC
ATIVO,COMPANHIA ENERGÉTICA MIRANDA,FLORIANÓPOLIS,28.942.127/0001-49,Energia Elétrica,PRIVADO,SC
CANCELADA,MASSA FALIDA DE CIA. BRASILEIRA DE ANTIBIÓTICOS - CIBRAN,TANGUÁ,29.075.363/0001-78,Farmacêutico e Higiene,PRIVADO,RJ
CANCELADA,ROMAXIS SECURITIZADORA S.A.,JOINVILLE,29.088.092/0001-95,Securitização de Recebíveis,PRIVADO,SC
CANCELADA,CMP CIA DE MINERACAO E PART,RIO DE JANEIRO,29.116.951/0001-02,Emp. Adm. Participações,PRIVADO,RJ
CANCELADA,KAURI SIGMA SA,DUQUE DE CAXIAS,29.339.827/0001-06,Petroquímicos e Borracha,PRIVADO,RJ
CANCELADA,RIMET EMPREEND. INDS. E COMERCIAIS S/A,RESENDE,29.388.352/0001-48,Metalurgia e Siderurgia,PRIVADO,RJ
CANCELADA,SURAMIC S R A M IND COM SA,RIO DE JANEIRO,29.499.464/0001-76,Emp. Adm. Participações,ESTRANGEIRO,RJ
CANCELADA,REXAM BEVERAGE CAN SOUTH AMERICA S.A.,RIO DE JANEIRO,29.506.474/0001-91,Metalurgia e Siderurgia,PRIVADO,RJ
CANCELADA,PETROFLEX INDÚSTRIA E COMÉRCIO S.A.,RIO DE JANEIRO,29.667.227/0001-77,Petroquímicos e Borracha,PRIVADO,RJ
ATIVO,SAO CARLOS EMPREEND E PARTICIPACOES S.A.,SÃO PAULO,29.780.061/0001-09,Emp. Adm. Part. - Sem Setor Principal,PRIVADO,SP
CANCELADA,COPISEC SECURITIZADORA DE CRÉDITOS FINANCEIROS SA,RIO DE JANEIRO,29.845.329/0001-35,Securitização de Recebíveis,PRIVADO,RJ
ATIVO,ECORIOMINAS CONCESSIONÁRIA DE RODOVIAS S.A.,NITERÓI,29.884.545/0001-90,Serviços Transporte e Logística,PRIVADO,RJ
CANCELADA,CONSIGNADOS I COMPANHIA SECURITIZADORA DE CRÉDITOS FINANCEIROS,SÃO PAULO,29.894.663/0001-89,Securitização de Recebíveis,PRIVADO HOLDING,SP
CANCELADA,NORTEC QUIMICA S.A.,DUQUE DE CAXIAS,29.950.060/0001-57,Farmacêutico e Higiene,PRIVADO,RJ
CANCELADA,SUL AMERICA S/A,RIO DE JANEIRO,29.978.814/0001-87,Emp. Adm. Part. - Seguradoras e Corretoras,PRIVADO,RJ
ATIVO,OCEÂNICA ENGENHARIA E CONSULTORIA S.A.,RIO DE JANEIRO,29.980.141/0001-08,Emp. Adm. Part. - Petróleo e Gás,PRIVADO,RJ
CANCELADA,GARPA SA,RIO DE JANEIRO,30.148.829/0001-05,Emp. Adm. Participações,PRIVADO,RJ
ATIVO,TEGRA INCORPORADORA S.A.,SÃO PAULO,30.213.493/0001-09,"Emp. Adm. Part. - Const. Civil, Mat. Const. e Decoração",PRIVADO,SP
CANCELADA,COMPANHIA SECURITIZADORA DE CRÉDITOS FINANCEIROS VERT-REBEL,SÃO PAULO,30.219.233/0001-40,Securitização de Recebíveis,PRIVADO,SP
ATIVO,BANCO BTG PACTUAL S/A,RIO DE JANEIRO,30.306.294/0001-45,Bancos,PRIVADO,RJ
CANCELADA,ESTTEIO COMPANHIA SECURITIZADORA DE CRÉDITOS,MARINGÁ,30.311.067/0001-08,Securitização de Recebíveis,PRIVADO,PR
CANCELADA,COMPANHIA SECURITIZADORA DE CRÉD. FINANCEIROS VERT-NEXOOS,SÃO PAULO,30.418.658/0001-89,Securitização de Recebíveis,PRIVADO,SP
ATIVO,HAGA S.A. INDÚSTRIA E COMÉRCIO,NOVA FRIBURGO,30.540.991/0001-66,Metalurgia e Siderurgia,PRIVADO,RJ
CANCELADA,CIA. SECURITIZADORA DE CRÉDITOS FINANCEIROS VERT-RECARGAPAY,SÃO PAULO,30.545.324/0001-76,Securitização de Recebíveis,PRIVADO,SP
CANCELADA,RHC SECURITIZADORA DE CRÉDITOS S.A.,SANTO ÂNGELO,30.702.767/0001-23,Securitização de Recebíveis,PRIVADO,RS
CANCELADA,BANCO MODAL S.A.,SÃO PAULO,30.723.886/0001-62,Bancos,PRIVADO,SP
CANCELADA,SA MARVIN,RIO DE JANEIRO,30.751.887/0001-10,Metalurgia e Siderurgia,PRIVADO,RJ
CANCELADA,GUARDIAN COMPANHIA SECURITIZADORA,PORTO ALEGRE,30.788.149/0001-48,Securitização de Recebíveis,PRIVADO,RS
CANCELADA,IND METALURGICA IGUACU SA,NOVA IGUAÇU,30.819.585/0001-37,Metalurgia e Siderurgia,PRIVADO,RJ
ATIVO,CELEO REDES TRANSMISSÃO DE ENERGIA S.A.,RIO DE JANEIRO,31.001.230/0001-07,Emp. Adm. Part. - Energia Elétrica,PRIVADO,RJ
CANCELADA,DONA ISABEL SA,NITERÓI,31.119.639/0001-14,Têxtil e Vestuário,PRIVADO,RJ
CANCELADA,COMPANHIA FLUMINENSE DE REFRIGERANTES,PORTO REAL,31.456.338/0001-86,Bebidas e Fumo,PRIVADO,RJ
CANCELADA,CASA DE PEDRA SECURITIZADORA DE CRÉDITO S.A.,SÃO PAULO,31.468.139/0001-98,Securitização de Recebíveis,PRIVADO,SP
CANCELADA,BB-LEASING SA ARRENDAMENTO MERCANTIL,BRASÍLIA,31.546.476/0001-56,Arrendamento Mercantil,ESTATAL,DF
ATIVO,GRUPO TOKY S.A.,SÃO PAULO,31.553.627/0001-01,Comércio (Atacado e Varejo),ESTRANGEIRO,SP
CANCELADA,CONTAGEM SECURITIZADORA DE CRÉDITOS FINANCEIROS S.A.,RIO DE JANEIRO,31.594.055/0001-09,Securitização de Recebíveis,PRIVADO,RJ
CANCELADA,ATHENA SAÚDE BRASIL S.A.,SÃO PAULO,31.701.408/0001-14,Emp. Adm. Part. - Serviços médicos,PRIVADO HOLDING,SP
ATIVO,VERO S.A.,SÃO PAULO,31.748.174/0001-60,Telecomunicações,PRIVADO,SP
CANCELADA,CAEMI MINERAÇÃO E METALURGIA S.A.,RIO DE JANEIRO,31.865.728/0001-00,Emp. Adm. Part. - Metalurgia e Siderurgia,PRIVADO,RJ
CANCELADA,BANCO INDUSTRIAL DO BRASIL,SÃO PAULO,31.895.683/0001-16,Bancos,PRIVADO,SP
CANCELADA,INDS DE BEBS JOAQUIM T A F SA,SÃO JOÃO DA BARRA,31.901.382/0001-58,Bebidas e Fumo,PRIVADO,RJ
CANCELADA,FILADÉLFIA SECURITIZADORA S/A.,SÃO PAULO,31.907.982/0001-23,Securitização de Recebíveis,PRIVADO,SP
CANCELADA,SLOT URBANISMO S.A.,JUIZ DE FORA,31.910.308/0001-06,"Construção Civil, Mat. Constr. e Decoração",PRIVADO,MG
CANCELADA,SENDAS S/A,SÃO JOÃO DE MERITI,31.911.548/0001-17,Comércio (Atacado e Varejo),PRIVADO,RJ
CANCELADA,CITI CP MERCANTIL SA,SÃO PAULO,31.918.584/0001-02,Serviços Diversos,PRIVADO,SP
CANCELADA,CMA PARTICIPAÇÕES SA,SÃO PAULO,31.959.356/0001-80,Emp. Adm. Participações,PRIVADO HOLDING,SP
ATIVO,ORIGEM ENERGIA S.A.,RIO DE JANEIRO,32.021.201/0001-61,Petróleo e Gás,PRIVADO,RJ
CANCELADA,PREDILETO ALIMENTOS SA,CANOAS,32.110.314/0001-33,Alimentos,PRIVADO,RS
ATIVO,CONCESSIONÁRIA DAS RODOVIAS INTEGRADAS DO SUL S.A.,PORTO ALEGRE,32.161.500/0001-00,Emp. Adm. Part. - Serviços Transporte e Logística,PRIVADO,RS
CANCELADA,TRILUX PARTICIPACOES SA,RIO DE JANEIRO,32.185.928/0001-84,Emp. Adm. Participações,PRIVADO,RJ
CANCELADA,FIGAR SA,SÃO PAULO,32.230.245/0001-00,Emp. Adm. Participações,PRIVADO,SP
CANCELADA,SOLA SA INDS ALIMENTICIAS,TRÊS RIOS,32.286.411/0001-81,Alimentos,PRIVADO,RJ
CANCELADA,COBUCCIO SECURITIZADORA DE CRÉDITOS S.A.,MONTE BELO,32.372.085/0001-25,Securitização de Recebíveis,PRIVADO,MG
ATIVO,HÉLIO VALGAS SOLAR PARTICIPAÇÕES S.A.,VÁRZEA DA PALMA,32.431.519/0001-10,Energia Elétrica,PRIVADO,MG
ATIVO,VIX LOGÍSTICA S/A,VITÓRIA,32.681.371/0001-72,Serviços Transporte e Logística,PRIVADO,ES
CANCELADA,COMPANHIA SECURITIZADORA DE CREDITOS FINANCEIROS VERT-GYRA,SÃO PAULO,32.770.457/0001-71,Securitização de Recebíveis,PRIVADO,SP
CANCELADA,NATURA & CO HOLDING S.A.,SÃO PAULO,32.785.497/0001-97,Farmacêutico e Higiene,PRIVADO,SP
CANCELADA,ENTALPIA PARTICIPAÇÕES S.A.,EXTREMA,32.803.503/0001-91,"Emp. Adm. Part. - Máqs., Equip., Veíc. e Peças",PRIVADO,MG
CANCELADA,IND BEBS ANTARCTICA MT SA,CUIABÁ,32.993.529/0001-40,Bebidas e Fumo,PRIVADO,MT
CANCELADA,CIA PROGRESSO INDUSTRIAL BRASIL FABRICA BANGU,RIO DE JANEIRO,33.000.035/0001-80,Têxtil e Vestuário,PRIVADO,RJ
CANCELADA,CIA T JANER COM IND,RIO DE JANEIRO,33.000.076/0001-76,Comércio (Atacado e Varejo),PRIVADO,RJ
CANCELADA,TELEMAR NORTE LESTE SA,RIO DE JANEIRO,33.000.118/0001-79,Telecomunicações,PRIVADO,RJ
ATIVO,PETRÓLEO BRASILEIRO  S.A.  - PETROBRAS,RIO DE JANEIRO,33.000.167/0001-01,Petróleo e Gás,ESTATAL HOLDING,RJ
CANCELADA,SPERRY SA,RIO DE JANEIRO,33.000.522/0001-42,"Máquinas, Equipamentos, Veículos e Peças",ESTRANGEIRO,RJ
CANCELADA,SA WHITE MARTINS,RIO DE JANEIRO,33.000.571/0001-85,Emp. Adm. Participações,ESTRANGEIRO,RJ
CANCELADA,LOJAS BRASILEIRAS SA LOBRAS,SÃO PAULO,33.005.703/0001-61,Comércio (Atacado e Varejo),PRIVADO,SP
CANCELADA,NOVA AMERICA SA,DUQUE DE CAXIAS,33.007.592/0001-22,Têxtil e Vestuário,PRIVADO,RJ
CANCELADA,SOUZA CRUZ SA,RIO DE JANEIRO,33.009.911/0001-39,Bebidas e Fumo,ESTRANGEIRO,RJ
CANCELADA,SANTISTA ALIMENTOS SA,SÃO PAULO,33.009.960/0001-71,Alimentos,PRIVADO HOLDING,SP
CANCELADA,MASSA FALIDA DA MULLER IND E COMERCIO,RIO DE JANEIRO,33.010.760/0001-39,"Máquinas, Equipamentos, Veículos e Peças",PRIVADO,RJ
CANCELADA,FISCHER SA COM IND AGRICULTURA,RIO DE JANEIRO,33.010.786/0001-87,Emp. Adm. Participações,PRIVADO,RJ
CANCELADA,LOJAS AMERICANAS SA,RIO DE JANEIRO,33.014.556/0001-96,Comércio (Atacado e Varejo),PRIVADO,RJ
CANCELADA,MASSA FALIDA DE SAM INDUSTRIAS SA,NOVA IGUAÇU,33.017.039/0001-70,"Máquinas, Equipamentos, Veículos e Peças",PRIVADO,RJ
CANCELADA,APOLO PRODUTOS DE ACO SA,RIO DE JANEIRO,33.017.088/0001-03,Metalurgia e Siderurgia,PRIVADO,RJ
CANCELADA,CASA JOSE SILVA CONFECCOES SA,RIO DE JANEIRO,33.024.860/0001-14,Comércio (Atacado e Varejo),PRIVADO,RJ
CANCELADA,NUTRICIA SA PRODS DIETS NUTLS,RIO DE JANEIRO,33.031.782/0001-85,Alimentos,PRIVADO,RJ
CANCELADA,SANO SA INDUSTRIA E COMERCIO,RIO DE JANEIRO,33.033.960/0001-07,Extração Mineral,PRIVADO,RJ
CANCELADA,METALFLEX SA IND E COMERCIO,RIO DE JANEIRO,33.034.323/0001-55,Metalurgia e Siderurgia,PRIVADO,RJ
CANCELADA,VOTEC TAXI AEREO SA,RIO DE JANEIRO,33.034.794/0001-63,Serviços Transporte e Logística,PRIVADO,RJ
CANCELADA,METALGRAFICA RIO INDL SA,RIO DE JANEIRO,33.034.828/0001-10,Metalurgia e Siderurgia,PRIVADO,RJ
CANCELADA,CIA CONSTRUTORA PEDERNEIRAS,RIO DE JANEIRO,33.034.901/0001-53,"Construção Civil, Mat. Constr. e Decoração",PRIVADO,RJ
ATIVO,JOAO FORTES ENGENHARIA SA - EM RECUPERAÇÃO JUDICIAL,RIO DE JANEIRO,33.035.536/0001-00,"Construção Civil, Mat. Constr. e Decoração",PRIVADO,RJ
CANCELADA,CIA SALINAS PERYNAS,RIO DE JANEIRO,33.035.759/0001-69,Extração Mineral,PRIVADO,RJ
CANCELADA,QUIMIO PRODS QUIMICOS CI SA,RIO DE JANEIRO,33.036.328/0001-17,Petroquímicos e Borracha,ESTRANGEIRO,RJ
CANCELADA,AEROFOTO CRUZEIRO SA,RIO DE JANEIRO,33.037.169/0001-75,Serviços Diversos,PRIVADO,RJ
CANCELADA,LIVRARIA JOSE OLYMPIO EDITORA,RIO DE JANEIRO,33.038.696/0001-02,Gráficas e Editoras,PRIVADO,RJ
CANCELADA,CIMENTO TUPI SA,RIO DE JANEIRO,33.039.223/0001-11,"Construção Civil, Mat. Constr. e Decoração",PRIVADO,RJ
CANCELADA,WESTINGHOUSE DO BRASIL SA,SÃO PAULO,33.039.322/0001-01,"Máquinas, Equipamentos, Veículos e Peças",ESTRANGEIRO,SP
CANCELADA,SA ENGEFUSA,RIO DE JANEIRO,33.040.437/0001-08,"Construção Civil, Mat. Constr. e Decoração",PRIVADO,RJ
CANCELADA,"MERCANTIL FINANCEIRA S.A. CRÉDITO, FINANCIAMENTO E INVESTIMENTO",NOVA LIMA,33.040.601/0001-87,Bancos,PRIVADO,MG
CANCELADA,SUL AMERICA CAPITALIZACAO S.A.,RIO DE JANEIRO,33.040.924/0001-70,Seguradoras e Corretoras,PRIVADO,RJ
CANCELADA,SUL AMERICA CIA NACL SEGUROS,RIO DE JANEIRO,33.041.062/0001-09,Seguradoras e Corretoras,PRIVADO,RJ
CANCELADA,CIA INDUSTRIAL DOX,SÃO PAULO,33.041.120/0001-96,Metalurgia e Siderurgia,PRIVADO,SP
ATIVO,GRUPO CASAS BAHIA S.A.,SÃO PAULO,33.041.260/0652-90,Comércio (Atacado e Varejo),PRIVADO,SP
ATIVO,CIA SIDERURGICA NACIONAL,SÃO PAULO,33.042.730/0001-04,Metalurgia e Siderurgia,PRIVADO,SP
CANCELADA,MUNDIAL ARTEFATOS DE COURO SA,RIO DE JANEIRO,33.042.961/0001-18,Têxtil e Vestuário,PRIVADO,RJ
ATIVO,AMPLA ENERGIA E SERVIÇOS S.A.,RIO DE JANEIRO,33.050.071/0001-58,Energia Elétrica,ESTRANGEIRO,RJ
ATIVO,COMPANHIA PAULISTA DE FORCA LUZ - CPFL,CAMPINAS,33.050.196/0001-88,Energia Elétrica,PRIVADO,SP
CANCELADA,CBV INDUSTRIA MECANICA SA,RIO DE JANEIRO,33.051.186/0001-67,"Máquinas, Equipamentos, Veículos e Peças",PRIVADO,RJ
CANCELADA,CBEI CIA BRASILEIRA ENGENHARIA E INDUSTRIA,RIO DE JANEIRO,33.053.729/0001-85,"Construção Civil, Mat. Constr. e Decoração",PRIVADO,RJ
CANCELADA,AGGS INDS GRAFICAS SA,RIO DE JANEIRO,33.058.793/0001-59,Gráficas e Editoras,PRIVADO,RJ
CANCELADA,MOTORISTA UNIAO COML IMPORT SA,RIO DE JANEIRO,33.063.611/0001-38,Petróleo e Gás,PRIVADO,RJ
CANCELADA,FABRIMAR SA IND E COMERCIO,RIO DE JANEIRO,33.064.262/0001-79,"Construção Civil, Mat. Constr. e Decoração",PRIVADO,RJ
CANCELADA,VULCAN MATERIAL PLASTICO SA,RIO DE JANEIRO,33.066.952/0001-67,Petroquímicos e Borracha,ESTRANGEIRO,RJ
CANCELADA,ERICSSON TELECOMUNICACOES SA,SÃO PAULO,33.067.745/0001-27,"Máquinas, Equipamentos, Veículos e Peças",ESTRANGEIRO HOLDING,SP
CANCELADA,MOTORTEC INDUSTRIA AERONÁUTICA S.A.,RIO DE JANEIRO,33.069.691/0001-39,"Máquinas, Equipamentos, Veículos e Peças",PRIVADO,RJ
CANCELADA,CIA. BRAS PETRÓLEO IPIRANGA,RIO DE JANEIRO,33.069.766/0001-81,Petróleo e Gás,PRIVADO,RJ
CANCELADA,CIA AMERICA SUL CFI,SÃO PAULO,33.074.691/0001-27,Bancos,PRIVADO,SP
CANCELADA,COMERCIO E INDUSTRIA INDUCO SA,SÃO PAULO,33.078.262/0001-28,"Máquinas, Equipamentos, Veículos e Peças",PRIVADO,SP
CANCELADA,PINA INTERC COML INDL PESCA SA,BELÉM,33.078.585/0001-11,Pesca,PRIVADO,PA
CANCELADA,SOTREQ SA TRATORES E EQUIPS,RIO DE JANEIRO,33.081.712/0001-31,Comércio (Atacado e Varejo),PRIVADO,RJ
CANCELADA,MESBLA SA,RIO DE JANEIRO,33.087.156/0001-00,Comércio (Atacado e Varejo),PRIVADO,RJ
CANCELADA,CIA NACIONAL DE ALCALIS,MACAU,33.098.112/0001-86,Petroquímicos e Borracha,PRIVADO,RN
CANCELADA,BANCO FININVEST SA,RIO DE JANEIRO,33.098.518/0001-69,Bancos,PRIVADO,RJ
CANCELADA,MONTEIRO ARANHA SA,RIO DE JANEIRO,33.102.476/0001-92,Emp. Adm. Part. - Sem Setor Principal,PRIVADO HOLDING,RJ
CANCELADA,LORENTZEN EMPREENDIMENTOS SA,RIO DE JANEIRO,33.107.533/0001-26,Emp. Adm. Participações,PRIVADO,RJ
ATIVO,VALID SOLUÇÕES S.A.,SOROCABA,33.113.309/0001-47,Comunicação e Informática,PRIVADO,SP
CANCELADA,IMPERIO LISAMAR SA IND E COM,RIO DE JANEIRO,33.123.118/0001-66,Alimentos,PRIVADO,RJ
CANCELADA,WILSON SONS S.A.,RIO DE JANEIRO,33.130.691/0001-05,Emp. Adm. Part. - Serviços Transporte e Logística,ESTRANGEIRO HOLDING,RJ
CANCELADA,BCO CEDULA SA,RIO DE JANEIRO,33.132.044/0001-24,Bancos,PRIVADO,RJ
CANCELADA,SA CORTUME CARIOCA,RIO DE JANEIRO,33.132.275/0001-38,Têxtil e Vestuário,ESTRANGEIRO,RJ
CANCELADA,BRB CRED FINANC E INVEST SA,RIO DE JANEIRO,33.136.888/0001-43,Bancos,PRIVADO,RJ
CANCELADA,GEOTECNICA SA,RIO DE JANEIRO,33.143.025/0001-01,"Construção Civil, Mat. Constr. e Decoração",PRIVADO,RJ
CANCELADA,ENGEVIX ENGENHARIA SA,SÃO PAULO,33.144.940/0001-03,"Construção Civil, Mat. Constr. e Decoração",PRIVADO,SP
CANCELADA,SISAL IMOB SANTO AFONSO SA,SALVADOR,33.146.762/0001-50,"Construção Civil, Mat. Constr. e Decoração",PRIVADO,BA
CANCELADA,BANCO BRADESCO BERJ S.A.,RIO DE JANEIRO,33.147.315/0001-15,Bancos,PRIVADO,RJ
CANCELADA,CIA SERVICOS ENGA SERVIENGE,RIO DE JANEIRO,33.158.031/0001-24,"Construção Civil, Mat. Constr. e Decoração",PRIVADO,RJ
CANCELADA,CIA CIMENTO PORTL PARAISO,SÃO PAULO,33.160.318/0001-99,Extração Mineral,PRIVADO,SP
CANCELADA,FB EMPREENDIMENTOS SA,SÃO PAULO,33.160.839/0001-46,"Máquinas, Equipamentos, Veículos e Peças",ESTRANGEIRO,SP
CANCELADA,SERGEN SERVS GERAIS DE ENG SA,RIO DE JANEIRO,33.161.340/0001-53,"Construção Civil, Mat. Constr. e Decoração",PRIVADO,RJ
CANCELADA,CIA INDL SAO PAULO RIO CISPER,RIO DE JANEIRO,33.174.145/0001-68,Extração Mineral,ESTRANGEIRO,RJ
CANCELADA,BRASILJUTA SA FIACAO TEC JUTA,MANAUS,33.177.734/0001-08,Têxtil e Vestuário,PRIVADO,RJ
CANCELADA,MICROLAB SA,RIO DE JANEIRO,33.183.526/0001-03,"Máquinas, Equipamentos, Veículos e Peças",PRIVADO,RJ
ATIVO,HOTEIS OTHON S.A. - EM RECUPERAÇÃO JUDICIAL,RIO DE JANEIRO,33.200.049/0001-47,Hospedagem e Turismo,PRIVADO,RJ
CANCELADA,BRASIL OITICICA S/A,FORTALEZA,33.206.475/0001-98,Alimentos,PRIVADO,CE
CANCELADA,EMP BRAS SOLDA ELETRICA SA,RIO DE JANEIRO,33.220.880/0001-60,Metalurgia e Siderurgia,ESTATAL,RJ
CANCELADA,NACIONAL SA SOC CRED FIN INVS,RIO DE JANEIRO,33.222.225/0001-41,Bancos,PRIVADO,RJ
CANCELADA,BCO NACIONAL INVS SA,RIO DE JANEIRO,33.222.241/0001-34,Bancos,PRIVADO,RJ
ATIVO,WLM PART. E COMÉRCIO DE MÁQUINAS E VEÍCULOS S.A.,RIO DE JANEIRO,33.228.024/0001-51,"Emp. Adm. Part. - Máqs., Equip., Veíc. e Peças",PRIVADO,RJ
ATIVO,ULTRAPAR PARTICIPAÇÕES SA,SÃO PAULO,33.256.439/0001-39,Emp. Adm. Part. - Petróleo e Gás,PRIVADO,SP
CANCELADA,CASAS DA BANHA COMERCIO E INDUSTRIA SA,RIO DE JANEIRO,33.256.918/0001-55,Comércio (Atacado e Varejo),PRIVADO,RJ
CANCELADA,CRUZEIRO DO SUL SA SERV AEREOS,RIO DE JANEIRO,33.258.518/0001-89,Serviços Transporte e Logística,PRIVADO,RJ
CANCELADA,ECISA ENG COM E INDUSTRIA SA,RIO DE JANEIRO,33.261.561/0001-01,"Construção Civil, Mat. Constr. e Decoração",PRIVADO,RJ
CANCELADA,CONST PRESIDENTE SA,RIO DE JANEIRO,33.265.695/0001-92,"Construção Civil, Mat. Constr. e Decoração",PRIVADO,RJ
CANCELADA,EDITORA DE GUIAS LTB SA,RIO DE JANEIRO,33.270.240/0001-65,Gráficas e Editoras,PRIVADO,RJ
CANCELADA,GETEC GUANABARA QUIM INDL SA,SÃO GONÇALO,33.311.366/0001-30,Petroquímicos e Borracha,PRIVADO,RJ
CANCELADA,SERTEP SA ENG. E MONTAGEM,RIO DE JANEIRO,33.315.367/0001-53,"Construção Civil, Mat. Constr. e Decoração",PRIVADO,RJ
CANCELADA,CIA BRAS MATERIAIS COBRACO,SÃO PAULO,33.316.100/0001-80,"Construção Civil, Mat. Constr. e Decoração",PRIVADO,SP
CANCELADA,ASBERIT SA,RIO DE JANEIRO,33.319.617/0001-23,Outras Atividades Industriais,PRIVADO,RJ
CANCELADA,BORGHOFF SA,SÃO PAULO,33.323.742/0001-07,Comércio (Atacado e Varejo),PRIVADO,SP
CANCELADA,JORNAL DO BRASIL SA,RIO DE JANEIRO,33.330.564/0001-41,Gráficas e Editoras,PRIVADO,RJ
CANCELADA,BANCO CACIQUE SA,SÃO PAULO,33.349.358/0001-83,Bancos,PRIVADO,SP
ATIVO,CIA ESTADUAL DE ÁGUAS E ESGOTOS - CEDAE,RIO DE JANEIRO,33.352.394/0001-04,"Saneamento, Serv. Água e Gás",ESTATAL,RJ
CANCELADA,CIA CERVEJARIA BRAHMA,SÃO PAULO,33.366.980/0001-08,Bebidas e Fumo,PRIVADO,SP
ATIVO,IRB - BRASIL RESSEGUROS S.A.,RIO DE JANEIRO,33.376.989/0001-91,Seguradoras e Corretoras,PRIVADO,RJ
ATIVO,SONDOTECNICA ENGENHARIA SOLOS S.A.,RIO DE JANEIRO,33.386.210/0001-19,"Construção Civil, Mat. Constr. e Decoração",PRIVADO,RJ
CANCELADA,DATAMEC SA SIST PROC DE DADOS,RIO DE JANEIRO,33.387.382/0001-07,Comunicação e Informática,ESTATAL,RJ
CANCELADA,DOVA SA,RIO DE JANEIRO,33.387.549/0001-30,Metalurgia e Siderurgia,PRIVADO,RJ
CANCELADA,ARCELORMITTAL INOX BRASIL S.A.,BELO HORIZONTE,33.390.170/0001-89,Metalurgia e Siderurgia,PRIVADO,MG
ATIVO,REFINARIA DE PETRÓLEOS DE MANGUINHOS S.A. - EM RECUPERAÇÃO JUDICIAL,RIO DE JANEIRO,33.412.081/0001-96,Petróleo e Gás,PRIVADO,RJ
CANCELADA,SATMA SUL AMERICA PARTS SA,RIO DE JANEIRO,33.429.226/0001-61,Seguradoras e Corretoras,PRIVADO,RJ
CANCELADA,CIA SEGUROS RIO BRANCO,CURITIBA,33.432.139/0001-63,Seguradoras e Corretoras,PRIVADO,PR
CANCELADA,DOCAS INVESTIMENTOS SA,RIO DE JANEIRO,33.433.665/0001-48,Emp. Adm. Part. - Telecomunicações,PRIVADO,RJ
CANCELADA,CIA INDL AGRIC SANTA CECILIA,RIO DE JANEIRO,33.433.822/0001-15,"Agricultura (Açúcar, Álcool e Cana)",PRIVADO,RJ
CANCELADA,JAMYR VASCONCELLOS SA,RIO DE JANEIRO,33.438.250/0001-67,Comércio (Atacado e Varejo),PRIVADO,RJ
ATIVO,RAÍZEN S.A.,RIO DE JANEIRO,33.453.598/0001-23,Comércio (Atacado e Varejo),PRIVADO,RJ
CANCELADA,STANDARD ELETRONICA SA,RIO DE JANEIRO,33.460.635/0001-20,"Máquinas, Equipamentos, Veículos e Peças",PRIVADO,RJ
CANCELADA,CIA TELEFONES DO RJ CETEL,RIO DE JANEIRO,33.460.809/0001-55,Telecomunicações,ESTATAL,RJ
CANCELADA,TEKNO S.A. INDÚSTRIA E COMÉRCIO,GUARATINGUETÁ,33.467.572/0001-34,Emp. Adm. Part. - Metalurgia e Siderurgia,PRIVADO,SP
CANCELADA,MASSA FALIDA DE COMPANHIA TEXTIL FERREIRA GUIMARAES,RIO DE JANEIRO,33.470.022/0001-74,Têxtil e Vestuário,PRIVADO,RJ
CANCELADA,BANCO BOAVISTA INTERATLÂNTICO S.A.,OSASCO,33.485.541/0001-06,Bancos,PRIVADO,SP
CANCELADA,CIA AUXILIAR EMP MIN CAEMI,RIO DE JANEIRO,33.490.095/0001-28,Emp. Adm. Participações,PRIVADO,RJ
CANCELADA,PROSPEC SA PROSPECCAO AEROLEV,RIO DE JANEIRO,33.496.563/0001-71,Serviços Diversos,PRIVADO,RJ
CANCELADA,EMP CINEMAS SAO LUIZ SA,RIO DE JANEIRO,33.497.660/0001-89,Serviços Diversos,PRIVADO,RJ
CANCELADA,BOAVISTA SA CRED FIN E INV,RIO DE JANEIRO,33.528.720/0001-83,Bancos,PRIVADO,RJ
CANCELADA,METALON INDUSTRIAS REUNIDAS SA,RIO DE JANEIRO,33.535.246/0001-17,Metalurgia e Siderurgia,PRIVADO,RJ
CANCELADA,"BANEX S/A - CRÉDITO, FINANCIAMENTO E INVESTIMENTO",SÃO PAULO,33.550.104/0001-29,Intermediação Financeira,PRIVADO,SP
ATIVO,RUMO MALHA CENTRAL S.A.,SÃO PAULO,33.572.408/0001-97,Serviços Transporte e Logística,PRIVADO,SP
ATIVO,VALE S.A.,RIO DE JANEIRO,33.592.510/0001-54,Extração Mineral,PRIVADO,RJ
ATIVO,GERDAU S.A.,SÃO PAULO,33.611.500/0001-19,Metalurgia e Siderurgia,PRIVADO,SP
CANCELADA,CIA AMERICA FABRIL,MAGÉ,33.615.956/0001-57,Têxtil e Vestuário,ESTATAL,RJ
CANCELADA,CIA NAVEGACAO LLOYD BRASILEIRO,RIO DE JANEIRO,33.630.120/0001-21,Serviços Transporte e Logística,ESTATAL,RJ
CANCELADA,RACIMEC INFORMATICA BRAS SA,RIO DE JANEIRO,33.643.305/0001-70,"Máquinas, Equipamentos, Veículos e Peças",PRIVADO,RJ
CANCELADA,PJBANK SECURITIZADORA S.A.,CAMPINAS,33.679.797/0001-54,Securitização de Recebíveis,PRIVADO,SP
CANCELADA,UNIBANCO UNIAO BANCOS BRAS SA,SÃO PAULO,33.700.394/0001-40,Bancos,PRIVADO,SP
CANCELADA,UNIBANCO SISTEMAS SA,SÃO PAULO,33.783.754/0001-14,"Máquinas, Equipamentos, Veículos e Peças",PRIVADO,SP
CANCELADA,PETROBRAS QUÍMICA S.A.- PETROQUISA,RIO DE JANEIRO,33.795.055/0001-94,Emp. Adm. Part. - Petroquímicos e Borracha,ESTATAL HOLDING,RJ
CANCELADA,NACIONAL FACTORING SA,RIO DE JANEIRO,33.807.348/0001-44,Bancos,PRIVADO,RJ
CANCELADA,LIBRA TERMINAIS SA,RIO DE JANEIRO,33.813.452/0001-41,Serviços Transporte e Logística,PRIVADO,RJ
CANCELADA,CIMENTO MAUA SA,RIO DE JANEIRO,33.815.580/0001-24,Extração Mineral,PRIVADO,RJ
CANCELADA,ALIPAR ALIMENTOS E PARTS SA,SALVADOR,33.826.637/0001-90,Emp. Adm. Participações,PRIVADO,BA
ATIVO,VIVARA PARTICIPAÇÕES S.A.,SÃO PAULO,33.839.910/0001-11,Comércio (Atacado e Varejo),PRIVADO,SP
CANCELADA,HOTEIS E TURISMO GUANABARA SA,BELO HORIZONTE,33.858.168/0001-91,Hospedagem e Turismo,PRIVADO,MG
CANCELADA,BANCO ALVORADA S.A.,SALVADOR,33.870.163/0001-84,Bancos,PRIVADO,BA
ATIVO,CIA. DISTRIB. DE GÁS DO RIO DE JANEIRO,RIO DE JANEIRO,33.938.119/0001-69,"Saneamento, Serv. Água e Gás",PRIVADO,RJ
ATIVO,UNIPAR CARBOCLORO S.A.,SÃO PAULO,33.958.695/0001-78,Petroquímicos e Borracha,PRIVADO,SP
CANCELADA,CAIXA SEGURADORA SA,BRASÍLIA,34.020.354/0001-10,Seguradoras e Corretoras,ESTRANGEIRO HOLDING,DF
CANCELADA,ABN AMRO ARRENDAMENTO MERCANTIL SA,BARUERI,34.033.779/0001-63,Arrendamento Mercantil,PRIVADO,SP
CANCELADA,CREDICARD SA ADMN CARTOES CRED,SÃO PAULO,34.098.442/0001-34,Serviços Diversos,PRIVADO,SP
CANCELADA,HAITONG BANCO DE INVESTIMENTO DO BRASIL S.A.,SÃO PAULO,34.111.187/0001-12,Arrendamento Mercantil,PRIVADO,SP
CANCELADA,CITIBANK LEASING S.A. - ARREND.MERCANTIL,SÃO PAULO,34.112.128/0001-69,Arrendamento Mercantil,PRIVADO,SP
CANCELADA,UNIBANCO LEASING S.A .-ARREND.MERCANTIL,BARUERI,34.120.899/0001-06,Arrendamento Mercantil,PRIVADO,SP
ATIVO,BANCO MERCANTIL DE INVESTIMENTOS S.A.,BELO HORIZONTE,34.169.557/0001-72,Bancos,PRIVADO,MG
CANCELADA,CIMOB PARTICIPAÇÕES SA,SÃO PAULO,34.177.279/0001-03,"Emp. Adm. Part. - Const. Civil, Mat. Const. e Decoração",PRIVADO,SP
CANCELADA,POLIMIX CONCRETO S/A,BARUERI,34.230.979/0001-06,"Construção Civil, Mat. Constr. e Decoração",PRIVADO,SP
CANCELADA,BANORTE LEASING ARRENDAMENTO MERCANTIL SA EM LIQUIDAÇÃO EXTRAJUDICIAL,RECIFE,34.260.158/0001-12,Arrendamento Mercantil,PRIVADO,PE
CANCELADA,HSBC ASSET FINANCE (BRASIL) - ARRENDAMEN,SÃO PAULO,34.262.972/0001-76,Arrendamento Mercantil,ESTRANGEIRO,SP
CANCELADA,BMG LEASING S.A. -  ARREND. MERCANTIL,SÃO PAULO,34.265.561/0001-34,Arrendamento Mercantil,PRIVADO,SP
CANCELADA,ULTRAQUIMICA PARTICIPACOES SA,SÃO PAULO,34.266.973/0001-99,Emp. Adm. Participações,PRIVADO,SP
CANCELADA,IBM LEASING ARREND MERC SA,RIO DE JANEIRO,34.270.520/0001-36,Arrendamento Mercantil,PRIVADO,RJ
CANCELADA,VIBRA ENERGIA S/A,RIO DE JANEIRO,34.274.233/0001-02,Comércio (Atacado e Varejo),ESTATAL,RJ
CANCELADA,COMPANHIA SECURITIZADORA DE CRÉDITOS FINANCEIROS VERT-PROVI,SÃO PAULO,34.469.625/0001-19,Securitização de Recebíveis,PRIVADO,SP
CANCELADA,UP ENGENHARIA E URBANISMO S.A.,ASTOLFO DUTRA,34.591.574/0001-01,"Construção Civil, Mat. Constr. e Decoração",PRIVADO,MG
CANCELADA,BASE SECURITIZADORA DE CRÉDITOS IMOBILIÁRIOS S.A.,SÃO PAULO,35.082.277/0001-95,Securitização de Recebíveis,PRIVADO,SP
CANCELADA,CS BRASIL PARTICIPAÇÕES E LOCAÇÕES S.A.,MOGI DAS CRUZES,35.502.310/0001-99,Serviços Transporte e Logística,PRIVADO,SP
ATIVO,CIA SECURITIZADORA DE CRED. FIN. CARTÕES CONSIGNADOS II,SÃO PAULO,35.522.178/0001-87,Securitização de Recebíveis,PRIVADO,SP
CANCELADA,COMPANHIA SECURITIZADORA DE CRÉDITOS FINANCEIROS VERT-VIRTUS,SÃO PAULO,35.522.281/0001-27,Securitização de Recebíveis,PRIVADO,SP
ATIVO,CONCESSIONÁRIA ECOVIAS DO CERRADO S.A.,UBERLÂNDIA,35.593.905/0001-05,Serviços Transporte e Logística,PRIVADO,MG
ATIVO,AUTOMOB PARTICIPAÇÕES S.A.,CUIABÁ,35.654.688/0001-08,Serviços Transporte e Logística,PRIVADO,MT
ATIVO,EZ INC INCORPORAÇÕES S.A.,SÃO PAULO,35.727.157/0001-06,"Construção Civil, Mat. Constr. e Decoração",PRIVADO,SP
ATIVO,BRASIL TECNOLOGIA E PARTICIPAÇÕES S.A.,SÃO PAULO,35.764.708/0001-01,Telecomunicações,PRIVADO,SP
ATIVO,QUALITY SOFTWARE S.A.,RIO DE JANEIRO,35.791.391/0001-94,Emp. Adm. Part. - Comunicação e Informática,PRIVADO,RJ
ATIVO,INSPIRALI EDUCAÇÃO S.A.,BELO HORIZONTE,35.822.503/0001-27,Educação,PRIVADO,MG
ATIVO,ELEA DIGITAL INFRAESTRUTURA E REDES DE TELECOMUNICAÇÕES S.A.,RIO DE JANEIRO,35.980.592/0001-30,Comunicação e Informática,PRIVADO,RJ
ATIVO,EIXO SP CONCESSIONARIA DE RODOVIAS S.A.,SÃO CARLOS,36.146.575/0001-64,Serviços Transporte e Logística,PRIVADO,SP
CANCELADA,VERO CAPITAL MARKETS S.A.,SÃO PAULO,36.243.187/0001-00,Securitização de Recebíveis,PRIVADO,SP
CANCELADA,AMIL PARTICIPAÇÕES S/A,RIO DE JANEIRO,36.461.242/0001-20,Serviços Médicos,PRIVADO HOLDING,RJ
ATIVO,BRQ SOLUÇÕES EM INFORMÁTICA S.A.,BARUERI,36.542.025/0001-64,Comunicação e Informática,PRIVADO,SP
CANCELADA,CIA. SEC. DE CRÉDITOS FINANCEIROS VERT-PROVI II,SÃO PAULO,36.729.398/0001-49,Securitização de Recebíveis,PRIVADO,SP
ATIVO,CONCESSIONARIA CATARINENSE DE RODOVIAS S.A.,CAPIVARI DE BAIXO,36.763.716/0001-98,Emp. Adm. Part. - Serviços Transporte e Logística,PRIVADO,SC
CANCELADA,COMPANHIA SECURITIZADORA DE CRÉDITOS FINANCEIROS - VERT 5,SÃO PAULO,37.368.315/0001-04,Securitização de Recebíveis,PRIVADO,SP
CANCELADA,FICTOR Securitizadora S.A.,SÃO PAULO,37.592.100/0001-64,Securitização de Recebíveis,PRIVADO,SP
CANCELADA,BBC LEASING ARREND MERCANTIL-EM LIQUIDAÇÃO ORDINÁRIA,GOIÂNIA,37.623.907/0001-17,Arrendamento Mercantil,PRIVADO,GO
ATIVO,AUREN PARTICIPAÇÕES S.A.,SÃO PAULO,37.663.076/0001-07,Energia Elétrica,PRIVADO HOLDING,SP
ATIVO,MONTE RODOVIAS S.A.,SÃO PAULO,37.702.340/0001-74,Emp. Adm. Part. - Serviços Transporte e Logística,PRIVADO,SP
ATIVO,TRAVESSIA SECURITIZADORA DE CRÉDITOS FINANCEIROS S.A.,SÃO PAULO,38.042.694/0001-00,Securitização de Recebíveis,PRIVADO,SP
CANCELADA,Rio Energy Participações S.A.,RIO DE JANEIRO,38.126.888/0001-86,Emp. Adm. Part. - Energia Elétrica,PRIVADO,RJ
ATIVO,RIO ALTO ENERGIAS RENOVÁVEIS S.A. - EM RECUPERAÇÃO JUDICIAL,SÃO PAULO,38.199.406/0001-18,Energia Elétrica,PRIVADO,SP
ATIVO,ASSURUÁ 4 E 5 HOLDING ENERGIA S.A.,SÃO PAULO,38.286.323/0001-66,Emp. Adm. Part. - Energia Elétrica,PRIVADO HOLDING,SP
ATIVO,INFRACOMMERCE CXAAS S.A.,SÃO PAULO,38.456.921/0001-36,Comércio (Atacado e Varejo),PRIVADO,SP
CANCELADA,ANEMUS WIND HOLDING S.A.,SÃO PAULO,38.482.780/0001-26,Energia Elétrica,PRIVADO,SP
CANCELADA,AMAZONE FUN PARKS S/A,PENHA,38.543.489/0001-10,Hospedagem e Turismo,ESTRANGEIRO HOLDING,SC
ATIVO,RUMO MALHA OESTE S.A.,SÃO PAULO,39.115.514/0001-28,Serviços Transporte e Logística,PRIVADO,SP
CANCELADA,CENCOSUD BRASIL COMERCIAL S.A.,SÃO PAULO,39.346.861/0350-38,Comércio (Atacado e Varejo),ESTRANGEIRO,SP
CANCELADA,HLASA PARTICIPAÇÕES S.A.,RIO DE JANEIRO,39.393.829/0001-37,Emp. Adm. Part. - Sem Setor Principal,PRIVADO HOLDING,RJ
CANCELADA,MESBLA TRUST REC CARTAO CRD SA,RIO DE JANEIRO,39.527.759/0001-62,Securitização de Recebíveis,PRIVADO,RJ
ATIVO,BRK AMBIENTAL - REGIÃO METROPOLITANA DE MACEIÓ S.A.,MACEIÓ,39.580.673/0001-01,"Emp. Adm. Part. - Saneamento, Serv. Água e Gás",PRIVADO,AL
CANCELADA,BANESTES LEASING SA ARR MERC,VITÓRIA,39.813.605/0001-37,Arrendamento Mercantil,ESTATAL,ES
ATIVO,COMPANHIA ESTADUAL DE GERAÇÃO DE ENERGIA ELÉTRICA - CEEE-G,PORTO ALEGRE,39.881.421/0001-04,Energia Elétrica,PRIVADO,RS
ATIVO,HMOBI PARTICIPAÇÕES S.A,RIO DE JANEIRO,40.159.947/0001-64,Emp. Adm. Part. - Sem Setor Principal,PRIVADO HOLDING,RJ
CANCELADA,DIJON SA,RIO DE JANEIRO,40.173.064/0001-09,Comércio (Atacado e Varejo),PRIVADO,RJ
CANCELADA,REFINARIA DE MANAUS S.A.,MANAUS,40.180.943/0001-68,Petróleo e Gás,PRIVADO,AM
ATIVO,SOLVI ESSENCIS AMBIENTAL S.A.,SÃO PAULO,40.263.170/0001-83,"Saneamento, Serv. Água e Gás",PRIVADO,SP
CANCELADA,AUTOTRAC COMERCIO E TELECOMUNICAÇÕES,BRASÍLIA,40.281.347/0001-74,Serviços Transporte e Logística,PRIVADO,DF
ATIVO,TERRA SANTA PROPRIEDADES AGRÍCOLAS S.A.,SÃO PAULO,40.337.136/0001-06,"Agricultura (Açúcar, Álcool e Cana)",PRIVADO,SP
CANCELADA,ANCAR EMPREENDIMENTOS COMERCIAIS S/A,RIO DE JANEIRO,40.430.571/0001-80,Emp. Adm. Part. - Comércio (Atacado e Varejo),PRIVADO,RJ
CANCELADA,BCP S/A,SÃO PAULO,40.432.544/0001-47,Telecomunicações,PRIVADO,SP
CANCELADA,PLAYBANCO SECURITIZADORA S.A,SÃO CAETANO DO SUL,40.446.476/0001-75,Securitização de Recebíveis,PRIVADO HOLDING,SP
CANCELADA,RIO ALTO STL HOLDING I S.A.,SANTA LUZIA,40.480.481/0001-02,Emp. Adm. Part. - Energia Elétrica,PRIVADO,PB
ATIVO,IFIN PARTICIPACOES S.A.,SÃO PAULO,40.593.395/0001-06,Securitização de Recebíveis,PRIVADO,SP
CANCELADA,HUMAITA SECURITIZADORA S/A,NATAL,40.760.921/0001-77,Securitização de Recebíveis,PRIVADO,RN
CANCELADA,CIA. SECURITIZADORA DE CRED. FIN. VERT-UME,SÃO PAULO,40.885.785/0001-41,Securitização de Recebíveis,PRIVADO,SP
CANCELADA,PORTO DE VITÓRIA COMPANHIA SECURITIZADORA DE CRÉDITOS FINANCEIROS S.A.,SÃO PAULO,40.997.635/0001-20,Securitização de Recebíveis,PRIVADO,SP
ATIVO,SOLAR BEBIDAS S.A.,FORTALEZA,41.052.420/0001-07,Bebidas e Fumo,PRIVADO,CE
ATIVO,CANTU STORE S.A.,SÃO PAULO,41.096.674/0001-19,Emp. Adm. Part. - Comércio (Atacado e Varejo),PRIVADO,SP
CANCELADA,MOTTU I S.A,SÃO PAULO,41.335.131/0001-07,"Máquinas, Equipamentos, Veículos e Peças",PRIVADO,SP
ATIVO,RODOVIAS DO BRASIL HOLDING S.A.,RIO DE JANEIRO,41.508.382/0001-46,Emp. Adm. Part. - Serviços Transporte e Logística,PRIVADO HOLDING,RJ
CANCELADA,CERES SECURITIZADORA S.A.,UBERABA,41.534.746/0001-62,Securitização de Recebíveis,PRIVADO,MG
ATIVO,VRENTAL LOCAÇÃO DE MÁQUINAS E EQUIPAMENTOS S.A.,INDAIATUBA,41.570.356/0001-48,"Máquinas, Equipamentos, Veículos e Peças",PRIVADO,SP
CANCELADA,CANAL COMPANHIA DE SECURITIZAÇÃO,SÃO PAULO,41.811.375/0001-19,Securitização de Recebíveis,PRIVADO,SP
ATIVO,CONCESSIONARIA ROTA DE SANTA MARIA S.A,SANTA CRUZ DO SUL,41.886.692/0001-02,Serviços Transporte e Logística,PRIVADO,RS
CANCELADA,CIA BOZANO SIMONSEN COM IND,RIO DE JANEIRO,42.113.662/0001-18,Emp. Adm. Participações,PRIVADO,RJ
CANCELADA,SIDERURGICA HIME,SÃO GONÇALO,42.119.370/0001-92,Metalurgia e Siderurgia,PRIVADO,RJ
CANCELADA,RIO OTHON PALACE HOTEL SA,RIO DE JANEIRO,42.149.559/0001-28,Hospedagem e Turismo,PRIVADO,RJ
ATIVO,BRASKEM S.A.,CAMAÇARI,42.150.391/0001-70,Petroquímicos e Borracha,PRIVADO,BA
CANCELADA,ARACRUZ CELULOSE S/A,ARACRUZ,42.157.511/0001-61,Papel e Celulose,PRIVADO,ES
CANCELADA,GESTIO SA COMERCIO E INDUSTRIA,RIO DE JANEIRO,42.171.157/0001-20,Emp. Adm. Participações,PRIVADO,RJ
ATIVO,ALVAREZ & MARSAL INVESTIMENTOS I S.A.,SÃO PAULO,42.233.757/0001-75,Emp. Adm. Part. - Sem Setor Principal,PRIVADO,SP
CANCELADA,VEPLAN SA,RIO DE JANEIRO,42.274.597/0001-02,Crédito Imobiliário,PRIVADO,RJ
CANCELADA,ABC XTAL MICROELETRONICA SA,RIO DE JANEIRO,42.275.727/0001-21,"Máquinas, Equipamentos, Veículos e Peças",PRIVADO,RJ
ATIVO,LOG-IN LOGISTICA INTERMODAL SA,RIO DE JANEIRO,42.278.291/0001-24,Serviços Transporte e Logística,PRIVADO,RJ
ATIVO,WIZ CO PARTICIPAÇÕES E CORRETAGEM DE SEGUROS S.A.,BRASÍLIA,42.278.473/0001-03,Seguradoras e Corretoras,PRIVADO,DF
CANCELADA,EUROLEASE SA ARREND MERCANTIL,RIO BRANCO,42.290.403/0001-62,Arrendamento Mercantil,PRIVADO,AC
CANCELADA,SANTANDER LEASING S.A. ARREND MERC,RIO DE JANEIRO,42.291.245/0001-65,Arrendamento Mercantil,PRIVADO,RJ
ATIVO,RIO+ SANEAMENTO BL 3 S.A.,RIO DE JANEIRO,42.292.007/0001-74,"Saneamento, Serv. Água e Gás",PRIVADO,RJ
ATIVO,ÁGUAS DO RIO 1 SPE S.A.,RIO DE JANEIRO,42.310.775/0001-03,"Saneamento, Serv. Água e Gás",PRIVADO,RJ
ATIVO,EMBPAR PARTICIPAÇÕES S/A,RIO NEGRINHO,42.331.462/0001-31,Emp. Adm. Part. - Sem Setor Principal,PRIVADO HOLDING,SC
ATIVO,IGUÁ RIO DE JANEIRO S.A.,RIO DE JANEIRO,42.353.180/0001-35,"Emp. Adm. Part. - Saneamento, Serv. Água e Gás",PRIVADO,RJ
CANCELADA,GPC INDUSTRIA E COMERCIO SA,RIO DE JANEIRO,42.360.925/0001-93,Emp. Adm. Participações,PRIVADO,RJ
CANCELADA,SULFAB CIA SULFOQUIMICA DA BA,CAMAÇARI,42.363.150/0001-00,Petroquímicos e Borracha,PRIVADO,BA
CANCELADA,COMPANHIA PARAIBUNA DE METAIS,JUIZ DE FORA,42.416.651/0001-07,Metalurgia e Siderurgia,PRIVADO,MG
CANCELADA,BOAVISTA SA ARREND MERCANTIL,OSASCO,42.419.846/0001-00,Arrendamento Mercantil,PRIVADO,SP
CANCELADA,INVESPAR SA,RIO DE JANEIRO,42.461.046/0001-58,Emp. Adm. Participações,PRIVADO,RJ
ATIVO,SERENA ENERGIA S.A.,SÃO PAULO,42.500.384/0001-51,Emp. Adm. Part. - Energia Elétrica,PRIVADO,SP
CANCELADA,MODDATA SA ENG. DE TEL. E INF.,SÃO PAULO,42.517.177/0001-00,Telecomunicações,PRIVADO,SP
CANCELADA,VANGUARDA CIA SEGUROS GERAIS,SÃO PAULO,42.582.049/0001-40,Seguradoras e Corretoras,PRIVADO,SP
CANCELADA,CIA INTERNACIONAL FIDUCIARIA,RIO DE JANEIRO,42.584.060/0001-49,Emp. Adm. Participações,PRIVADO,RJ
CANCELADA,CIA BANGU DESENVOLVIMENTO PARTICIPAÇÕES,RIO DE JANEIRO,42.584.128/0001-90,Emp. Adm. Part. - Têxtil e Vestuário,PRIVADO,RJ
CANCELADA,GARRA PARTICIPACOES SA,RIO DE JANEIRO,42.584.326/0001-53,Emp. Adm. Participações,PRIVADO,RJ
CANCELADA,WESTINGHOUSE BRASIL SA,SÃO PAULO,42.586.313/0001-13,"Máquinas, Equipamentos, Veículos e Peças",ESTRANGEIRO,SP
CANCELADA,TRUE SECURITIZADORA DE CREDITOS FINANCEIROS IV S.A.,SÃO PAULO,42.603.513/0001-37,Securitização de Recebíveis,PRIVADO,SP
ATIVO,ÁGUAS DO RIO 4 SPE S.A.,RIO DE JANEIRO,42.644.220/0001-06,"Saneamento, Serv. Água e Gás",PRIVADO,RJ
ATIVO,ALLIANÇA SAÚDE E PARTICIPAÇÕES S.A.,SÃO PAULO,42.771.949/0001-35,Serviços Médicos,PRIVADO,SP
CANCELADA,VERT-11 COMPANHIA SECURITIZADORA DE CRÉDITOS FINANCEIROS E COMERCIAIS,SÃO PAULO,42.937.550/0001-81,Securitização de Recebíveis,PRIVADO,SP
CANCELADA,VERT-9 COMPANHIA SECURITIZADORA DE CRÉDITOS FINANCEIROS,SÃO PAULO,42.938.083/0001-04,Securitização de Recebíveis,PRIVADO,SP
CANCELADA,VICUNHA SA,SÃO PAULO,43.031.574/0001-30,Têxtil e Vestuário,PRIVADO,SP
CANCELADA,BANCO NOSSA CAIXA S/A,SÃO PAULO,43.073.394/0001-10,Bancos,ESTATAL,SP
CANCELADA,CONPART IND ELETRONICA S/A,FORTALEZA,43.081.017/0001-23,"Máquinas, Equipamentos, Veículos e Peças",PRIVADO,CE
CANCELADA,FERTIBASE SA,SÃO PAULO,43.081.082/0001-59,Petroquímicos e Borracha,PRIVADO,SP
CANCELADA,TRUFANA TEXTIL SA,SÃO PAULO,43.107.119/0001-70,Têxtil e Vestuário,PRIVADO,SP
CANCELADA,IGB ELETRÔNICA S.A. - EM RECUPERAÇÃO JUDICIAL,MANAUS,43.185.362/0001-07,"Máquinas, Equipamentos, Veículos e Peças",PRIVADO,AM
CANCELADA,RACIONAL ENGENHARIA SA,SÃO PAULO,43.202.951/0001-56,"Construção Civil, Mat. Constr. e Decoração",PRIVADO,SP
ATIVO,KALUNGA S.A.,SÃO PAULO,43.283.811/0001-50,Comércio (Atacado e Varejo),PRIVADO,SP
ATIVO,TRAVESSIA SECURITIZADORA DE CRÉDITOS MERCANTIS VI S.A.,SÃO PAULO,43.335.774/0001-86,Securitização de Recebíveis,PRIVADO,SP
CANCELADA,SAFRA HOLDING SA,SÃO PAULO,43.338.730/0001-00,Emp. Adm. Participações,PRIVADO,SP
CANCELADA,MEDIAL SAUDE S/A,SÃO PAULO,43.358.647/0001-00,Serviços Médicos,PRIVADO,SP
CANCELADA,CONST CENTENARIO SA EMP E PART,SÃO PAULO,43.382.027/0001-07,"Construção Civil, Mat. Constr. e Decoração",PRIVADO,SP
CANCELADA,SAFRA SA ADM E PARTICIPACOES,SÃO PAULO,43.422.013/0001-61,Emp. Adm. Participações,PRIVADO,SP
CANCELADA,BFB LEASING S.A. ARRENDAMENTO MERCANTIL,SÃO PAULO,43.425.008/0001-02,Arrendamento Mercantil,ESTRANGEIRO,SP
CANCELADA,ITAUBANK LEASING SA ARREND MERCANTIL (SUCEDIDA POR ITAU UNIBANCO SA E DIBENS LEASING SA ARR. MERCANT,BARUERI,43.443.464/0001-85,Arrendamento Mercantil,PRIVADO,SP
CANCELADA,BOSTON EXPORTADORA IMPORT SA,SÃO PAULO,43.458.421/0001-73,Comércio Exterior,PRIVADO,SP
ATIVO,EVEN CONSTRUTORA E INCORPORADORA S/A,SÃO PAULO,43.470.988/0001-65,"Construção Civil, Mat. Constr. e Decoração",PRIVADO,SP
CANCELADA,NATIVA TRANSFORMADORES SA,PORTO ALEGRE,43.504.489/0001-41,"Máquinas, Equipamentos, Veículos e Peças",PRIVADO,RS
CANCELADA,AUTOMOB S.A.,MOGI DAS CRUZES,43.513.237/0001-89,Emp. Adm. Part. - Comércio (Atacado e Varejo),PRIVADO HOLDING,SP
ATIVO,CLI SUL S.A.,SÃO PAULO,43.514.079/0001-81,Serviços Transporte e Logística,PRIVADO,SP
CANCELADA,ADEPAR ASSESSORIA ADM SERV SA,PORTO ALEGRE,43.631.183/0001-56,Emp. Adm. Participações,PRIVADO,RS
CANCELADA,TELECOM SAO PAULO SA,SÃO PAULO,43.642.727/0001-85,Telecomunicações,ESTATAL,SP
CANCELADA,FATSUI BRASIL SA EMP GERAL MIN,SÃO PAULO,43.709.435/0001-12,Extração Mineral,PRIVADO,SP
CANCELADA,METODO ENGENHARIA SA,SÃO PAULO,43.710.946/0001-54,"Construção Civil, Mat. Constr. e Decoração",PRIVADO,SP
CANCELADA,NACIONAL LEASING SA ARR MEC,SÃO PAULO,43.711.746/0001-16,Arrendamento Mercantil,PRIVADO,SP
ATIVO,CIA SANEAMENTO BÁSICO ESTADO SÃO PAULO,SÃO PAULO,43.776.517/0001-80,"Saneamento, Serv. Água e Gás",ESTATAL,SP
CANCELADA,CHASE MANHATTAN LEASING SA A M,SÃO PAULO,43.817.154/0001-83,Arrendamento Mercantil,ESTRANGEIRO,SP
CANCELADA,BRADESCO LEASING S.A. ARREND. MERCANTIL,OSASCO,43.833.821/0001-11,Arrendamento Mercantil,PRIVADO,SP
CANCELADA,PHILIP MORRIS BRASILEIRA SA,CURITIBA,43.834.795/0001-46,Bebidas e Fumo,ESTRANGEIRO,PR
CANCELADA,NORCHEM PARTICIPACOES E CONSULTORIA LTDA,BELO HORIZONTE,43.834.894/0001-28,Bancos,ESTRANGEIRO,MG
ATIVO,LUPO S.A.,ARARAQUARA,43.948.405/0001-69,Comércio (Atacado e Varejo),PRIVADO,SP
CANCELADA,INDS MONSANTO SA,SÃO PAULO,43.995.323/0001-75,Petroquímicos e Borracha,ESTRANGEIRO,SP
ATIVO,VIA BRASIL BR 163 CONCESSIONARIA DE RODOVIAS S.A.,SINOP,44.067.725/0001-72,Serviços Transporte e Logística,PRIVADO,MT
CANCELADA,UNIBANCO LEASING S.A.- ARREND. MERCANTIL,BARUERI,44.071.785/0001-69,Arrendamento Mercantil,PRIVADO,SP
CANCELADA,LARAMO SA,SÃO PAULO,44.076.123/0001-81,Outras Atividades Industriais,PRIVADO,SP
CANCELADA,AMERICA DO SUL LEAS SA ARR MER,SÃO PAULO,44.081.677/0001-77,Arrendamento Mercantil,PRIVADO,SP
CANCELADA,SAO LUIZ PARTICIPACOES SA,SÃO PAULO,44.220.580/0001-06,Emp. Adm. Participações,PRIVADO,SP
ATIVO,CONCESSIONÁRIA DO SISTEMA RODOVIÁRIO RIO-SÃO PAULO S.A.,SANTA ISABEL,44.319.688/0001-42,Emp. Adm. Part. - Serviços Transporte e Logística,PRIVADO,SP
CANCELADA,ABRIL SA,SÃO PAULO,44.597.052/0001-62,Gráficas e Editoras,PRIVADO,SP
CANCELADA,COSTA PINTO S.A.,SÃO PAULO,44.689.123/0001-57,"Agricultura (Açúcar, Álcool e Cana)",PRIVADO,SP
CANCELADA,USINA S BARBARA SA,SÃO PAULO,44.689.131/0001-01,"Agricultura (Açúcar, Álcool e Cana)",PRIVADO,SP
CANCELADA,USINA BARRA SA ACUCAR ALCOOL,BARRA BONITA,44.742.989/0001-84,"Agricultura (Açúcar, Álcool e Cana)",PRIVADO,SP
CANCELADA,M DEDINI SA METALURGICA,PIRACICABA,44.813.863/0001-53,Metalurgia e Siderurgia,PRIVADO,SP
CANCELADA,SAP SECURITIZADORA DE CREDITOS FINANCEIROS S.A.,RIO DE JANEIRO,44.841.035/0001-29,Securitização de Recebíveis,PRIVADO,RJ
CANCELADA,HSBC LEASING A.M.(BRASIL) SA,CURITIBA,44.847.374/0001-12,Arrendamento Mercantil,PRIVADO,PR
ATIVO,PARSAN S.A.,SÃO PAULO,44.854.238/0001-50,"Saneamento, Serv. Água e Gás",PRIVADO,SP
CANCELADA,AQUATEC QUIMICA SA,SÃO PAULO,45.169.000/0001-58,Petroquímicos e Borracha,ESTRANGEIRO,SP
CANCELADA,MICROTEC SIST IND E COM SA,COTIA,45.169.406/0001-30,"Máquinas, Equipamentos, Veículos e Peças",PRIVADO,SP
CANCELADA,MASSA FALIDA DE OLMA SA OLEOS VEGETAIS,BEBEDOURO,45.240.538/0001-01,Alimentos,PRIVADO,SP
ATIVO,C&A MODAS S.A.,BARUERI,45.242.914/0001-05,Têxtil e Vestuário,PRIVADO,SP
ATIVO,VITTIA S.A.,SÃO JOAQUIM DA BARRA,45.365.558/0001-09,"Agricultura (Açúcar, Álcool e Cana)",PRIVADO,SP
CANCELADA,SPLICE DO BRASIL TELEC  E ELETRONICA S/A,VOTORANTIM,45.397.007/0001-27,"Máquinas, Equipamentos, Veículos e Peças",PRIVADO,SP
ATIVO,PROFARMA DISTRIB PROD FARMACEUTICOS S.A.,RIO DE JANEIRO,45.453.214/0001-51,Comércio (Atacado e Varejo),PRIVADO HOLDING,RJ
ATIVO,ÁGUAS DO SERTAO S.A.,PENEDO,45.456.117/0001-12,"Saneamento, Serv. Água e Gás",PRIVADO HOLDING,AL
ATIVO,UNIDAS LOCADORA S.A.,BELO HORIZONTE,45.736.131/0001-70,Serviços Transporte e Logística,PRIVADO,MG
ATIVO,BIOMA EDUCAÇÃO S.A.,SÃO PAULO,45.987.245/0001-92,Emp. Adm. Part. - Educação,PRIVADO,SP
CANCELADA,CONST LIX DA CUNHA SA,CAMPINAS,46.014.635/0001-49,"Construção Civil, Mat. Constr. e Decoração",PRIVADO,SP
CANCELADA,AUXILIAR SA PARTICIPACOES,SÃO PAULO,46.047.288/0001-50,Emp. Adm. Participações,PRIVADO,SP
CANCELADA,INVESTEC SA,SÃO PAULO,46.112.488/0001-40,Emp. Adm. Participações,PRIVADO,SP
ATIVO,SOCIEDADE ABASTECIMENTO DE AGUA E SANEAMENTO SA,CAMPINAS,46.119.855/0001-37,"Saneamento, Serv. Água e Gás",ESTATAL,SP
CANCELADA,MOTORES BUFALO SA,BELO HORIZONTE,46.414.082/0001-11,"Máquinas, Equipamentos, Veículos e Peças",PRIVADO,MG
CANCELADA,BMD LEASING SA ARREND MERC,SÃO PAULO,46.521.357/0001-16,Arrendamento Mercantil,PRIVADO,SP
ATIVO,MANTIQUEIRA HOLDING S.A.,RIO DE JANEIRO,46.568.486/0001-60,Emp. Adm. Part. - Energia Elétrica,PRIVADO,RJ
ATIVO,PORTO SAÚDE PARTICIPAÇÕES S.A.,SÃO PAULO,46.573.272/0001-81,Emp. Adm. Part. - Serviços médicos,PRIVADO,SP
CANCELADA,AÇUCAR GUARANI S/A,OLÍMPIA,47.080.619/0001-17,"Agricultura (Açúcar, Álcool e Cana)",PRIVADO HOLDING,SP
ATIVO,VIA ARAUCÁRIA CONCESSIONÁRIA DE RODOVIAS S.A.,CURITIBA,47.155.252/0001-53,Serviços Transporte e Logística,PRIVADO,PR
CANCELADA,NOVOTEL HOTELARIA TURISMO SA,SÃO PAULO,47.177.654/0001-59,Hospedagem e Turismo,PRIVADO,SP
CANCELADA,FINAÚSTRIA ARRENDAMENTO MERCANTIL S.A.,SALESÓPOLIS,47.178.918/0001-99,Arrendamento Mercantil,PRIVADO,SP
CANCELADA,COMIND LEASING SA ARR MERC,SÃO PAULO,47.184.932/0001-03,Arrendamento Mercantil,PRIVADO,SP
CANCELADA,COMPANHIA DE EMBALAGENS METÁLICAS - MMSA,SÃO PAULO,47.189.014/0001-69,Metalurgia e Siderurgia,PRIVADO,SP
CANCELADA,SANTANDER LEASING S.A. ARRENDAMENTO MERCANTIL,SÃO PAULO,47.193.149/0001-06,Arrendamento Mercantil,ESTRANGEIRO,SP
CANCELADA,DESTILARIA R S SA,ASSIS,47.240.585/0001-80,Petroquímicos e Borracha,PRIVADO,SP
CANCELADA,VILLARES INDS BASE VIBASA,SÃO PAULO,47.247.069/0001-88,Metalurgia e Siderurgia,PRIVADO,SP
CANCELADA,VILLARES MECANICA SA,SÃO PAULO,47.287.784/0001-44,"Máquinas, Equipamentos, Veículos e Peças",PRIVADO,SP
CANCELADA,COLUMBIA PARTICIPACOES SA,EMBU DAS ARTES,47.309.463/0001-01,Emp. Adm. Participações,PRIVADO,SP
CANCELADA,REMA SA,GUARULHOS,47.349.535/0001-36,Têxtil e Vestuário,PRIVADO,SP
CANCELADA,SCOPUS TECNOLOGIA SA,SÃO PAULO,47.379.565/0001-95,"Máquinas, Equipamentos, Veículos e Peças",PRIVADO,SP
CANCELADA,MAKRO ATACADISTA SA,SÃO PAULO,47.427.653/0001-15,Comércio (Atacado e Varejo),ESTRANGEIRO HOLDING,SP
ATIVO,COMPANHIA BRASILEIRA DE DISTRIBUIÇÃO,SÃO PAULO,47.508.411/0001-56,Comércio (Atacado e Varejo),PRIVADO,SP
CANCELADA,BRADESCO LEASING S.A. - ARRENDAMENTO MERCANTIL,OSASCO,47.509.120/0001-82,Arrendamento Mercantil,PRIVADO,SP
ATIVO,NOVA SOCIEDADE DE NAVEGAÇÃO S.A.,RIO DE JANEIRO,47.586.663/0001-01,Emp. Adm. Part. - Petróleo e Gás,PRIVADO,RJ
CANCELADA,AUTEL SA TELECOMUNICAÇOES,SÃO PAULO,47.709.365/0001-53,"Máquinas, Equipamentos, Veículos e Peças",PRIVADO,SP
ATIVO,CAMINHOS DA SERRA GAUCHA S/A,FARROUPILHA,47.815.827/0001-17,Serviços Transporte e Logística,PRIVADO,RS
CANCELADA,ALPART ALPA PARTICIPACOES SA,SÃO PAULO,47.848.684/0001-40,Emp. Adm. Participações,PRIVADO,SP
CANCELADA,TAM TRANSP AEREOS REGIONAIS SA,SÃO PAULO,47.893.664/0001-90,Serviços Transporte e Logística,PRIVADO,SP
CANCELADA,FINASA LEASING ARRENDAMENTO MERCANTIL SA,OSASCO,47.896.709/0001-80,Arrendamento Mercantil,PRIVADO,SP
CANCELADA,AMAZONAS PRODS P CALCADOS SA,FRANCA,47.959.697/0001-96,Têxtil e Vestuário,PRIVADO,SP
ATIVO,MAGAZINE LUIZA SA,FRANCA,47.960.950/0001-21,Comércio (Atacado e Varejo),PRIVADO,SP
CANCELADA,LIMASA SA,SÃO BERNARDO DO CAMPO,48.071.716/0001-06,Metalurgia e Siderurgia,PRIVADO,SP
ATIVO,CONCESSIONÁRIA RODOVIAS DO SUL DE MINAS SPE S.A.,POUSO ALEGRE,48.127.008/0001-40,Serviços Transporte e Logística,PRIVADO,MG
ATIVO,CONCESSIONÁRIA RODOVIAS DO TRIÂNGULO SPE S.A.,UBERLÂNDIA,48.127.012/0001-08,Serviços Transporte e Logística,PRIVADO,MG
CANCELADA,DEDINI SA SIDERURGICA,PIRACICABA,48.170.765/0001-04,Metalurgia e Siderurgia,PRIVADO,SP
ATIVO,ALTHAIA S.A. INDÚSTRIA FARMACÊUTICA,ATIBAIA,48.344.725/0007-19,Farmacêutico e Higiene,PRIVADO,SP
CANCELADA,BASF BRAS SA INDS QUIMICAS,SÃO PAULO,48.539.407/0001-18,Petroquímicos e Borracha,ESTRANGEIRO,SP
CANCELADA,TELEINVEST PARTICIPACOES SA,SÃO PAULO,48.695.928/0001-64,Emp. Adm. Participações,PRIVADO,SP
ATIVO,SPE NOVO NORTE AEROPORTOS S.A,BELÉM,48.710.127/0001-20,Emp. Adm. Part. - Serviços Transporte e Logística,PRIVADO,PA
ATIVO,CONCESSIONARIA DAS RODOVIAS DO LESTE MS S/A,CHAPADÃO DO SUL,48.851.242/0001-15,Serviços Transporte e Logística,PRIVADO,MS
CANCELADA,BARBER GREENE BRASIL INDUSTRIA E COMERCIO SA,GUARULHOS,49.033.814/0001-11,"Máquinas, Equipamentos, Veículos e Peças",PRIVADO,SP
CANCELADA,SADOKIN SA ELETRICA ELETRONICA,SÃO PAULO,49.039.936/0001-15,Metalurgia e Siderurgia,PRIVADO,SP
CANCELADA,IDEROL SA EQUIPS RODOVIARIOS,BETIM,49.058.555/0001-83,"Máquinas, Equipamentos, Veículos e Peças",PRIVADO,MG
ATIVO,HELBOR EMPREENDIMENTOS S/A,MOGI DAS CRUZES,49.263.189/0001-02,"Construção Civil, Mat. Constr. e Decoração",PRIVADO,SP
ATIVO,CONCESSIONÁRIA DE RODOVIAS NOROESTE PAULISTA S.A,MATÃO,49.314.049/0001-08,Serviços Transporte e Logística,PRIVADO,SP
CANCELADA,BIRMANN SA COM. E EMPREEND.,SÃO PAULO,49.341.506/0001-53,"Construção Civil, Mat. Constr. e Decoração",PRIVADO,SP
ATIVO,VESTE SA ESTILO,SÃO PAULO,49.669.856/0001-43,Emp. Adm. Part. - Comércio (Atacado e Varejo),PRIVADO,SP
ATIVO,PLATÃO CAPITAL S.A.,SÃO PAULO,49.703.913/0001-63,Emp. Adm. Part. - Energia Elétrica,PRIVADO,SP
CANCELADA,ALPLAN SA IND COM CH MAD AGLOM,SÃO PAULO,49.705.528/0001-55,"Construção Civil, Mat. Constr. e Decoração",PRIVADO,SP
CANCELADA,MUNCK SA EQUIPS INDUSTRIAIS,SÃO PAULO,49.865.884/0001-36,Emp. Adm. Participações,PRIVADO,SP
CANCELADA,IFEMA SA I DE CONDS ELETRICOS,VARGEM GRANDE PAULISTA,49.867.112/0001-33,Metalurgia e Siderurgia,PRIVADO,SP
CANCELADA,CIMENTO SANTA RITA SA,SÃO PAULO,49.870.397/0001-61,Extração Mineral,PRIVADO,SP
CANCELADA,CREDIT COMML FRANCE SA AR MERC,SÃO PAULO,49.923.766/0001-37,Arrendamento Mercantil,PRIVADO,SP
CANCELADA,BANCO ITAULEASING S.A.,SÃO PAULO,49.925.225/0001-48,Bancos,PRIVADO,SP
CANCELADA,TEXTIL DUOMO SA,ITATIBA,50.116.334/0001-01,Têxtil e Vestuário,PRIVADO,SP
CANCELADA,PEVE PREDIOS SA,SÃO PAULO,50.280.429/0001-58,Emp. Adm. Participações,PRIVADO,SP
ATIVO,CONCESSIONÁRIA RODOANEL NORTE SPE S.A.,SÃO PAULO,50.399.553/0001-37,Emp. Adm. Part. - Serviços Transporte e Logística,PRIVADO,SP
ATIVO,BOMBRIL S.A. - EM RECUPERAÇÃO JUDICIAL,SÃO BERNARDO DO CAMPO,50.564.053/0001-03,Farmacêutico e Higiene,PRIVADO,SP
ATIVO,COSAN S.A.,SÃO PAULO,50.746.577/0001-15,"Agricultura (Açúcar, Álcool e Cana)",PRIVADO,SP
CANCELADA,GAZETA MERCANTIL SA,SÃO PAULO,50.747.732/0001-18,Gráficas e Editoras,PRIVADO,SP
ATIVO,VULCABRAS S.A.,JUNDIAÍ,50.926.955/0001-42,Têxtil e Vestuário,PRIVADO,SP
CANCELADA,CICA SA,SÃO PAULO,50.930.098/0001-54,Alimentos,ESTRANGEIRO,SP
CANCELADA,HUMAITA SA,SÃO PAULO,50.991.421/0001-08,Emp. Adm. Participações,PRIVADO,SP
CANCELADA,RIMA IMPRESSORA SA,BARUERI,51.033.975/0001-57,"Máquinas, Equipamentos, Veículos e Peças",PRIVADO,SP
ATIVO,NUTRIPLANT INDUSTRIA E COMÉRCIO S/A,BARUERI,51.128.999/0001-90,"Agricultura (Açúcar, Álcool e Cana)",PRIVADO,SP
ATIVO,EPR INFRAESTRUTURA PR S.A.,SÃO PAULO,51.136.974/0001-38,Serviços Transporte e Logística,PRIVADO HOLDING,SP
ATIVO,EPR LITORAL PIONEIRO S.A.,SÃO JOSÉ DOS PINHAIS,51.137.031/0001-20,Serviços Transporte e Logística,PRIVADO HOLDING,PR
CANCELADA,FLEXDISC TECNOLOGIA SA,SÃO PAULO,51.159.713/0001-33,"Máquinas, Equipamentos, Veículos e Peças",PRIVADO,SP
CANCELADA,ECIL SA PRODS E SIST MED CONT,PIEDADE,51.218.089/0001-06,"Máquinas, Equipamentos, Veículos e Peças",PRIVADO,SP
ATIVO,IGUATEMI EMPRESA DE SHOPPING CENTERS S/A,SÃO PAULO,51.218.147/0001-93,Comércio (Atacado e Varejo),PRIVADO,SP
CANCELADA,IND DE PAPEL PIRACICABA SA,PIRACICABA,51.329.092/0001-99,Papel e Celulose,PRIVADO,SP
ATIVO,PORTO SERVIÇO S.A,BARUERI,51.430.503/0001-38,Emp. Adm. Part. - Sem Setor Principal,PRIVADO,SP
CANCELADA,FREIOS VARGA SA,LIMEIRA,51.466.753/0001-28,"Máquinas, Equipamentos, Veículos e Peças",PRIVADO HOLDING,SP
ATIVO,SÃO MARTINHO SA,PRADÓPOLIS,51.466.860/0001-56,"Agricultura (Açúcar, Álcool e Cana)",PRIVADO,SP
CANCELADA,MARAMBAIA ENERGIA RENOVÁVEL SA,PETRÓPOLIS,51.468.056/0001-06,"Agricultura (Açúcar, Álcool e Cana)",PRIVADO,RJ
CANCELADA,RIPASA SA CELULOSE E PAPEL,SÃO PAULO,51.468.791/0001-10,Papel e Celulose,PRIVADO,SP
CANCELADA,ELETRODIGI ELETR DIGITAL SA,SÃO PAULO,51.702.975/0001-00,"Máquinas, Equipamentos, Veículos e Peças",PRIVADO,SP
CANCELADA,EMBAUBA SA DES ENERGETICO,PORTO SEGURO,51.739.530/0001-97,"Agricultura (Açúcar, Álcool e Cana)",PRIVADO,BA
ATIVO,CONCESSIONÁRIA RODOVIAS DO CAFÉ SPE S.A.,VARGINHA,51.742.485/0001-20,Serviços Transporte e Logística,PRIVADO,MG
CANCELADA,NOVADATA SISTS COMPUTADORES SA,BRASÍLIA,51.754.240/0001-12,"Máquinas, Equipamentos, Veículos e Peças",PRIVADO,DF
CANCELADA,ITAUTEC INFORMÁTICA S.A. - GRUPO ITAUTEC,SÃO PAULO,51.764.058/0001-42,Comunicação e Informática,PRIVADO,SP
ATIVO,PLASCAR PARTICIPAÇÕES INDUSTRIAIS S.A,JUNDIAÍ,51.928.174/0001-50,"Emp. Adm. Part. - Máqs., Equip., Veíc. e Peças",PRIVADO,SP
CANCELADA,SOFIMA SA,SÃO PAULO,51.936.094/0001-46,Outras Atividades Industriais,PRIVADO,SP
CANCELADA,AUXILIAR LEASING SA ARR MERC,SÃO PAULO,51.996.601/0001-37,Arrendamento Mercantil,PRIVADO,SP
ATIVO,AZEVEDO & TRAVASSOS ENERGIA S.A.,SÃO PAULO,52.017.473/0001-03,Petróleo e Gás,PRIVADO,SP
CANCELADA,BRUMADINHO SA MIN E METAIS,SÃO PAULO,52.082.872/0001-40,Extração Mineral,PRIVADO,SP
CANCELADA,DORI ALIMENTOS S.A.,SÃO PAULO,52.123.916/0001-32,Alimentos,PRIVADO,SP
CANCELADA,SIFCOINVEST SA,SÃO PAULO,52.211.539/0001-93,Emp. Adm. Participações,PRIVADO,SP
ATIVO,B100 S.A.,SÃO PAULO,52.270.350/0001-71,Intermediação Financeira,PRIVADO,SP
ATIVO,R/HOLDINGS S.A.,SÃO PAULO,52.475.549/0001-36,Emp. Adm. Part. - Sem Setor Principal,PRIVADO,SP
CANCELADA,METALURGICA MOCOCA SA,MOCOCA,52.502.945/0001-05,Metalurgia e Siderurgia,PRIVADO,SP
ATIVO,JSL S.A.,SÃO PAULO,52.548.435/0001-79,Serviços Transporte e Logística,PRIVADO HOLDING,SP
CANCELADA,ELGIN MAQUINAS SA,MOGI DAS CRUZES,52.556.578/0001-22,"Máquinas, Equipamentos, Veículos e Peças",PRIVADO,SP
CANCELADA,CERAMICA SAO JOSE GUACU,MOGI GUAÇU,52.736.790/0001-71,Extração Mineral,PRIVADO,SP
CANCELADA,CERAMICA CHIARELLI SA - EM RECUPERAÇÃO JUDICIAL,MOGI GUAÇU,52.736.840/0001-10,"Construção Civil, Mat. Constr. e Decoração",PRIVADO,SP
CANCELADA,IRMAOS DAVOLI SA IMP E COM,MOGI MIRIM,52.769.783/0001-76,"Máquinas, Equipamentos, Veículos e Peças",PRIVADO,SP
ATIVO,BELORA RDVC CITY DESENVOLVIMENTO IMOBILIÁRIO S.A.,SÃO PAULO,52.805.925/0001-03,"Construção Civil, Mat. Constr. e Decoração",PRIVADO HOLDING,SP
ATIVO,REVEE MCO S.A.,SÃO PAULO,52.810.883/0001-07,Emp. Adm. Part. - Intermediação Financeira,PRIVADO HOLDING,SP
ATIVO,REVEE S.A.,SÃO PAULO,52.841.191/0001-18,Emp. Adm. Part. - Brinquedos e Lazer,PRIVADO,SP
CANCELADA,BANCO FENICIA SA,SÃO PAULO,52.940.319/0001-09,Bancos,PRIVADO,SP
CANCELADA,BANCO CREFISUL S.A.,SÃO PAULO,52.940.350/0001-31,Bancos,PRIVADO,SP
CANCELADA,LISTEL LISTAS TELEFONICAS SA,SÃO PAULO,53.026.472/0001-80,Gráficas e Editoras,PRIVADO,SP
ATIVO,TOTVS S.A,SÃO PAULO,53.113.791/0001-22,Comunicação e Informática,PRIVADO,SP
ATIVO,UNIÃO PET PARTICIPAÇÕES S.A.,SÃO PAULO,53.153.938/0001-08,Comércio (Atacado e Varejo),PRIVADO,SP
CANCELADA,Banco HSBC S.A.,SÃO PAULO,53.518.684/0001-84,Arrendamento Mercantil,ESTRANGEIRO,SP
CANCELADA,MULTIPLIC LEASING ARR MERC SA,RIO DE JANEIRO,53.661.898/0001-05,Arrendamento Mercantil,PRIVADO,RJ
CANCELADA,JPSP INVESTIMENTOS E PARTICIPAÇÕES S.A.,SÃO PAULO,53.790.218/0001-53,Emp. Adm. Part. - Telecomunicações,PRIVADO,SP
CANCELADA,ELEBRA SA ELETR BRASILEIRA,SÃO PAULO,53.843.777/0001-84,Telecomunicações,PRIVADO,SP
CANCELADA,DEDINI SA ADM E PARTICIPACOES,PIRACICABA,54.360.912/0001-01,Emp. Adm. Participações,PRIVADO,SP
CANCELADA,USINA C PINTO SA ACUCAR ALCOOL,PIRACICABA,54.372.917/0001-46,Alimentos,PRIVADO,SP
CANCELADA,TEXTILIA SA,SÃO PAULO,54.485.982/0001-88,Emp. Adm. Participações,PRIVADO HOLDING,SP
CANCELADA,ITAUTEC S.A. - GRUPO ITAUTEC,SÃO PAULO,54.526.082/0001-31,Comunicação e Informática,PRIVADO,SP
CANCELADA,COMPUGRAF TECNOL. E SISTEMA SA,SÃO PAULO,54.540.448/0001-27,"Máquinas, Equipamentos, Veículos e Peças",PRIVADO,SP
CANCELADA,AVARA SA,SÃO PAULO,54.649.819/0001-03,Emp. Adm. Participações,PRIVADO,SP
CANCELADA,CERAMICA PORTO FERREIRA SA,PORTO FERREIRA,55.186.423/0001-30,Extração Mineral,PRIVADO,SP
ATIVO,EPR VIA MINEIRA S.A.,NOVA LIMA,55.231.969/0001-65,Serviços Transporte e Logística,PRIVADO,MG
CANCELADA,MULTITEL TECNOLOGIA SA,RIO DE JANEIRO,55.413.983/0001-80,Emp. Adm. Participações,PRIVADO,RJ
CANCELADA,PROMON TECNOLOGIA SA,SÃO PAULO,55.737.514/0001-16,Emp. Adm. Participações,PRIVADO,SP
CANCELADA,TECPART PARTS E EMPREENDS SA,SÃO PAULO,55.833.909/0001-12,Emp. Adm. Participações,PRIVADO,SP
CANCELADA,MARTREX SA,SÃO PAULO,56.021.785/0001-33,Emp. Adm. Participações,PRIVADO,SP
ATIVO,HAUSCENTER SA,SÃO PAULO,56.444.250/0001-75,Emp. Adm. Part. - Sem Setor Principal,PRIVADO,SP
ATIVO,EUCATEX S.A. INDUSTRIA E COMERCIO,SÃO PAULO,56.643.018/0001-66,"Construção Civil, Mat. Constr. e Decoração",PRIVADO,SP
ATIVO,ROMI S.A.,SANTA BÁRBARA D'OESTE,56.720.428/0001-63,"Máquinas, Equipamentos, Veículos e Peças",PRIVADO,SP
CANCELADA,SEMENTES AGROCERES SA,SÃO PAULO,56.783.681/0001-66,"Agricultura (Açúcar, Álcool e Cana)",PRIVADO,SP
CANCELADA,MATEL TECN DE TELEINF SA,SÃO PAULO,56.795.362/0001-70,"Máquinas, Equipamentos, Veículos e Peças",PRIVADO,SP
CANCELADA,M&G POLIÉSTER SA,SÃO PAULO,56.806.656/0001-50,Emp. Adm. Part. - Petroquímicos e Borracha,ESTRANGEIRO HOLDING,SP
CANCELADA,CIA INDL MERC PAOLETTI,SÃO PAULO,56.969.355/0001-48,Alimentos,PRIVADO,SP
CANCELADA,ROSAFER SA,SÃO PAULO,56.991.490/0001-90,Emp. Adm. Participações,PRIVADO,SP
CANCELADA,ENGESA ENGO ESPECIALIZADOS SA,SÃO PAULO,56.991.888/0001-26,"Máquinas, Equipamentos, Veículos e Peças",PRIVADO,SP
CANCELADA,WES TON SA EQUIPS ELETRICOS,SÃO PAULO,56.992.183/0001-23,"Máquinas, Equipamentos, Veículos e Peças",PRIVADO,SP
ATIVO,BICICLETAS MONARK SA,INDAIATUBA,56.992.423/0001-90,Brinquedos e Lazer,PRIVADO,SP
CANCELADA,INDS CHOCOLATE LACTA S/A,SÃO PAULO,56.993.645/0001-27,Alimentos,PRIVADO,SP
CANCELADA,AL-CAR EMPREENDIMENTOS E PARTICIPAÇÕES SA,SÃO PAULO,56.994.791/0001-77,Emp. Adm. Part. - Sem Setor Principal,PRIVADO,SP
CANCELADA,PRÓ METALURGIA SA - EM LIQUIDAÇÃO EXTRAJUDICIAL,ITATIBA,56.994.924/0001-05,"Máquinas, Equipamentos, Veículos e Peças",PRIVADO,SP
CANCELADA,KIBON SA INDS ALIMENTICIAS,SÃO PAULO,57.003.881/0001-11,Alimentos,ESTRANGEIRO,SP
CANCELADA,AMELCO SA IND ELETRONICA,EMBU DAS ARTES,57.009.078/0001-94,"Máquinas, Equipamentos, Veículos e Peças",PRIVADO,SP
CANCELADA,GARANCE TEXTILE SA,SÃO PAULO,57.014.334/0001-31,Têxtil e Vestuário,PRIVADO,SP
CANCELADA,DFV AUTOMACAO E ROBOTICA SA,SÃO PAULO,57.247.900/0001-55,"Máquinas, Equipamentos, Veículos e Peças",PRIVADO,SP
CANCELADA,LAMINACAO NACIONAL METAIS SA,SANTO ANDRÉ,57.483.190/0001-62,Metalurgia e Siderurgia,PRIVADO,SP
CANCELADA,CIA PAULISTA DE LAMINACAO,MAUÁ,57.484.495/0001-99,Metalurgia e Siderurgia,PRIVADO,SP
CANCELADA,CIA TELEF BORDA DO CAMPO,SANTO ANDRÉ,57.486.177/0001-67,Telecomunicações,ESTATAL,SP
CANCELADA,COMPANHIA PAULISTA FERRO LIGAS,SIMÕES FILHO,57.487.142/0001-42,Metalurgia e Siderurgia,PRIVADO,BA
CANCELADA,ELUMA SA INDUSTRIA E COMERCIO,SANTO ANDRÉ,57.488.645/0001-32,Metalurgia e Siderurgia,PRIVADO,SP
CANCELADA,SIDERURGICA COFERRAZ SA,SÃO PAULO,57.490.229/0001-79,Metalurgia e Siderurgia,PRIVADO,SP
CANCELADA,SIPOREX CONCRETO CELULAR SA,RIBEIRÃO PIRES,57.491.276/0001-37,Extração Mineral,ESTRANGEIRO,SP
CANCELADA,COMPANHIA BRASILEIRA DE CARTUCHOS - CBC,RIBEIRÃO PIRES,57.494.031/0001-63,Metalurgia e Siderurgia,PRIVADO,SP
CANCELADA,COFAP CIA FABRICADORA PECAS,SANTO ANDRÉ,57.500.001/0001-12,"Máquinas, Equipamentos, Veículos e Peças",ESTRANGEIRO,SP
CANCELADA,RHODIA SA,SÃO PAULO,57.507.626/0001-06,Têxtil e Vestuário,ESTRANGEIRO,SP
CANCELADA,ALBATROZ SA,SÃO PAULO,57.912.396/0001-60,Emp. Adm. Participações,PRIVADO,SP
CANCELADA,MAYUTA SA,SÃO PAULO,57.912.412/0001-15,Emp. Adm. Participações,PRIVADO,SP
ATIVO,EPR IGUAÇU S.A.,CASCAVEL,58.056.046/0001-02,Serviços Transporte e Logística,PRIVADO,PR
ATIVO,IGUÁ SERGIPE S.A.,ARACAJU,58.070.452/0001-20,"Emp. Adm. Part. - Saneamento, Serv. Água e Gás",PRIVADO HOLDING,SE
ATIVO,BRADSAÚDE S.A.,BARUERI,58.119.199/0001-51,Serviços Médicos,PRIVADO,SP
CANCELADA,CIA BANDEIRANTES ARMS GERAIS,SÃO PAULO,58.128.174/0001-14,Serviços Transporte e Logística,PRIVADO,SP
CANCELADA,FINANCIADORA BCN SA CFI,BARUERI,58.128.927/0001-91,Bancos,PRIVADO,SP
CANCELADA,CIA PRODUTORES ARMS GERAIS,SÃO PAULO,58.143.967/0001-02,Serviços Transporte e Logística,PRIVADO,SP
CANCELADA,BANCO SAFRA S/A,SÃO PAULO,58.160.789/0001-28,Bancos,PRIVADO,SP
CANCELADA,RACINVEST INVS IMOBILIARIOS SA,SÃO PAULO,58.371.261/0001-06,"Construção Civil, Mat. Constr. e Decoração",PRIVADO,SP
ATIVO,BLAU FARMACÊUTICA S.A.,COTIA,58.430.828/0001-60,Farmacêutico e Higiene,PRIVADO,SP
CANCELADA,GOLDFARB INCORPORAÇÕES E CONSTRUÇÕES S/A,SÃO PAULO,58.507.286/0001-86,"Construção Civil, Mat. Constr. e Decoração",PRIVADO HOLDING,SP
CANCELADA,C. P. E. PENINSULA DO TUCURUÇUTUBA,SÃO PAULO,58.798.612/0001-51,Emp. Adm. Part. - Hospedagem e Turismo,PRIVADO,SP
CANCELADA,BROOKFIELD SÃO PAULO EMPREENDIMENTOS IMOBILIÁRIOS S.A.,SÃO PAULO,58.877.812/0001-08,"Emp. Adm. Part. - Const. Civil, Mat. Const. e Decoração",PRIVADO,SP
CANCELADA,LANDIS GYR INEPAR,CURITIBA,58.900.754/0001-88,"Máquinas, Equipamentos, Veículos e Peças",PRIVADO,PR
CANCELADA,GURGEL MOTORES SA,SÃO PAULO,58.962.275/0001-96,"Máquinas, Equipamentos, Veículos e Peças",PRIVADO,SP
CANCELADA,AUTOMETAL S/A,DIADEMA,59.104.513/0001-95,"Máquinas, Equipamentos, Veículos e Peças",PRIVADO,SP
CANCELADA,TRANSAUTO TRANSP ESPECS AUT SA,SÃO BERNARDO DO CAMPO,59.105.262/0001-63,Serviços Transporte e Logística,PRIVADO,SP
ATIVO,WHIRLPOOL S.A,SÃO PAULO,59.105.999/0001-86,"Máquinas, Equipamentos, Veículos e Peças",ESTRANGEIRO,SP
CANCELADA,CONFORJA SA CONEXOES DE ACO,DIADEMA,59.106.484/0001-09,Metalurgia e Siderurgia,PRIVADO,SP
ATIVO,TUPI ENERGIAS RENOVÁVEIS S.A.,SÃO PAULO,59.115.685/0001-64,Emp. Adm. Part. - Energia Elétrica,PRIVADO,SP
CANCELADA,DACUNHA SA,SÃO BERNARDO DO CAMPO,59.172.676/0001-05,Serviços Transporte e Logística,PRIVADO,SP
CANCELADA,PIRELLI PNEUS SA,SANTO ANDRÉ,59.179.838/0001-37,Petroquímicos e Borracha,ESTRANGEIRO,SP
ATIVO,CONCESSIONÁRIA DE RODOVIAS PRVIAS S.A.,LONDRINA,59.196.897/0001-13,Emp. Adm. Part. - Serviços Transporte e Logística,PRIVADO,PR
CANCELADA,GENERAL MOTORS SA,SÃO CAETANO DO SUL,59.275.792/0001-50,"Máquinas, Equipamentos, Veículos e Peças",ESTRANGEIRO,SP
CANCELADA,BTG PACTUAL SERVIÇOS FINANCEIROS S/A DTVM,RIO DE JANEIRO,59.281.253/0001-23,Arrendamento Mercantil,PRIVADO,RJ
CANCELADA,BANCO PAN SA,SÃO PAULO,59.285.411/0001-13,Bancos,PRIVADO,SP
CANCELADA,SPSCS INDUSTRIAL SA,SÃO PAULO,59.290.239/0001-96,"Máquinas, Equipamentos, Veículos e Peças",PRIVADO,SP
CANCELADA,DEDIPAR SA PARTICIPACOES,PIRACICABA,59.359.539/0001-84,Emp. Adm. Participações,PRIVADO,SP
CANCELADA,MASSA FALIDA DA PROCID PARTICIPAÇÕES E NEGÓCIOS SA,SÃO PAULO,59.386.987/0001-77,Emp. Adm. Part. - Intermediação Financeira,PRIVADO HOLDING,SP
ATIVO,TRACK & FIELD CO S.A,SÃO PAULO,59.418.806/0001-47,Têxtil e Vestuário,PRIVADO,SP
ATIVO,FISIA COMÉRCIO DE PRODUTOS ESPORTIVOS S.A.,SÃO PAULO,59.546.515/0001-34,Comércio (Atacado e Varejo),PRIVADO,SP
ATIVO,ORANJEBTC S.A. - EDUCAÇÃO E INVESTIMENTO,SÃO PAULO,59.693.110/0001-29,Educação,PRIVADO,SP
ATIVO,GRUPO MULTILASER S.A.,SÃO PAULO,59.717.553/0001-02,Comunicação e Informática,PRIVADO,SP
ATIVO,POLPAR S.A.,SÃO PAULO,59.789.545/0001-71,Emp. Adm. Part. - Sem Setor Principal,PRIVADO,SP
ATIVO,RODOBENS S.A.,SÃO JOSÉ DO RIO PRETO,59.981.829/0001-65,"Máquinas, Equipamentos, Veículos e Peças",PRIVADO HOLDING,SP
CANCELADA,EMBRAER EMP BRAS AERON SA,SÃO JOSÉ DOS CAMPOS,60.208.493/0001-81,"Máquinas, Equipamentos, Veículos e Peças",PRIVADO,SP
CANCELADA,POTENZA LEASING ARREND MERC SA,BARUERI,60.333.085/0001-51,Arrendamento Mercantil,PRIVADO,SP
CANCELADA,NOROESTE SEGURADORA SA,SÃO PAULO,60.394.301/0001-79,Seguradoras e Corretoras,PRIVADO,SP
CANCELADA,DIXIE TOGA SA,SÃO PAULO,60.394.723/0001-44,Embalagens,PRIVADO,SP
CANCELADA,COMIND BANCO INVESTIMENTO SA,SÃO PAULO,60.394.939/0001-00,Bancos,PRIVADO,SP
CANCELADA,JARAGUA SA IND MECANICAS,SÃO PAULO,60.395.126/0001-34,"Máquinas, Equipamentos, Veículos e Peças",PRIVADO,SP
CANCELADA,CONST CIVIL INDL SA,SÃO PAULO,60.395.167/0001-20,"Construção Civil, Mat. Constr. e Decoração",PRIVADO,SP
CANCELADA,METAL LEVE ELETR E AUTOM SA,SÃO PAULO,60.395.209/0001-23,"Máquinas, Equipamentos, Veículos e Peças",PRIVADO HOLDING,SP
ATIVO,PARANAPANEMA S.A. - EM RECUPERAÇÃO JUDICIAL,DIAS D'ÁVILA,60.398.369/0004-79,Metalurgia e Siderurgia,PRIVADO,BA
CANCELADA,FERTILIZANTES SERRANA SA,SÃO PAULO,60.398.989/0001-65,Petroquímicos e Borracha,PRIVADO,SP
CANCELADA,MANASA MADEIREIRA NACIONAL SA,SÃO PAULO,60.400.009/0001-11,Reflorestamento,PRIVADO,SP
CANCELADA,UNIBANCO BANCO INV BRASIL SA,SÃO PAULO,60.400.512/0001-77,Bancos,PRIVADO,SP
CANCELADA,CBH CIA BRAS HABITACAO,SÃO PAULO,60.402.153/0001-97,"Construção Civil, Mat. Constr. e Decoração",PRIVADO,SP
CANCELADA,GERAL DE CONCRETO S/A,SÃO PAULO,60.405.446/0001-28,"Construção Civil, Mat. Constr. e Decoração",PRIVADO,SP
CANCELADA,CIA SEGUROS AMER SUL YASUDA,SÃO PAULO,60.405.925/0001-44,Seguradoras e Corretoras,ESTRANGEIRO,SP
CANCELADA,IND PAPEL PAPELAO S.ROBERTO SA,SÃO PAULO,60.432.648/0001-69,Embalagens,PRIVADO,SP
CANCELADA,CIA LECO DE PRODS ALIMENTICIOS,SÃO PAULO,60.434.487/0001-42,Alimentos,PRIVADO,SP
CANCELADA,DOW QUIMICA SA,SÃO PAULO,60.435.351/0001-57,Petroquímicos e Borracha,ESTRANGEIRO,SP
ATIVO,LIGHT SERVIÇOS DE ELETRICIDADE SA,RIO DE JANEIRO,60.444.437/0001-46,Energia Elétrica,PRIVADO HOLDING,RJ
ATIVO,MAHLE METAL LEVE S.A.,MOGI GUAÇU,60.476.884/0001-87,"Máquinas, Equipamentos, Veículos e Peças",PRIVADO,SP
CANCELADA,UCAR CARBON SA,SÃO PAULO,60.479.813/0001-38,Emp. Adm. Participações,ESTRANGEIRO HOLDING,SP
CANCELADA,IKPC INDS KLABIN PAPEL CEL SA,SÃO PAULO,60.484.797/0001-71,Papel e Celulose,PRIVADO,SP
CANCELADA,FINANCIADORA BRADESCO SA CFI,SÃO PAULO,60.495.108/0001-24,Bancos,PRIVADO,SP
CANCELADA,SIFCO SA,JUNDIAÍ,60.499.605/0001-09,Metalurgia e Siderurgia,PRIVADO,SP
ATIVO,SARAIVA LIVREIROS S.A. - FALIDA,SÃO PAULO,60.500.139/0001-26,Comércio (Atacado e Varejo),PRIVADO,SP
CANCELADA,ESCRITORIO CONS ENG ECEL SA,SÃO PAULO,60.501.533/0001-89,"Construção Civil, Mat. Constr. e Decoração",PRIVADO,SP
CANCELADA,MONTREAL EMPR COM E IND SA,RIO DE JANEIRO,60.501.780/0001-85,"Máquinas, Equipamentos, Veículos e Peças",ESTRANGEIRO,RJ
CANCELADA,ANDERSON CLAYTON SA IND E COM,SÃO PAULO,60.503.232/0001-94,Alimentos,ESTRANGEIRO,SP
CANCELADA,COMPANHIA BRASILEIRA DE BEBIDAS ( Atual demominação  social da Cia Antarctica Paulista IBBC),SÃO PAULO,60.522.000/0001-83,Bebidas e Fumo,PRIVADO,SP
CANCELADA,SAMCIL SA SERV ASSIS MED AO CI,SÃO PAULO,60.531.548/0001-90,Serviços Diversos,PRIVADO,SP
ATIVO,"ALLPARK EMPREENDIMENTOS, PARTICIPAÇÕES E SERVIÇOS S.A.",SÃO PAULO,60.537.263/0001-66,Serviços Transporte e Logística,PRIVADO,SP
ATIVO,IGUATEMI S.A.,SÃO PAULO,60.543.816/0001-93,Emp. Adm. Part. - Comércio (Atacado e Varejo),PRIVADO HOLDING,SP
CANCELADA,ALCAN ALUMINIO DO BRASIL SA,SÃO PAULO,60.561.800/0001-03,Metalurgia e Siderurgia,ESTRANGEIRO,SP
CANCELADA,RURAL LEASING SA ARREND MERC,BELO HORIZONTE,60.582.608/0001-01,Arrendamento Mercantil,PRIVADO,MG
CANCELADA,CEVEKOL SA IND COM PROD QUIM,SÃO PAULO,60.586.948/0001-00,Petroquímicos e Borracha,PRIVADO,SP
CANCELADA,SAVENA SA VEICS NAC COM REPR,SÃO PAULO,60.591.609/0001-04,"Máquinas, Equipamentos, Veículos e Peças",PRIVADO,SP
CANCELADA,SOBRAL INVICTA SA,SÃO PAULO,60.594.538/0001-01,Outras Atividades Industriais,PRIVADO,SP
CANCELADA,EDITORA ABRIL SA,SÃO PAULO,60.598.059/0001-55,Gráficas e Editoras,PRIVADO,SP
CANCELADA,RAIA SA,SÃO PAULO,60.605.664/0001-06,Emp. Adm. Part. - Farmacêutico e Higiene,PRIVADO,SP
CANCELADA,BETUMARCO SA ENGENHARIA INDUSTRIA COMERCIO,SÃO BERNARDO DO CAMPO,60.627.346/0001-46,"Construção Civil, Mat. Constr. e Decoração",PRIVADO,SP
CANCELADA,LARK SA MAQ E EQUIPAMENTOS(Massa Falida Administrada Judicialmente p/Soc.Advogados Mandel Advocacia),SÃO PAULO,60.631.090/0001-40,"Máquinas, Equipamentos, Veículos e Peças",PRIVADO,SP
CANCELADA,FIBRIA CELULOSE S.A.,SÃO PAULO,60.643.228/0001-21,Papel e Celulose,PRIVADO,SP
CANCELADA,DOMINIUM SA,SÃO PAULO,60.646.502/0001-16,Alimentos,PRIVADO,SP
CANCELADA,COMPANHIA SUZANO DE PAPEL E CELULOSE,SÃO PAULO,60.651.726/0001-16,Papel e Celulose,PRIVADO,SP
ATIVO,SUZANO HOLDING S.A.,SÃO PAULO,60.651.809/0001-05,Emp. Adm. Part. - Papel e Celulose,PRIVADO,SP
CANCELADA,ANSON SA ENG FUND RECUPERACOES,SÃO PAULO,60.661.451/0001-00,"Construção Civil, Mat. Constr. e Decoração",PRIVADO,SP
CANCELADA,AÇOS VILLARES SA,SÃO PAULO,60.664.810/0001-74,Metalurgia e Siderurgia,ESTRANGEIRO,SP
ATIVO,UNIÃO QUÍMICA FARMACÊUTICA NACIONAL S.A.,EMBU-GUAÇU,60.665.981/0001-18,Farmacêutico e Higiene,PRIVADO,SP
CANCELADA,KSB BOMBAS HIDRAULICAS SA,VÁRZEA PAULISTA,60.680.873/0001-14,Metalurgia e Siderurgia,ESTRANGEIRO,SP
CANCELADA,SOUTO VIDIGAL SA,SÃO PAULO,60.688.256/0001-65,Emp. Adm. Participações,PRIVADO,SP
CANCELADA,GEB VIDIGAL SA,SÃO PAULO,60.688.736/0001-26,Emp. Adm. Participações,PRIVADO,SP
CANCELADA,BANCO SANTANDER NOROESTE SA,SÃO PAULO,60.700.556/0001-12,Bancos,PRIVADO,SP
CANCELADA,ITAU UNIBANCO S.A.,SÃO PAULO,60.701.190/0001-04,Bancos,PRIVADO,SP
CANCELADA,VIACAO AEREA S PAULO SA VASP,SÃO PAULO,60.703.923/0001-31,Serviços Transporte e Logística,PRIVADO,SP
ATIVO,COMPANHIA  MELHORAMENTOS DE SÃO PAULO,SÃO PAULO,60.730.348/0001-66,Papel e Celulose,PRIVADO,SP
CANCELADA,BS CONTINENTAL SA ULTL DOMEST,SÃO PAULO,60.736.279/0001-06,"Máquinas, Equipamentos, Veículos e Peças",ESTRANGEIRO,SP
ATIVO,BANCO BRADESCO S.A.,OSASCO,60.746.948/0001-12,Bancos,PRIVADO,SP
CANCELADA,BANCO ALFA DE INVESTIMENTO S.A.,SÃO PAULO,60.770.336/0001-65,Bancos,PRIVADO,SP
CANCELADA,AIR LIQUIDE,SÃO PAULO,60.830.296/0001-08,Outras Atividades Industriais,ESTRANGEIRO,SP
CANCELADA,CIA TECNICA DE ENGENHARIA ELETRIC A,SÃO PAULO,60.830.833/0001-01,"Construção Civil, Mat. Constr. e Decoração",PRIVADO,SP
CANCELADA,ENIA INDUSTRIAS QUIMICAS SA,SÃO PAULO,60.835.105/0001-92,Petroquímicos e Borracha,PRIVADO,SP
CANCELADA,MECANICA PESADA SA,SÃO PAULO,60.835.410/0001-84,"Máquinas, Equipamentos, Veículos e Peças",PRIVADO HOLDING,SP
CANCELADA,BRASMETAL CIA BRAS METALURGIA,SÃO PAULO,60.837.689/0001-35,Emp. Adm. Participações,PRIVADO,SP
ATIVO,FLEURY SA,SÃO PAULO,60.840.055/0001-31,Serviços Médicos,PRIVADO,SP
CANCELADA,SOPAVE SA SOC PAUL DE VEICULOS,SÃO PAULO,60.840.683/0001-17,"Máquinas, Equipamentos, Veículos e Peças",PRIVADO,SP
ATIVO,BARDELLA S.A. INDUSTRIAS MECANICAS - EM RECUPERAÇÃO JUDICIAL,SOROCABA,60.851.615/0001-53,"Máquinas, Equipamentos, Veículos e Peças",PRIVADO,SP
CANCELADA,SOCIED. PAULIS ARTEF METALS/A,SÃO PAULO,60.852.035/0001-80,Metalurgia e Siderurgia,PRIVADO,SP
CANCELADA,ACOS IPANEMA (VILLARES) SA,SÃO PAULO,60.852.316/0001-33,Metalurgia e Siderurgia,PRIVADO,SP
CANCELADA,SAINT-GOBAIN VIDROS SA,SÃO PAULO,60.853.942/0001-44,Extração Mineral,ESTRANGEIRO,SP
CANCELADA,BRASIMET COM E INDUSTRIA SA,SÃO PAULO,60.856.820/0001-01,"Construção Civil, Mat. Constr. e Decoração",PRIVADO,SP
CANCELADA,BONFIGLIOLI COML CONSTRUT SA,SÃO PAULO,60.858.586/0001-51,"Construção Civil, Mat. Constr. e Decoração",PRIVADO,SP
CANCELADA,HOECHST BRASIL SA QUIM FARM,SÃO PAULO,60.861.788/0001-52,Petroquímicos e Borracha,ESTRANGEIRO,SP
CANCELADA,CITROBRASIL SA,SÃO PAULO,60.867.843/0001-11,Comércio (Atacado e Varejo),PRIVADO,SP
CANCELADA,SOBLOCO CONSTRUTORA SA,SÃO PAULO,60.869.005/0001-87,"Construção Civil, Mat. Constr. e Decoração",PRIVADO,SP
CANCELADA,CIA CIMENTO IPANEMA,SÃO PAULO,60.869.302/0001-22,Extração Mineral,ESTRANGEIRO,SP
CANCELADA,CIMINAS  CIMENTO NAC MINAS SA,SÃO PAULO,60.869.336/0001-17,Extração Mineral,ESTRANGEIRO,SP
CANCELADA,TRANSBRASIL SA LINHAS AEREAS - FALIDA,BRASÍLIA,60.872.173/0001-21,Serviços Transporte e Logística,PRIVADO,DF
CANCELADA,ITAÚ UNIBANCO HOLDING S.A.,SÃO PAULO,60.872.504/0001-23,Bancos,ESTRANGEIRO,SP
CANCELADA,INDS MADEIRIT SA,SÃO PAULO,60.873.874/0001-85,"Construção Civil, Mat. Constr. e Decoração",PRIVADO,SP
CANCELADA,SEARLE BRASIL SA,SÃO PAULO,60.874.633/0001-50,Farmacêutico e Higiene,ESTRANGEIRO,SP
CANCELADA,NAKATA SA IND E COMERCIO,DIADEMA,60.875.259/0001-08,"Máquinas, Equipamentos, Veículos e Peças",PRIVADO,SP
CANCELADA,NESBER COMPANHIA INDUSTRIAL,COTIA,60.881.364/0001-50,"Construção Civil, Mat. Constr. e Decoração",PRIVADO,SP
CANCELADA,DUREX INDUSTRIAL SA,SÃO PAULO,60.881.422/0001-45,"Máquinas, Equipamentos, Veículos e Peças",PRIVADO,SP
CANCELADA,CLIMAX INDUSTRIA E COMERCIO SA,SÃO CARLOS,60.882.610/0001-98,"Máquinas, Equipamentos, Veículos e Peças",PRIVADO,SP
CANCELADA,CONFAB INDUSTRIAL SA,SÃO CAETANO DO SUL,60.882.628/0001-90,Metalurgia e Siderurgia,ESTRANGEIRO,SP
CANCELADA,FRIGOBRAS CIA BRAS FRIGORIFICO,BARUERI,60.883.212/0001-96,Alimentos,PRIVADO,SP
CANCELADA,CONCRETEX SA,SÃO PAULO,60.883.824/0001-89,"Construção Civil, Mat. Constr. e Decoração",PRIVADO,SP
ATIVO,NORDON INDUSTRIAS METALURGICAS S.A.,SANTO ANDRÉ,60.884.319/0001-59,Metalurgia e Siderurgia,PRIVADO,SP
CANCELADA,BRADESCO TURISMO SA ADM E SERV,OSASCO,60.885.068/0001-27,Hospedagem e Turismo,PRIVADO,SP
CANCELADA,BCO BRADESCO INVESTIMENTO SA,OSASCO,60.885.092/0001-66,Bancos,PRIVADO,SP
CANCELADA,BCO AUXILIAR SA,SÃO PAULO,60.885.100/0001-74,Bancos,PRIVADO,SP
CANCELADA,BANCO SOFISA SA,SÃO PAULO,60.889.128/0001-80,Bancos,PRIVADO,SP
CANCELADA,FNV VEICULOS EQUIPS SA,CRUZEIRO,60.889.193/0001-05,"Máquinas, Equipamentos, Veículos e Peças",PRIVADO,SP
CANCELADA,LONAFLEX SA,OSASCO,60.889.854/0001-00,"Máquinas, Equipamentos, Veículos e Peças",PRIVADO,SP
CANCELADA,ACOS DO BRASIL SA IND E COM,SANTO ANDRÉ,60.890.688/0001-54,Metalurgia e Siderurgia,PRIVADO,SP
CANCELADA,HOWA S.A. INDUSTRIAS MECANICAS,SÃO PAULO,60.891.751/0001-77,"Máquinas, Equipamentos, Veículos e Peças",ESTRANGEIRO,SP
CANCELADA,SUDESTE SA IND E COMERCIO,SÃO PAULO,60.894.110/0001-76,Comércio (Atacado e Varejo),PRIVADO,SP
CANCELADA,MAQUINAS PIRATININGA SA,SÃO PAULO,60.894.482/0001-00,"Máquinas, Equipamentos, Veículos e Peças",PRIVADO,SP
ATIVO,USINAS SID DE MINAS GERAIS S.A.-USIMINAS,BELO HORIZONTE,60.894.730/0001-05,Metalurgia e Siderurgia,PRIVADO,MG
CANCELADA,BANCO BCN S.A.,SÃO PAULO,60.898.723/0001-81,Bancos,PRIVADO,SP
CANCELADA,HINDI CIA BRAS DE HABITACOES,SÃO PAULO,60.904.810/0001-02,"Construção Civil, Mat. Constr. e Decoração",PRIVADO,SP
CANCELADA,DIAMETRO EMPREENDIMENTOS SA,SÃO PAULO,60.930.468/0001-07,"Construção Civil, Mat. Constr. e Decoração",PRIVADO,SP
ATIVO,CESP - COMPANHIA ENERGÉTICA DE SÃO PAULO,SÃO PAULO,60.933.603/0001-78,Energia Elétrica,PRIVADO,SP
CANCELADA,BANCO SUDAMERIS BRASIL SA,SÃO PAULO,60.942.638/0001-73,Bancos,PRIVADO,SP
CANCELADA,BORLEM SA EMPREEND INDUSTRIAIS,GUARULHOS,60.943.388/0001-96,"Máquinas, Equipamentos, Veículos e Peças",PRIVADO,SP
CANCELADA,GOYANA SA I BRAS MATS PLASTS,SÃO PAULO,60.946.035/0001-40,Petroquímicos e Borracha,PRIVADO,SP
CANCELADA,CIA PAULISTA ENERGIA ELETRICA,SÃO PAULO,61.015.582/0001-74,Energia Elétrica,PRIVADO,SP
ATIVO,CONSTRUTORA ADOLPHO LINDENBERG S.A.,SÃO PAULO,61.022.042/0001-18,"Construção Civil, Mat. Constr. e Decoração",PRIVADO,SP
CANCELADA,BANCO VOITER S.A.,SÃO PAULO,61.024.352/0001-71,Bancos,PRIVADO,SP
CANCELADA,CIA SIDERURGICA MOGI CRUZES(sucedida pela UNIÂO FEDERAL -CNPJ:37115383000153,BRASÍLIA,61.045.381/0001-10,Metalurgia e Siderurgia,ESTATAL,DF
CANCELADA,LION SA,SÃO PAULO,61.064.689/0001-02,"Máquinas, Equipamentos, Veículos e Peças",PRIVADO,SP
CANCELADA,BRASILIT SA,SÃO PAULO,61.064.838/0001-33,Extração Mineral,ESTRANGEIRO,SP
CANCELADA,BATES SA,SÃO PAULO,61.064.937/0001-15,Embalagens,PRIVADO,SP
CANCELADA,ARNO SA,SÃO PAULO,61.064.978/0001-01,"Máquinas, Equipamentos, Veículos e Peças",PRIVADO,SP
ATIVO,MANGELS INDUSTRIAL S.A.,SÃO BERNARDO DO CAMPO,61.065.298/0001-02,Emp. Adm. Part. - Metalurgia e Siderurgia,PRIVADO,SP
CANCELADA,BANCO MERCANTIL DE SÃO PAULO SA,SÃO PAULO,61.065.421/0001-95,Bancos,PRIVADO,SP
CANCELADA,FIEL SA MOVEIS EQUIPS INDS,SÃO PAULO,61.065.447/0001-33,Outras Atividades Industriais,PRIVADO,SP
CANCELADA,MULTIVIDRO SA,SÃO PAULO,61.066.940/0001-78,Extração Mineral,PRIVADO,SP
CANCELADA,NADIR FIGUEIREDO S.A,SÃO PAULO,61.067.161/0001-97,Comércio (Atacado e Varejo),PRIVADO,SP
ATIVO,ÁGUAS DO PARÁ A SPE S.A,BELÉM,61.067.901/0001-95,"Saneamento, Serv. Água e Gás",PRIVADO,PA
ATIVO,ÁGUAS DO PARÁ B SPE S.A.,BRAGANÇA,61.067.902/0001-30,"Saneamento, Serv. Água e Gás",PRIVADO,PA
ATIVO,ÁGUAS DO PARÁ D SPE S.A.,PARAUAPEBAS,61.067.904/0001-29,"Saneamento, Serv. Água e Gás",PRIVADO,PA
CANCELADA,BRINQUEDOS BANDEIRANTES SA,SÃO PAULO,61.068.557/0001-59,Comércio (Atacado e Varejo),PRIVADO,SP
CANCELADA,SANSUY SA IND DE PLASTICOS,EMBU DAS ARTES,61.070.678/0001-35,Petroquímicos e Borracha,PRIVADO,SP
CANCELADA,UNICARD BANCO MULTIPLO S.A.,BARUERI,61.071.387/0001-61,Bancos,PRIVADO,SP
CANCELADA,BUNGE BRASIL SA,SÃO PAULO,61.074.092/0001-49,Alimentos,ESTRANGEIRO HOLDING,SP
CANCELADA,QUIMBRASIL QUIM INDL BRAS SA,SÃO PAULO,61.074.118/0001-59,Petroquímicos e Borracha,PRIVADO,SP
CANCELADA,CIA INDL MERC ARTEF FERRO,OSASCO,61.074.506/0001-30,Metalurgia e Siderurgia,PRIVADO,SP
CANCELADA,METALURGICA MATARAZZO SA,SÃO PAULO,61.074.837/0001-70,Metalurgia e Siderurgia,PRIVADO,SP
CANCELADA,VALMET DO BRASIL S.A.,SÃO PAULO,61.076.055/0001-70,"Máquinas, Equipamentos, Veículos e Peças",ESTRANGEIRO,SP
CANCELADA,EMPREENDS ADM COM ANNA SA,SÃO PAULO,61.076.998/0001-00,Emp. Adm. Participações,PRIVADO,SP
CANCELADA,PANEX SA INDUSTRIA E COMERCIO,SÃO BERNARDO DO CAMPO,61.077.830/0001-01,Metalurgia e Siderurgia,PRIVADO,SP
ATIVO,ALPARGATAS SA,SÃO PAULO,61.079.117/0001-05,Têxtil e Vestuário,PRIVADO,SP
CANCELADA,CIA BRAS PLASTICOS MONSANTO,SÃO PAULO,61.079.315/0001-60,Petroquímicos e Borracha,ESTRANGEIRO,SP
CANCELADA,TENENGE TEC NAC ENGENHARIA SA,SÃO PAULO,61.079.869/0001-68,Serviços Diversos,PRIVADO,SP
CANCELADA,MERIDIONAL S.A.,SÃO PAULO,61.079.976/0001-96,Metalurgia e Siderurgia,PRIVADO,SP
CANCELADA,LAFER SA INDUSTRIA E COMERCIO,SÃO PAULO,61.080.198/0001-55,"Construção Civil, Mat. Constr. e Decoração",PRIVADO,SP
ATIVO,COBRASMA SA,OSASCO,61.080.313/0001-91,"Máquinas, Equipamentos, Veículos e Peças",PRIVADO,SP
CANCELADA,INBRAC SA CONDUTORES ELETRICOS,SANTA BRANCA,61.081.972/0001-42,"Máquinas, Equipamentos, Veículos e Peças",PRIVADO,SP
ATIVO,MANUFATURA DE  BRINQUEDOS ESTRELA SA,SÃO PAULO,61.082.004/0001-50,Brinquedos e Lazer,PRIVADO,SP
CANCELADA,BUNGE FERTILIZANTES SA,SÃO PAULO,61.082.822/0001-53,Petroquímicos e Borracha,PRIVADO,SP
CANCELADA,ORION SA,SÃO JOSÉ DOS CAMPOS,61.082.863/0001-40,Petroquímicos e Borracha,PRIVADO,SP
CANCELADA,ORNIEX SA,SÃO PAULO,61.084.885/0001-49,Petroquímicos e Borracha,PRIVADO,SP
CANCELADA,BRASMOTOR SA,SÃO PAULO,61.084.984/0001-20,"Máquinas, Equipamentos, Veículos e Peças",ESTRANGEIRO,SP
CANCELADA,IND OLEOS PACAEMBU SA,CASCAVEL,61.085.544/0001-98,Alimentos,PRIVADO,PR
CANCELADA,CELM CIA EQUIP LABS MODERNOS,BARUERI,61.086.823/0001-76,"Máquinas, Equipamentos, Veículos e Peças",PRIVADO,SP
CANCELADA,BOTUCATU TÊXTIL S. A.,BOTUCATU,61.087.581/0001-35,Têxtil e Vestuário,PRIVADO,SP
CANCELADA,CIA PAULISTA FERTILIZANTES,SÃO PAULO,61.087.912/0001-37,Petroquímicos e Borracha,PRIVADO,SP
CANCELADA,SORANA COML E IMPORTADORA SA,SÃO PAULO,61.088.795/0001-26,"Máquinas, Equipamentos, Veículos e Peças",PRIVADO,SP
ATIVO,CAMBUCI SA,SÃO ROQUE,61.088.894/0001-08,Têxtil e Vestuário,PRIVADO,SP
CANCELADA,GEMA SA EQUIPS INDUSTRIAIS,SÃO PAULO,61.090.072/0001-61,"Máquinas, Equipamentos, Veículos e Peças",PRIVADO,SP
CANCELADA,PERSICO PIZZAMIGLIO SA,GUARULHOS,61.091.013/0001-08,Metalurgia e Siderurgia,PRIVADO,SP
ATIVO,ETERNIT S.A.,SÃO PAULO,61.092.037/0001-81,"Construção Civil, Mat. Constr. e Decoração",PRIVADO,SP
CANCELADA,PROMON ENGENHARIA SA,SÃO PAULO,61.095.923/0001-69,"Construção Civil, Mat. Constr. e Decoração",PRIVADO,SP
CANCELADA,BCO INV AMERICA SUL SA,SÃO PAULO,61.100.046/0001-77,Bancos,PRIVADO,SP
CANCELADA,SANTHER FAB.DE PAPEL SANTA THEREZINHA SA,SÃO PAULO,61.101.895/0001-45,Papel e Celulose,PRIVADO,SP
CANCELADA,COEST CONSTRUTORA SA,TABOÃO DA SERRA,61.104.717/0001-78,"Construção Civil, Mat. Constr. e Decoração",PRIVADO,SP
CANCELADA,SANTACONSTANCIA TECELAGEM SA,SÃO PAULO,61.105.474/0001-92,Têxtil e Vestuário,PRIVADO,SP
CANCELADA,PIRAMIDES BRASILIA SA IC,CANOAS,61.105.730/0001-41,Petroquímicos e Borracha,PRIVADO,RS
CANCELADA,VIGORELLI DO BRASIL SA IC,SÃO PAULO,61.105.920/0001-69,Metalurgia e Siderurgia,PRIVADO,SP
CANCELADA,MOTORADIO SA COML E INDUSTRIAL,SÃO PAULO,61.106.068/0001-44,"Máquinas, Equipamentos, Veículos e Peças",PRIVADO,SP
CANCELADA,SA FABRICA PRODS ALIMCS VIGOR,SÃO PAULO,61.116.331/0001-86,Alimentos,PRIVADO,SP
CANCELADA,USINA DA BARRA SA ACUCAR ALCOL,SÃO PAULO,61.125.753/0001-18,"Agricultura (Açúcar, Álcool e Cana)",PRIVADO,SP
CANCELADA,CELITE SA IND E COMERCIO,SÃO PAULO,61.135.711/0001-68,Extração Mineral,PRIVADO,SP
CANCELADA,PARAMOUNT LANSUL SA,SÃO PAULO,61.140.737/0001-02,Têxtil e Vestuário,PRIVADO,SP
CANCELADA,PRODUTOS QUIMICOS ELEKEIROZ SA,SÃO PAULO,61.141.982/0001-26,Petroquímicos e Borracha,PRIVADO,SP
CANCELADA,INDS C FABRINI SA,SÃO BERNARDO DO CAMPO,61.142.063/0001-77,"Máquinas, Equipamentos, Veículos e Peças",PRIVADO,SP
CANCELADA,PREMESA SA IND E COMERCIO,SÃO PAULO,61.142.469/0001-50,Metalurgia e Siderurgia,PRIVADO,SP
CANCELADA,SV ENGENHARIA SA,RIO DE JANEIRO,61.143.772/0001-77,Metalurgia e Siderurgia,PRIVADO,RJ
CANCELADA,BNC BRAZIL LTDA,SÃO PAULO,61.146.577/0001-09,Bancos,ESTRANGEIRO,SP
CANCELADA,DE MAIO GALLO S.A IND. COM. PÇS P/ AUTOM,LIMEIRA,61.146.650/0001-34,"Máquinas, Equipamentos, Veículos e Peças",PRIVADO,SP
CANCELADA,BRAMPAC SA,SÃO PAULO,61.149.084/0001-14,Embalagens,PRIVADO,SP
CANCELADA,CIA NITROQUIMICA BRASILEIRA,SÃO PAULO,61.150.348/0001-50,Petroquímicos e Borracha,PRIVADO,SP
CANCELADA,HOECHST BRASIL QUIM FARM SA,SÃO PAULO,61.150.397/0001-92,Petroquímicos e Borracha,ESTRANGEIRO,SP
CANCELADA,ACOS ANHANGUERA SA,SÃO PAULO,61.150.660/0001-43,Metalurgia e Siderurgia,PRIVADO,SP
CANCELADA,PIRELLI CABOS SA,SANTO ANDRÉ,61.150.751/0001-89,"Máquinas, Equipamentos, Veículos e Peças",ESTRANGEIRO,SP
CANCELADA,SEMP TOSHIBA SA,SÃO PAULO,61.151.445/0001-67,"Máquinas, Equipamentos, Veículos e Peças",PRIVADO,SP
CANCELADA,FUJIWARA HISATO SA COM IND,SÃO PAULO,61.152.047/0001-65,Alimentos,PRIVADO,SP
ATIVO,IOCHPE MAXION SA,CRUZEIRO,61.156.113/0001-75,"Máquinas, Equipamentos, Veículos e Peças",PRIVADO,SP
CANCELADA,CIA BRAS PROJETOS OBRAS CBPO,OSASCO,61.156.410/0001-10,"Construção Civil, Mat. Constr. e Decoração",PRIVADO,SP
CANCELADA,CARGILL FERTILIZANTES SA,SÃO PAULO,61.156.501/0001-56,Petroquímicos e Borracha,ESTRANGEIRO,SP
CANCELADA,JAU SA CONST E INCORPORADORA,SÃO PAULO,61.156.741/0001-50,"Construção Civil, Mat. Constr. e Decoração",PRIVADO,SP
ATIVO,ALIPERTI S.A.,SÃO PAULO,61.156.931/0001-78,"Emp. Adm. Part. - Agricultura (Açúcar, Álcool e Cana)",PRIVADO,SP
CANCELADA,FICHET SA,SANTO ANDRÉ,61.157.764/0001-80,Metalurgia e Siderurgia,PRIVADO,SP
CANCELADA,DIXIE LALEKLA SA,SÃO PAULO,61.160.008/0001-00,Outras Atividades Industriais,PRIVADO,SP
CANCELADA,COMIND SA SERV TEC PROC DADOS,SÃO PAULO,61.181.251/0001-04,Comunicação e Informática,PRIVADO,SP
CANCELADA,PINCEIS TIGRE SA,SÃO PAULO,61.182.606/0001-80,Outras Atividades Industriais,PRIVADO,SP
CANCELADA,BANCO BMG S/A,SÃO PAULO,61.186.680/0001-74,Bancos,PRIVADO,SP
ATIVO,MARISA LOJAS SA,SÃO PAULO,61.189.288/0001-89,Comércio (Atacado e Varejo),PRIVADO,SP
CANCELADA,COLDEX FRIGOR SA,SÃO PAULO,61.189.601/0001-89,"Máquinas, Equipamentos, Veículos e Peças",PRIVADO,SP
CANCELADA,COTONIFICIO BELTRAMO SA,OSASCO,61.190.047/0001-50,Têxtil e Vestuário,PRIVADO,SP
ATIVO,EUROFARMA LABORATÓRIOS S.A.,SÃO PAULO,61.190.096/0001-92,Farmacêutico e Higiene,PRIVADO,SP
CANCELADA,CONSTRUTORA BETER SA,SÃO PAULO,61.192.373/0001-04,"Construção Civil, Mat. Constr. e Decoração",PRIVADO,SP
CANCELADA,DURATEX SA,SÃO PAULO,61.194.080/0001-58,"Construção Civil, Mat. Constr. e Decoração",PRIVADO,SP
CANCELADA,GIANNINI SA,SALTO,61.196.119/0001-76,Outras Atividades Industriais,PRIVADO,SP
CANCELADA,FERRAGENS DEMELLOT S/A,SÃO PAULO,61.196.564/0001-36,Metalurgia e Siderurgia,PRIVADO,SP
CANCELADA,MOINHO DA LAPA SA,SÃO PAULO,61.204.251/0001-82,Alimentos,PRIVADO,SP
CANCELADA,TROL SA INDUSTRIA E COMERCIO,SÃO PAULO,61.227.963/0001-17,Petroquímicos e Borracha,PRIVADO,SP
CANCELADA,BANCO COMERCIAL E DE INVESTIMENTO SUDAMERIS S.A.,SÃO PAULO,61.230.165/0001-44,Bancos,PRIVADO,SP
CANCELADA,COMPESCA CIA BRAS DE PESCA - EM LIQUIDAÇÃO,GUARUJÁ,61.231.155/0001-23,Pesca,PRIVADO,SP
CANCELADA,GRANIMAR SA MARMORES GRANITOS,SÃO PAULO,61.247.854/0001-61,Extração Mineral,PRIVADO,SP
CANCELADA,METALAC SA IND E COMERCIO,SÃO PAULO,61.284.006/0001-22,"Máquinas, Equipamentos, Veículos e Peças",PRIVADO,SP
CANCELADA,BENZENEX SA ADUBOS E INSET,OSASCO,61.288.916/0001-83,Petroquímicos e Borracha,PRIVADO,SP
CANCELADA,MANUF ART BORRACHA NOGAM SA,SÃO PAULO,61.293.643/0001-65,Têxtil e Vestuário,PRIVADO,SP
CANCELADA,BRINQUEDOS MIMO SA,ITU,61.322.731/0001-48,Brinquedos e Lazer,PRIVADO,SP
CANCELADA,CURT SA,SÃO PAULO,61.323.226/0001-18,"Máquinas, Equipamentos, Veículos e Peças",PRIVADO,SP
CANCELADA,GLASSLITE SA IND DE PLASTICOS,SÃO PAULO,61.338.042/0001-21,Outras Atividades Industriais,PRIVADO,SP
CANCELADA,CCE IND COM,SÃO PAULO,61.345.096/0001-14,"Máquinas, Equipamentos, Veículos e Peças",PRIVADO,SP
ATIVO,AZEVEDO & TRAVASSOS SA,SÃO PAULO,61.351.532/0001-68,"Construção Civil, Mat. Constr. e Decoração",PRIVADO,SP
CANCELADA,CIA SANTISTA DE PAPEL,SÃO PAULO,61.360.434/0001-97,Papel e Celulose,PRIVADO,SP
CANCELADA,COMIND PARTICIPACOES SA,SÃO PAULO,61.364.022/0001-25,Emp. Adm. Part. - Intermediação Financeira,PRIVADO,SP
CANCELADA,COMIND SA,SÃO PAULO,61.364.345/0001-19,Emp. Adm. Participações,PRIVADO,SP
CANCELADA,SEMER SA,SÃO PAULO,61.364.725/0001-53,Metalurgia e Siderurgia,PRIVADO,SP
ATIVO,BAUMER SA,MOGI MIRIM,61.374.161/0001-30,Metalurgia e Siderurgia,PRIVADO,SP
CANCELADA,FERTIZA CIA NAC FERTILIZANTES,SÃO PAULO,61.377.230/0001-69,Petroquímicos e Borracha,ESTRANGEIRO,SP
CANCELADA,EDITORA LISA SA LIVROS IRRADT,SÃO PAULO,61.383.279/0001-24,Gráficas e Editoras,PRIVADO,SP
CANCELADA,TECNOMONT PROJS MONTS INDLS SA,SÃO PAULO,61.388.310/0001-10,"Construção Civil, Mat. Constr. e Decoração",PRIVADO,SP
CANCELADA,BCO SAVENA SA,SÃO PAULO,61.391.090/0001-83,Bancos,PRIVADO,SP
CANCELADA,PROMETAL PRODS METALURGICOS SA,SÃO PAULO,61.391.603/0001-56,Metalurgia e Siderurgia,PRIVADO,SP
CANCELADA,PERSIANAS COLUMBIA SA,SÃO PAULO,61.403.960/0001-97,Metalurgia e Siderurgia,PRIVADO,SP
ATIVO,COMPANHIA BRASILEIRA DE ALUMINIO,SÃO PAULO,61.409.892/0001-73,Extração Mineral,PRIVADO,SP
CANCELADA,FIBAM CIA INDUSTRIAL,SÃO BERNARDO DO CAMPO,61.410.395/0001-95,Metalurgia e Siderurgia,PRIVADO,SP
CANCELADA,BANCO DO ESTADO DE SAO PAULO S.A. - BANESPA,SÃO PAULO,61.411.633/0001-87,Bancos,PRIVADO,SP
CANCELADA,SETAL INSTALACOES INDLS SA,SÃO PAULO,61.413.423/0001-28,"Construção Civil, Mat. Constr. e Decoração",PRIVADO,SP
CANCELADA,TRORION SA,DIADEMA,61.418.430/0001-12,Petroquímicos e Borracha,PRIVADO,SP
CANCELADA,CIA COMERCIAL BORBA CAMPO,SÃO PAULO,61.422.663/0001-99,"Máquinas, Equipamentos, Veículos e Peças",PRIVADO,SP
CANCELADA,FERTIBRAS SA,OSASCO,61.442.109/0001-73,Petroquímicos e Borracha,PRIVADO,SP
CANCELADA,AGIP DISTRIBUIDORA SA,SÃO PAULO,61.442.752/0001-05,Petróleo e Gás,PRIVADO,SP
CANCELADA,COINVEST CIA. DE INV. INTERLAGOS,SÃO PAULO,61.460.762/0001-65,Metalurgia e Siderurgia,PRIVADO,SP
CANCELADA,SERVIX ENGENHARIA SA,SÃO PAULO,61.467.379/0001-39,"Construção Civil, Mat. Constr. e Decoração",PRIVADO,SP
CANCELADA,D F VASCONC SA OPT MEC A PREC,SÃO PAULO,61.482.725/0001-58,"Máquinas, Equipamentos, Veículos e Peças",PRIVADO,SP
ATIVO,DIAGNOSTICOS DA AMERICA SA,BARUERI,61.486.650/0001-83,Serviços Médicos,PRIVADO,SP
CANCELADA,LABO ELETRONICA SA,SÃO CAETANO DO SUL,61.489.514/0001-47,"Máquinas, Equipamentos, Veículos e Peças",PRIVADO,SP
CANCELADA,ATMA SA,RIO DE JANEIRO,61.510.996/0001-70,Petroquímicos e Borracha,PRIVADO,RJ
CANCELADA,CONSTRUCOES COM CAM CORREA SA,SÃO PAULO,61.522.512/0001-02,"Construção Civil, Mat. Constr. e Decoração",PRIVADO,SP
ATIVO,ITAUSA S.A.,SÃO PAULO,61.532.644/0001-15,Emp. Adm. Part. - Intermediação Financeira,PRIVADO,SP
CANCELADA,CONTEX CONFECÇÕES TEXTEIS SA,RIO DE JANEIRO,61.535.241/0001-20,Têxtil e Vestuário,PRIVADO,RJ
CANCELADA,FERTIPLAN SA,SÃO PAULO,61.549.754/0001-90,Petroquímicos e Borracha,PRIVADO,SP
CANCELADA,CETENCO ENGENHARIA SA,SÃO PAULO,61.550.497/0001-06,"Construção Civil, Mat. Constr. e Decoração",PRIVADO,SP
CANCELADA,USINA S OLIMPIA IND FER ACO SA,GUARULHOS,61.551.230/0001-33,Metalurgia e Siderurgia,PRIVADO,SP
CANCELADA,PARAMOUNT TEXTEIS INDUSTRIA E COMERCIO S/A,SÃO PAULO,61.565.222/0001-46,Têxtil e Vestuário,PRIVADO,SP
CANCELADA,CASA ANGLO BRASILEIRA S/A,SÃO PAULO,61.565.511/0001-45,Comércio (Atacado e Varejo),PRIVADO,SP
CANCELADA,COLMEIA SA IND.PAULISTA RAD.,SÃO PAULO,61.565.552/0001-31,"Máquinas, Equipamentos, Veículos e Peças",PRIVADO,SP
CANCELADA,AGF BRASIL SEGUROS SA,SÃO PAULO,61.573.796/0001-66,Seguradoras e Corretoras,PRIVADO,SP
CANCELADA,COBRASFER SA,SÃO PAULO,61.576.385/0001-24,Comércio (Atacado e Varejo),PRIVADO,SP
CANCELADA,BANYLSA TECELAGEM DO BRASIL SA,SIMÕES FILHO,61.578.159/0001-82,Têxtil e Vestuário,PRIVADO,BA
ATIVO,REDE ENERGIA PARTICIPAÇÕES S.A.,CATAGUASES,61.584.140/0001-49,Energia Elétrica,PRIVADO,MG
ATIVO,RAIA DROGASIL S.A.,SÃO PAULO,61.585.865/0001-51,Comércio (Atacado e Varejo),PRIVADO,SP
CANCELADA,SECURIT SA,GUARULHOS,61.592.895/0001-95,"Construção Civil, Mat. Constr. e Decoração",PRIVADO,SP
CANCELADA,PAO AMERICANO IND E COM SA,SÃO PAULO,61.596.284/0001-15,Alimentos,PRIVADO,SP
CANCELADA,ULTRAFERTIL SA IND. E COM,CUBATÃO,61.600.953/0001-85,Petroquímicos e Borracha,PRIVADO,SP
CANCELADA,PETROQUIMICA UNIAO SA,SANTO ANDRÉ,61.632.964/0001-47,Petroquímicos e Borracha,PRIVADO,SP
ATIVO,ELETROPAULO METROP. ELET. SAO PAULO S.A.,SÃO PAULO,61.695.227/0001-93,Energia Elétrica,PRIVADO,SP
CANCELADA,CEPEBE SA,SÃO PAULO,61.708.426/0001-99,"Máquinas, Equipamentos, Veículos e Peças",PRIVADO,SP
CANCELADA,BRADESPLAN PARTICIPAÇOES SA,OSASCO,61.782.769/0001-01,Emp. Adm. Part. - Intermediação Financeira,PRIVADO HOLDING,SP
CANCELADA,COMPANHIA DE CRÉDITO FINANCIAMENTO E INVESTIMENTO RCI BRASIL,CURITIBA,61.784.278/0001-91,Bancos,ESTRANGEIRO,PR
ATIVO,COMPANHIA DE GÁS DE SÃO PAULO - COMGÁS,SÃO PAULO,61.856.571/0001-17,"Emp. Adm. Part. - Saneamento, Serv. Água e Gás",PRIVADO,SP
CANCELADA,PESCANOVA SA COM IND,NITERÓI,61.999.314/0001-34,Pesca,PRIVADO,RJ
ATIVO,SÃO PAULO TURISMO S.A.,SÃO PAULO,62.002.886/0001-60,Emp. Adm. Part. - Hospedagem e Turismo,ESTATAL,SP
CANCELADA,SAFRA LEASING SA ARRENDAMENTO  MERCANTIL,SÃO PAULO,62.063.177/0001-94,Arrendamento Mercantil,PRIVADO,SP
ATIVO,COMPANHIA DO METROPOLITANO DE SÃO PAULO - METRÔ,SÃO PAULO,62.070.362/0001-06,Serviços Transporte e Logística,ESTATAL,SP
CANCELADA,COSAN ALIMENTOS S.A.,TARUMÃ,62.092.739/0001-28,"Agricultura (Açúcar, Álcool e Cana)",PRIVADO,SP
CANCELADA,MASSA FALIDA DO BANCO CRUZEIRO DO SUL S/A,SÃO PAULO,62.136.254/0001-99,Bancos,PRIVADO,SP
ATIVO,BANCO PINE S/A,SÃO PAULO,62.144.175/0001-20,Bancos,PRIVADO,SP
ATIVO,BANCO DAYCOVAL S.A.,SÃO PAULO,62.232.889/0001-90,Bancos,PRIVADO,SP
CANCELADA,PPE FIOS ESMALTADOS SA,CERQUILHO,62.255.682/0001-30,"Máquinas, Equipamentos, Veículos e Peças",PRIVADO,SP
CANCELADA,INTERCEMENT BRASIL S.A. - EM RECUPERAÇÃO JUDICIAL,SÃO PAULO,62.258.884/0001-36,"Construção Civil, Mat. Constr. e Decoração",PRIVADO,SP
CANCELADA,GURGEL SA PARTICIPACOES,SÃO PAULO,62.278.783/0001-27,Emp. Adm. Participações,PRIVADO,SP
CANCELADA,INDS ARTEB SA,SÃO BERNARDO DO CAMPO,62.291.380/0001-18,"Máquinas, Equipamentos, Veículos e Peças",PRIVADO,SP
CANCELADA,COMMANDER SA,SÃO PAULO,62.297.502/0001-83,Metalurgia e Siderurgia,PRIVADO,SP
ATIVO,BANCO RCI BRASIL S.A.,CURITIBA,62.307.848/0001-15,Bancos,ESTRANGEIRO,PR
CANCELADA,POLIOLEFINAS SA,SÃO PAULO,62.336.946/0001-80,Petroquímicos e Borracha,PRIVADO,SP
CANCELADA,NATIONAL DISTILLERS DO BR SA,SÃO PAULO,62.336.953/0001-82,Emp. Adm. Participações,ESTRANGEIRO,SP
CANCELADA,MINERACAO ARIPUANA SA,MANAUS,62.436.092/0001-04,Extração Mineral,PRIVADO,AM
CANCELADA,CEAGESP CIA ENTR ARM GERAIS SP,SÃO PAULO,62.463.005/0001-08,Serviços Transporte e Logística,ESTATAL,SP
CANCELADA,DERSA DESENVOLVIMENTO RODOVIARIO SA,SÃO PAULO,62.464.904/0001-25,Serviços Transporte e Logística,ESTATAL,SP
CANCELADA,BANESTADO LEASING SA ARR MERC,CURITIBA,62.527.346/0001-08,Arrendamento Mercantil,ESTATAL,PR
CANCELADA,FATOR EMPREENDIMENTOS IMOBILIÁRIOS SA,SÃO PAULO,62.528.930/0001-70,"Construção Civil, Mat. Constr. e Decoração",PRIVADO,SP
CANCELADA,OXITENO S.A. - INDÚSTRIA E COMÉRCIO,SÃO PAULO,62.545.686/0001-53,Petroquímicos e Borracha,PRIVADO,SP
CANCELADA,MASSA FALIDA DA SHARP SA EQUIPS ELETRONICOS,SÃO PAULO,62.607.502/0001-32,"Máquinas, Equipamentos, Veículos e Peças",PRIVADO,SP
CANCELADA,COMPANHIA  ELDORADO DE HOTEIS,SÃO PAULO,62.791.116/0001-43,Hospedagem e Turismo,PRIVADO,SP
CANCELADA,PROPASA PRODS DE PAPEL SA,SÃO PAULO,62.794.516/0001-02,Gráficas e Editoras,PRIVADO,SP
CANCELADA,SOGERAL LEASING SA ARREND MERC,BARUERI,62.816.426/0001-75,Arrendamento Mercantil,PRIVADO,SP
CANCELADA,BRADESCO BCN LEASING S/A ARR MERCANTIL,BARUERI,62.868.302/0001-33,Arrendamento Mercantil,PRIVADO,SP
CANCELADA,TOKYO LEASING DO BRASIL SA,SÃO PAULO,62.870.720/0001-65,Arrendamento Mercantil,ESTRANGEIRO,SP
ATIVO,CRUZEIRO DO SUL EDUCACIONAL S.A.,SÃO PAULO,62.984.091/0001-02,Educação,PRIVADO,SP
CANCELADA,BANCOCIDADE LEASING ARR MERC SA,OSASCO,63.081.004/0001-61,Arrendamento Mercantil,PRIVADO,SP
CANCELADA,BANCO BANDEIRANTES DE INVESTIMENTOS SA,SÃO PAULO,63.090.609/0001-19,Bancos,PRIVADO,SP
ATIVO,CAMIL ALIMENTOS S/A,SÃO PAULO,64.904.295/0001-03,Alimentos,PRIVADO HOLDING,SP
CANCELADA,NOVA SHOPPING CENTER SA,NOVA IGUAÇU,65.441.354/0001-17,Emp. Adm. Participações,PRIVADO,RJ
CANCELADA,CPM BRAXIS S/A,BARUERI,65.599.953/0001-63,Comunicação e Informática,ESTRANGEIRO HOLDING,SP
CANCELADA,MC&A SISTEMAS PESSOAIS SA,SÃO PAULO,65.614.901/0001-19,"Máquinas, Equipamentos, Veículos e Peças",PRIVADO,SP
ATIVO,DIBENS LEASING S.A.- ARREND. MERCANTIL,SÃO PAULO,65.654.303/0001-73,Arrendamento Mercantil,PRIVADO,SP
CANCELADA,BLUE TREE HOTELS & RESORTS DO BRASIL SA,SÃO PAULO,66.542.002/0001-10,Hospedagem e Turismo,PRIVADO,SP
CANCELADA,BRASIL BETON SA,RIO DE JANEIRO,66.890.369/0001-25,"Construção Civil, Mat. Constr. e Decoração",PRIVADO,RJ
ATIVO,RNI NEGÓCIOS IMOBILIÁRIOS S.A.,SÃO JOSÉ DO RIO PRETO,67.010.660/0001-24,"Construção Civil, Mat. Constr. e Decoração",PRIVADO,SP
CANCELADA,CAMARGO CORREA DESENVOLVIMENTO  IMOBILIARIO SA,SÃO PAULO,67.203.208/0001-89,"Construção Civil, Mat. Constr. e Decoração",PRIVADO,SP
CANCELADA,TC SECURITIES CIA DE SECURITIZAÇÃO,SANTA RITA DO PASSA QUATRO,67.437.434/0001-24,Securitização de Recebíveis,PRIVADO,SP
ATIVO,VIVER INCORPORADORA E CONSTRUTORA S.A,SÃO PAULO,67.571.414/0001-41,"Construção Civil, Mat. Constr. e Decoração",PRIVADO HOLDING,SP
ATIVO,MINERVA S/A,BARRETOS,67.620.377/0001-14,Alimentos,PRIVADO,SP
CANCELADA,PARINCORP SA,SÃO PAULO,67.645.952/0001-33,Emp. Adm. Participações,PRIVADO,SP
CANCELADA,HSBX BAURU EMPREENDIMENTOS SA,BAURU,67.760.702/0001-44,"Construção Civil, Mat. Constr. e Decoração",PRIVADO,SP
CANCELADA,REDFACTOR FACTORING E FOMENTO COML S/A,SÃO PAULO,67.915.785/0001-01,Factoring,PRIVADO HOLDING,SP
CANCELADA,PONTUAL LEASING SA ARREND MERC,BARUERI,68.271.295/0001-74,Arrendamento Mercantil,PRIVADO,SP
CANCELADA,CLARANET TECHNOLOGY S.A.,BARUERI,68.400.225/0001-79,Comunicação e Informática,ESTRANGEIRO,SP
CANCELADA,NACIONAL IGUATEMI BAHIA PARTICIPAÇÕES SA,RIO DE JANEIRO,68.584.515/0001-10,Emp. Adm. Participações,PRIVADO,RJ
CANCELADA,BRAFCO SA,RIO DE JANEIRO,68.587.724/0001-17,Comércio (Atacado e Varejo),PRIVADO,RJ
CANCELADA,BSE SA,SÃO PAULO,68.704.923/0001-68,Telecomunicações,PRIVADO,SP
CANCELADA,CCB BRASIL ARRENDAMENTO MERCANTIL S/A,SÃO PAULO,69.720.910/0001-45,Arrendamento Mercantil,PRIVADO,SP
CANCELADA,MAISA PARTICIPACOES SA,MOSSORÓ,70.036.132/0001-59,Alimentos,PRIVADO,RN
CANCELADA,BANCO BS2 S.A.,BELO HORIZONTE,71.027.866/0001-34,Bancos,PRIVADO HOLDING,MG
CANCELADA,CIA NAC FRIGORIFICOS CONFRIO,SÃO PAULO,71.039.119/0001-16,Pesca,PRIVADO,SP
ATIVO,ALGAR TELECOM S/A,UBERLÂNDIA,71.208.516/0001-74,Telecomunicações,PRIVADO,MG
CANCELADA,ZANINI SA EQUIPS PESADOS,SERTÃOZINHO,71.320.931/0001-15,"Máquinas, Equipamentos, Veículos e Peças",PRIVADO,SP
CANCELADA,CIA NACIONAL ESTAMPARIA CIANE,SOROCABA,71.444.582/0001-43,Têxtil e Vestuário,PRIVADO,SP
CANCELADA,INDS TEXTEIS BARBERO SA,CARIACICA,71.444.681/0001-25,Têxtil e Vestuário,PRIVADO,ES
ATIVO,CONSTRUTORA TENDA S/A,SÃO PAULO,71.476.527/0001-35,"Construção Civil, Mat. Constr. e Decoração",PRIVADO,SP
CANCELADA,RUMO LOGÍSTICA OPERADORA MULTIMODAL S.A.,SÃO PAULO,71.550.388/0001-42,Serviços Transporte e Logística,PRIVADO,SP
CANCELADA,FIBRA LEASING SA ARREND MERC,SÃO CAETANO DO SUL,71.590.798/0001-17,Arrendamento Mercantil,PRIVADO,SP
ATIVO,NATURA COSMETICOS SA,SÃO PAULO,71.673.990/0001-77,Farmacêutico e Higiene,PRIVADO,SP
CANCELADA,POLONIA PARTICIPACOES SA,SÃO PAULO,71.722.607/0001-23,Emp. Adm. Participações,PRIVADO HOLDING,SP
CANCELADA,SUPERAGRO SA FERT INSETICIDAS,CAMPO LIMPO PAULISTA,72.129.083/0001-24,Petroquímicos e Borracha,PRIVADO,SP
CANCELADA,SANTANA TEXTIL SA,FORTALEZA,72.418.478/0001-47,Têxtil e Vestuário,PRIVADO,CE
CANCELADA,RIBEIRAO PRETO WATER PARK SA,RIBEIRÃO PRETO,72.991.714/0001-10,Emp. Adm. Participações,PRIVADO,SP
ATIVO,CYRELA BRAZIL REALTY S.A.EMPREEND E PART,SÃO PAULO,73.178.600/0001-18,"Construção Civil, Mat. Constr. e Decoração",PRIVADO,SP
CANCELADA,NQ PARTICIPAÇÕES S.A.,RIO DE JANEIRO,73.615.395/0001-00,Emp. Adm. Participações,PRIVADO,RJ
CANCELADA,FICAP SA,RIO DE JANEIRO,73.847.253/0001-79,Metalurgia e Siderurgia,PRIVADO,RJ
ATIVO,SNB PARTICIPACOES SA,BLUMENAU,73.903.718/0001-61,Emp. Adm. Part. - Comércio (Atacado e Varejo),PRIVADO,SC
CANCELADA,PETROPAR EMBALAGENS SA,HORIZONTE,74.043.993/0001-15,Embalagens,PRIVADO,CE
CANCELADA,FENICIAPAR S/A,SÃO PAULO,74.409.467/0001-26,Securitização de Recebíveis,PRIVADO,SP
CANCELADA,ZOGBI LEASING S/A ARRENDAMENTO MERCANTIL,SÃO CAETANO DO SUL,74.533.787/0001-93,Arrendamento Mercantil,PRIVADO,SP
CANCELADA,TROMBINI SA ADM E PARTICIPACAO,CURITIBA,75.049.965/0001-78,Emp. Adm. Participações,PRIVADO HOLDING,PR
CANCELADA,BAMERINDUS SA FINANC CRED INV,CURITIBA,75.170.076/0001-64,Bancos,PRIVADO,PR
CANCELADA,ATACADÃO S.A.,SÃO PAULO,75.315.333/0001-09,Emp. Adm. Part. - Comércio (Atacado e Varejo),ESTRANGEIRO,SP
ATIVO,UNIDAS LOCAÇÕES E SERVIÇOS S.A.,CURITIBA,75.609.123/0001-23,Serviços Transporte e Logística,PRIVADO,PR
CANCELADA,CIA. IGUAÇU DE CAFÉ SOLÚVEL,CORNÉLIO PROCÓPIO,76.255.926/0001-90,Alimentos,ESTRANGEIRO,PR
ATIVO,COMPANHIA PARANAENSE DE ENERGIA COPEL,CURITIBA,76.483.817/0001-20,Energia Elétrica,ESTATAL HOLDING,PR
ATIVO,CIA. DE SANEAMENTO DO PARANÁ - SANEPAR,CURITIBA,76.484.013/0001-45,"Saneamento, Serv. Água e Gás",ESTATAL,PR
CANCELADA,BCO BAMERINDUS INVS SA,CURITIBA,76.484.575/0001-99,Bancos,PRIVADO,PR
CANCELADA,SIDERURGICA GUAIRA SA,PORTO ALEGRE,76.486.430/0001-27,Metalurgia e Siderurgia,PRIVADO,RS
CANCELADA,MUELLER IRMAOS SA,CURITIBA,76.486.711/0001-80,Metalurgia e Siderurgia,PRIVADO,PR
CANCELADA,ELECTROLUX DO BRASIL SA,CURITIBA,76.487.032/0001-25,Metalurgia e Siderurgia,PRIVADO,PR
CANCELADA,ANCORA COMERCIAL SA,CURITIBA,76.491.661/0001-29,"Máquinas, Equipamentos, Veículos e Peças",PRIVADO,PR
CANCELADA,EMILIO ROMANI SA,CURITIBA,76.491.828/0001-51,"Agricultura (Açúcar, Álcool e Cana)",PRIVADO,PR
CANCELADA,BANCO BANESTADO SA,CURITIBA,76.492.172/0001-91,Bancos,PRIVADO,PR
CANCELADA,ELETROFRIO SA,CURITIBA,76.498.179/0001-10,"Máquinas, Equipamentos, Veículos e Peças",PRIVADO,PR
CANCELADA,COMPANHIA PROVIDENCIA IND E COMERCIO,SÃO JOSÉ DOS PINHAIS,76.500.180/0001-32,Petroquímicos e Borracha,PRIVADO,PR
CANCELADA,ARAPUA IMPORTACAO COMERCIO SA,CURITIBA,76.516.921/0001-73,Comércio (Atacado e Varejo),PRIVADO,PR
CANCELADA,PARANA EQUIPAMENTOS SA,CURITIBA,76.527.951/0001-85,"Máquinas, Equipamentos, Veículos e Peças",PRIVADO,PR
ATIVO,OI S.A. - EM RECUPERAÇÃO JUDICIAL,RIO DE JANEIRO,76.535.764/0001-43,Telecomunicações,PRIVADO,RJ
CANCELADA,HSBC SEGUROS BRASIL SA,CURITIBA,76.538.446/0001-36,Seguradoras e Corretoras,PRIVADO,PR
CANCELADA,BANCO BAMERINDUS BRASIL SA,CURITIBA,76.543.115/0001-94,Bancos,PRIVADO,PR
CANCELADA,BAMERINDUS SA PARTICIPAÇÕES E EMPREENDIMENTOS - EM LIQUIDAÇÃO EXTRAJUDICIAL,CURITIBA,76.543.156/0001-80,Emp. Adm. Part. - Intermediação Financeira,PRIVADO,PR
CANCELADA,BANESTADO SA CRED FIN E INV,CURITIBA,76.550.748/0001-20,Bancos,ESTATAL,PR
ATIVO,INEPAR S.A. INDUSTRIA E CONSTRUCOES EM RECUPERACAO JUDICIAL,CURITIBA,76.627.504/0001-06,"Máquinas, Equipamentos, Veículos e Peças",PRIVADO,PR
CANCELADA,BAMERINDUS SA CRED IMOBILIARIO,CURITIBA,76.659.101/0001-30,Crédito Imobiliário,PRIVADO,PR
CANCELADA,CHAPECO PARANA SA IND E COM,FRANCISCO BELTRÃO,77.404.937/0001-57,Alimentos,PRIVADO,PR
CANCELADA,ITAMARATY FILTROS DE PAPEL SA,LONDRINA,77.558.948/0001-91,Outras Atividades Industriais,PRIVADO,PR
CANCELADA,SID INFORMATICA SA,SÃO PAULO,77.623.163/0001-55,"Máquinas, Equipamentos, Veículos e Peças",PRIVADO,SP
CANCELADA,LABRA IND BRAS DE LAPIS SA,ARAUCÁRIA,77.964.963/0001-30,Outras Atividades Industriais,PRIVADO,PR
CANCELADA,PISA-PAPEL DE IMPRENSA SA,JAGUARIAÍVA,78.229.309/0001-45,Papel e Celulose,PRIVADO,PR
CANCELADA,STEVIAFARMA INDUSTRIAL SA,MARINGÁ,78.363.322/0001-92,Farmacêutico e Higiene,PRIVADO,PR
CANCELADA,"IMCOPA-IMPORTAÇÃO, EXPORT E IND DE OLEOS SA",ARAUCÁRIA,78.571.411/0001-24,Alimentos,PRIVADO,PR
CANCELADA,CIA CACIQUE CAFE SOLUVEL,LONDRINA,78.588.415/0001-15,Alimentos,PRIVADO,PR
CANCELADA,MASSA FALIDA DA TRANSPARANA SA,LONDRINA,78.594.876/0001-09,Comércio (Atacado e Varejo),PRIVADO,PR
CANCELADA,CIA LONDRIMALHAS HERINGER INDUSTRIA E COMERCIO,LONDRINA,78.597.697/0001-17,Têxtil e Vestuário,PRIVADO,PR
CANCELADA,CIA HERING,BLUMENAU,78.876.950/0001-71,Têxtil e Vestuário,PRIVADO,SC
CANCELADA,GERMANI CIA PARANAENSE ALIMS,GASPAR,79.114.203/0001-69,Alimentos,PRIVADO,SC
CANCELADA,CARAMURU ALIMENTOS DE MILHO SA,APUCARANA,79.119.939/0001-20,Alimentos,PRIVADO,PR
CANCELADA,WIEST SA,JARAGUÁ DO SUL,79.313.086/0001-62,Metalurgia e Siderurgia,PRIVADO HOLDING,SC
ATIVO,FARMÁCIA E DROGARIA NISSEI S.A.,CURITIBA,79.430.682/0001-22,Comércio (Atacado e Varejo),PRIVADO,PR
CANCELADA,CECRISA REVESTIMENTOS CERAMICOS SA,CRICIÚMA,79.655.916/0001-30,"Construção Civil, Mat. Constr. e Decoração",PRIVADO,SC
CANCELADA,WAGNER SA,PONTA GROSSA,80.217.680/0001-39,"Construção Civil, Mat. Constr. e Decoração",PRIVADO,PR
CANCELADA,METALGRAFICA IGUACU SA,PONTA GROSSA,80.227.184/0001-66,Metalurgia e Siderurgia,PRIVADO,PR
CANCELADA,INTERAGRO SA ALIMENTOS,CURITIBA,80.246.812/0001-50,Alimentos,PRIVADO,PR
ATIVO,SENIOR SISTEMAS S.A.,BLUMENAU,80.680.093/0001-81,Comunicação e Informática,PRIVADO,SC
CANCELADA,RICASA ROLANDIA IC E AGRI SA,ROLÂNDIA,80.902.018/0001-18,"Agricultura (Açúcar, Álcool e Cana)",PRIVADO,PR
CANCELADA,DESCARBONIZE SOLUÇÕES S.A.,MARINGÁ,81.106.957/0001-19,"Máquinas, Equipamentos, Veículos e Peças",PRIVADO,PR
ATIVO,POSITIVO TECNOLOGIA S.A.,CURITIBA,81.243.735/0001-48,Comunicação e Informática,PRIVADO,PR
CANCELADA,IGUACU CELULOSE PAPEL SA,CURITIBA,81.304.727/0001-64,Papel e Celulose,PRIVADO,PR
CANCELADA,TUPY METALMECANICA SA,JOINVILLE,81.599.961/0001-66,Emp. Adm. Participações,PRIVADO,SC
ATIVO,GRANJA FARIA S.A.,LAURO MULLER,81.616.807/0001-55,Alimentos,PRIVADO,SC
ATIVO,ALMEIDA JUNIOR SHOPPING CENTERS S.A.,SÃO PAULO,82.120.676/0001-83,Emp. Adm. Part. - Comércio (Atacado e Varejo),PRIVADO,SP
CANCELADA,CIPLA SA,JOINVILLE,82.166.711/0001-03,Comércio (Atacado e Varejo),PRIVADO,SC
CANCELADA,BEMATECH  S/A,SÃO JOSÉ DOS PINHAIS,82.373.077/0001-71,Comunicação e Informática,PRIVADO,PR
ATIVO,CIA CAT. DE ÁGUAS E SANEAMENTO - CASAN,FLORIANÓPOLIS,82.508.433/0001-17,"Saneamento, Serv. Água e Gás",ESTATAL,SC
CANCELADA,HOTEIS TANNENHOF SA,JOINVILLE,82.602.426/0001-80,Hospedagem e Turismo,PRIVADO,SC
CANCELADA,DOUAT CIA TEXTIL,JOINVILLE,82.610.726/0001-00,Têxtil e Vestuário,PRIVADO,SC
CANCELADA,SIMESC SA,JOINVILLE,82.612.532/0001-44,Metalurgia e Siderurgia,PRIVADO,SC
CANCELADA,CIA COML SCHRADER,BLUMENAU,82.636.887/0001-73,"Máquinas, Equipamentos, Veículos e Peças",PRIVADO,SC
CANCELADA,CIA HERING,BLUMENAU,82.639.139/0001-44,Têxtil e Vestuário,PRIVADO,SC
CANCELADA,FAB CHOCOLATE SATURNO SA,BLUMENAU,82.639.535/0001-71,Alimentos,PRIVADO,SC
CANCELADA,MASSA FALIDA DA CIA LORENZ,BLUMENAU,82.639.543/0001-18,Alimentos,PRIVADO,SC
ATIVO,KARSTEN SA,BLUMENAU,82.640.558/0001-04,Têxtil e Vestuário,PRIVADO,SC
CANCELADA,LOJAS HERING SA,BLUMENAU,82.640.632/0001-84,Têxtil e Vestuário,PRIVADO,SC
CANCELADA,MAFISA MALHARIA BLUMENAU SA,BLUMENAU,82.640.699/0001-19,Têxtil e Vestuário,PRIVADO,SC
CANCELADA,KUALA SA,BLUMENAU,82.640.723/0001-10,Têxtil e Vestuário,PRIVADO HOLDING,SC
CANCELADA,CREMER SA,BLUMENAU,82.641.325/0001-18,Têxtil e Vestuário,PRIVADO,SC
ATIVO,ELECTRO AÇO ALTONA S/A,BLUMENAU,82.643.537/0001-34,Metalurgia e Siderurgia,PRIVADO,SC
CANCELADA,HERING SA BRINQ INST MUSICAIS,BLUMENAU,82.647.942/0001-20,"Máquinas, Equipamentos, Veículos e Peças",PRIVADO,SC
CANCELADA,PERDIGAO AGROINDUSTRIAL SA,SÃO PAULO,82.829.730/0001-64,Alimentos,PRIVADO,SP
ATIVO,INTELBRAS S.A. IND. DE TELECOMUNICAÇÃO ELETRÔNICA BRASILEIRA,SÃO JOSÉ,82.901.000/0001-27,Comércio (Atacado e Varejo),PRIVADO,SC
CANCELADA,FRIL FRIGORIF DA LUZ SA,JOAÇABA,82.902.461/0001-14,Alimentos,PRIVADO,SC
CANCELADA,CHAPECO CIA INDL DE ALIMENTOS,CHAPECÓ,82.949.371/0001-89,Alimentos,PRIVADO,SC
CANCELADA,MASSA FALIDA DA FÁBRICA DE TECIDOS CARLOS RENAUX S.A.,BRUSQUE,82.981.671/0001-45,Têxtil e Vestuário,PRIVADO,SC
CANCELADA,BUETTNER SA IND E COMÉRCIO,BRUSQUE,82.981.812/0001-20,Têxtil e Vestuário,PRIVADO,SC
ATIVO,TÊXTIL RENAUXVIEW S/A,BRUSQUE,82.982.075/0001-80,Têxtil e Vestuário,PRIVADO,SC
CANCELADA,MINERAÇÃO E CIMENTO VALE ITAJAI SA,FLORIANÓPOLIS,82.989.369/0001-33,Extração Mineral,ESTATAL,SC
CANCELADA,ALUSUD ALUMINIO DO SUL SA,TUBARÃO,82.998.600/0001-55,Metalurgia e Siderurgia,PRIVADO,SC
CANCELADA,FRICASA ALIMENTOS SA,CANOINHAS,83.188.110/0001-56,Alimentos,PRIVADO,SC
ATIVO,MASSA FALIDA DA SA IND E COMERCIO CHAPECO,CHAPECÓ,83.296.889/0001-23,Alimentos,PRIVADO,SC
CANCELADA,SADIA AVICOLA SA,CHAPECÓ,83.313.205/0001-54,Alimentos,PRIVADO,SC
ATIVO,PBG S/A,FLORIANÓPOLIS,83.475.913/0001-91,"Construção Civil, Mat. Constr. e Decoração",PRIVADO,SC
CANCELADA,SADIA CONCORDIA SA IND E COM,SÃO PAULO,83.568.147/0001-00,Alimentos,PRIVADO,SP
CANCELADA,BANCO DO ESTADO DE SANTA CATARINA S/A - BESC,FLORIANÓPOLIS,83.876.003/0001-10,Bancos,ESTATAL,SC
ATIVO,CENTRAIS ELETRICAS DE SANTA CATARINA S.A,FLORIANÓPOLIS,83.878.892/0001-55,Energia Elétrica,ESTATAL,SC
CANCELADA,TELECOM STA CATARINA SA,FLORIANÓPOLIS,83.897.223/0001-20,Telecomunicações,PRIVADO,SC
CANCELADA,CIRCULO S/A,GASPAR,84.043.009/0001-70,Têxtil e Vestuário,PRIVADO,SC
CANCELADA,BUNGE ALIMENTOS SA,GASPAR,84.046.101/0001-93,Alimentos,PRIVADO,SC
CANCELADA,CIA DOCAS DE IMBITUBA,IMBITUBA,84.208.123/0001-02,Serviços Transporte e Logística,PRIVADO,SC
CANCELADA,TECELAGEM MALHARIA INDAIAL SA,INDAIAL,84.228.055/0001-43,Têxtil e Vestuário,PRIVADO,SC
CANCELADA,SEARA INDUSTRIAL SA,GASPAR,84.374.818/0001-64,"Agricultura (Açúcar, Álcool e Cana)",PRIVADO,SC
ATIVO,WEG SA,JARAGUÁ DO SUL,84.429.695/0001-11,"Emp. Adm. Part. - Máqs., Equip., Veíc. e Peças",PRIVADO HOLDING,SC
CANCELADA,MARISOL SA,JARAGUÁ DO SUL,84.429.752/0001-62,Emp. Adm. Part. - Têxtil e Vestuário,PRIVADO,SC
CANCELADA,IND TEXTIL JARITA SA,JARAGUÁ DO SUL,84.430.610/0001-15,Têxtil e Vestuário,PRIVADO,SC
CANCELADA,METALURGICA JOAO WIEST SA,JARAGUÁ DO SUL,84.430.768/0001-95,Metalurgia e Siderurgia,PRIVADO,SC
CANCELADA,JARAGUA FABRIL SA,JARAGUÁ DO SUL,84.432.426/0001-04,Têxtil e Vestuário,PRIVADO,SC
CANCELADA,BRASIL & MOVIMENTOS S/A,MANAUS,84.489.996/0001-30,"Máquinas, Equipamentos, Veículos e Peças",PRIVADO,AM
CANCELADA,PST ELETRÔNICA SA,MANAUS,84.496.066/0001-04,"Máquinas, Equipamentos, Veículos e Peças",PRIVADO,AM
CANCELADA,BONATO SA COM E INDUSTRIA,JOAÇABA,84.583.608/0001-86,"Construção Civil, Mat. Constr. e Decoração",PRIVADO,SC
CANCELADA,PERDIGAO COUROS SA,JOAÇABA,84.583.616/0001-22,Têxtil e Vestuário,PRIVADO,SC
CANCELADA,CAETANO BRANCO SA,JOAÇABA,84.584.481/0001-10,Emp. Adm. Participações,PRIVADO,SC
ATIVO,TUPY SA,JOINVILLE,84.683.374/0001-49,Metalurgia e Siderurgia,PRIVADO,SC
ATIVO,DOHLER S.A.,JOINVILLE,84.683.408/0001-03,Têxtil e Vestuário,PRIVADO,SC
CANCELADA,DROGARIA FARM CATARINENSE SA,JOINVILLE,84.683.481/0001-77,Comércio (Atacado e Varejo),PRIVADO,SC
ATIVO,WETZEL S.A.,JOINVILLE,84.683.671/0001-94,Metalurgia e Siderurgia,PRIVADO,SC
CANCELADA,METALURGICA DUQUE SA - EM RECUPERAÇÃO JUDICIAL,JOINVILLE,84.683.762/0001-20,Metalurgia e Siderurgia,PRIVADO,SC
CANCELADA,NYLONSUL TEXTIL A M SCHMALZ SA,JOINVILLE,84.683.770/0001-76,Têxtil e Vestuário,PRIVADO,SC
CANCELADA,WETZEL FUNDICAO DE FERRO SA,JOINVILLE,84.683.788/0001-78,Metalurgia e Siderurgia,PRIVADO HOLDING,SC
CANCELADA,CONSUL SA,JOINVILLE,84.684.349/0001-80,"Máquinas, Equipamentos, Veículos e Peças",PRIVADO,SC
CANCELADA,TIGRE S.A. PARTICIPAÇÕES,JOINVILLE,84.684.455/0001-63,"Construção Civil, Mat. Constr. e Decoração",PRIVADO,SC
CANCELADA,BUSCHLE & LEPPER SA,JOINVILLE,84.684.471/0001-56,Petroquímicos e Borracha,PRIVADO,SC
CANCELADA,LUMIERE SA,BLUMENAU,84.684.554/0001-45,Têxtil e Vestuário,PRIVADO,SC
CANCELADA,CIA WETZEL INDL,JOINVILLE,84.684.950/0001-72,Petroquímicos e Borracha,PRIVADO,SC
CANCELADA,INDS SCHNEIDER SA,JOINVILLE,84.685.106/0001-66,"Máquinas, Equipamentos, Veículos e Peças",PRIVADO,SC
CANCELADA,HUSKY SA,JOINVILLE,84.685.189/0001-93,Têxtil e Vestuário,PRIVADO HOLDING,SC
ATIVO,SCHULZ SA,JOINVILLE,84.693.183/0001-68,Metalurgia e Siderurgia,PRIVADO,SC
CANCELADA,EMP BRAS COMPRES SA - EMBRACO,JOINVILLE,84.720.630/0001-20,"Máquinas, Equipamentos, Veículos e Peças",PRIVADO,SC
ATIVO,PORTO PONTA DO FELIX S/A,ANTONINA,85.041.333/0001-11,Serviços Transporte e Logística,PRIVADO,PR
CANCELADA,PORCELANA SCHMIDT SA,CAMPO LARGO,85.459.691/0001-49,Extração Mineral,PRIVADO,PR
ATIVO,METALURGICA RIOSULENSE SA,RIO DO SUL,85.778.074/0001-06,"Máquinas, Equipamentos, Veículos e Peças",PRIVADO,SC
CANCELADA,INDS ARTEFAMA SA,SÃO BENTO DO SUL,86.046.562/0001-91,"Construção Civil, Mat. Constr. e Decoração",PRIVADO,SC
CANCELADA,BUDDEMEYER S/A,SÃO BENTO DO SUL,86.047.198/0001-84,Têxtil e Vestuário,PRIVADO,SC
ATIVO,METISA METALÚRGICA  TIMBOENSE SA,TIMBÓ,86.375.425/0001-09,Metalurgia e Siderurgia,PRIVADO,SC
CANCELADA,ITAPIRUBA HOTEIS E TURISMO SA,LAGUNA,86.442.951/0001-36,Hospedagem e Turismo,PRIVADO,SC
CANCELADA,WENTEX TEXTIL S.A,SÃO PAULO,86.542.107/0001-87,Têxtil e Vestuário,PRIVADO,SP
CANCELADA,PERDIGAO AGROINDUSTRIAL SA,SÃO PAULO,86.547.619/0001-36,Emp. Adm. Participações,PRIVADO,SP
ATIVO,MASSA FALIDA DE POMIFRUTAS S/A,FRAIBURGO,86.550.951/0001-50,"Agricultura (Açúcar, Álcool e Cana)",PRIVADO,SC
ATIVO,SEIVA S.A. - FLORESTAS E INDÚSTRIAS,SÃO PAULO,87.043.832/0001-73,Reflorestamento,PRIVADO,SP
CANCELADA,BCO SUL BRASILEIRO SA,PORTO ALEGRE,87.125.019/0001-42,Bancos,PRIVADO,RS
CANCELADA,MAISONNAVE LEASING SA AM,PORTO ALEGRE,87.155.461/0001-11,Arrendamento Mercantil,PRIVADO,RS
CANCELADA,MAISONNAVE CIA DE PART,PORTO ALEGRE,87.191.847/0001-89,Emp. Adm. Participações,PRIVADO,RS
CANCELADA,DURATEX MADEIRA AGLOMERADA SA,SÃO PAULO,87.266.359/0001-93,"Construção Civil, Mat. Constr. e Decoração",PRIVADO,SP
CANCELADA,GRAVATAI SUL SA,PORTO ALEGRE,87.377.016/0001-04,"Máquinas, Equipamentos, Veículos e Peças",PRIVADO,RS
ATIVO,JOSAPAR-JOAQUIM OLIVEIRA S.A. - PARTICIP,PORTO ALEGRE,87.456.562/0001-22,Emp. Adm. Part. - Alimentos,PRIVADO,RS
CANCELADA,MÔNACO - ADMINISTRAÇÃO E PARTICIPAÇÕES S.A.,BENTO GONÇALVES,87.551.552/0001-76,Bebidas e Fumo,PRIVADO,RS
ATIVO,COMPANHIIA HABITASUL DE PARTICIPAÇÕES,PORTO ALEGRE,87.762.563/0001-03,Emp. Adm. Part. - Crédito Imobiliário,PRIVADO,RS
CANCELADA,ALPINA BRASIL SA MAQ IMP AGRIC,CAXIAS DO SUL,87.819.926/0001-91,"Máquinas, Equipamentos, Veículos e Peças",PRIVADO,RS
ATIVO,BORRACHAS VIPAL S.A.,NOVA PRATA,87.870.952/0001-44,Petroquímicos e Borracha,PRIVADO,RS
CANCELADA,LEE SA IND DE CONFECCOES,PORTO ALEGRE,87.876.033/0001-88,Têxtil e Vestuário,PRIVADO,RS
CANCELADA,AGRILEASING SA ARREND MERC,PORTO ALEGRE,88.070.990/0001-85,Arrendamento Mercantil,ESTRANGEIRO,RS
CANCELADA,TROMBINI PAPEL E EMBALAGENS SA,CURITIBA,88.209.697/0001-56,Papel e Celulose,PRIVADO,PR
CANCELADA,SIBISA TRADING SA,PORTO ALEGRE,88.270.178/0001-01,Comércio Exterior,PRIVADO,RS
CANCELADA,INDUSTRIAS MICHELETTO S/A,CANOAS,88.301.163/0001-55,"Máquinas, Equipamentos, Veículos e Peças",PRIVADO,RS
ATIVO,FRASLE MOBILITY S.A.,CAXIAS DO SUL,88.610.126/0001-29,"Máquinas, Equipamentos, Veículos e Peças",PRIVADO,RS
CANCELADA,MADEPART SA ADMINISTRAÇÃO E PARTICIPAÇÕES,SÃO PAULO,88.610.159/0001-79,"Construção Civil, Mat. Constr. e Decoração",PRIVADO,SP
ATIVO,MUNDIAL S.A - PRODUTOS DE CONSUMO,SÃO PAULO,88.610.191/0001-54,Têxtil e Vestuário,PRIVADO,SP
CANCELADA,MADEZATTI SA,CAXIAS DO SUL,88.610.290/0001-36,"Construção Civil, Mat. Constr. e Decoração",PRIVADO,RS
CANCELADA,AGRALE SA,CAXIAS DO SUL,88.610.324/0001-92,"Máquinas, Equipamentos, Veículos e Peças",PRIVADO,RS
CANCELADA,KALIL SEHBE SA IND VESTUARIO,CAXIAS DO SUL,88.610.779/0001-08,Têxtil e Vestuário,PRIVADO,RS
CANCELADA,RANDON SA VEICULOS IMPLEMENTOS,CAXIAS DO SUL,88.610.829/0001-57,"Máquinas, Equipamentos, Veículos e Peças",PRIVADO,RS
ATIVO,MARCOPOLO SA,CAXIAS DO SUL,88.611.835/0001-29,"Máquinas, Equipamentos, Veículos e Peças",PRIVADO,RS
CANCELADA,ENXUTA SA,CAXIAS DO SUL,88.611.975/0001-05,"Máquinas, Equipamentos, Veículos e Peças",PRIVADO,RS
CANCELADA,GAZOLA SA INDÚSTRIA METALURGICA,CAXIAS DO SUL,88.611.983/0001-43,Metalurgia e Siderurgia,PRIVADO,RS
CANCELADA,RODOVIARIA SA IND IMPLS TRANSP,CAXIAS DO SUL,88.612.049/0001-46,"Máquinas, Equipamentos, Veículos e Peças",PRIVADO,RS
ATIVO,PETTENATI S.A. INDUSTRIA TEXTIL,CAXIAS DO SUL,88.613.658/0001-10,Têxtil e Vestuário,PRIVADO,RS
CANCELADA,SEHBE CIA DE PARTICIPACOES,CAXIAS DO SUL,88.615.315/0001-94,Emp. Adm. Participações,PRIVADO,RS
CANCELADA,DE ANTONI SA MAQS IMPL AGRIC,CAXIAS DO SUL,88.616.735/0001-95,"Máquinas, Equipamentos, Veículos e Peças",PRIVADO,RS
CANCELADA,SEHBE SA HOTEIS E TURISMO,CAXIAS DO SUL,88.658.752/0001-95,Hospedagem e Turismo,PRIVADO,RS
CANCELADA,GRANOLEO SA CI SEMS OLEAGS DER,PORTO ALEGRE,88.925.029/0001-25,Alimentos,PRIVADO,RS
CANCELADA,IPIRANGA PETROQUIMICA SA,TRIUNFO,88.939.236/0001-39,Petroquímicos e Borracha,PRIVADO,RS
CANCELADA,COPESUL - COMPANHIA PETROQUÍMICA DO SUL,TRIUNFO,88.948.492/0001-92,Petroquímicos e Borracha,PRIVADO,RS
CANCELADA,FAROL SA IND GAUCHA FAR OLEOS,PORTO ALEGRE,89.007.009/0001-38,Alimentos,PRIVADO,RS
CANCELADA,GERDAU SERV INFORMATICA SA GSI,SAPUCAIA DO SUL,89.011.738/0001-68,Comunicação e Informática,PRIVADO,RS
CANCELADA,SIDERURGICA CEARENSE S/A,PORTO ALEGRE,89.011.795/0001-47,Metalurgia e Siderurgia,PRIVADO,RS
ATIVO,RANDONCORP S.A.,CAXIAS DO SUL,89.086.144/0001-16,"Máquinas, Equipamentos, Veículos e Peças",PRIVADO,RS
ATIVO,SLC AGRICOLA SA,PORTO ALEGRE,89.096.457/0001-55,"Agricultura (Açúcar, Álcool e Cana)",PRIVADO,RS
CANCELADA,RHODIA AGRO SA,SÃO PAULO,89.163.430/0001-38,Têxtil e Vestuário,PRIVADO,SP
CANCELADA,EDISA HEWLETT-PACKARD SA,BARUERI,89.411.771/0001-85,"Máquinas, Equipamentos, Veículos e Peças",PRIVADO,SP
CANCELADA,PERDIGAO AGROINDUSTRIAL SA,SÃO PAULO,89.421.903/0001-50,Alimentos,PRIVADO,SP
CANCELADA,"SUL BRASILEIRO CRED.,FINANC.E",PORTO ALEGRE,89.425.623/0001-10,Crédito Imobiliário,PRIVADO,RS
ATIVO,LUPATECH S.A.,NOVA ODESSA,89.463.822/0001-12,"Máquinas, Equipamentos, Veículos e Peças",PRIVADO,SP
CANCELADA,OPP PETROQUIMICA SA,SÃO PAULO,89.546.063/0001-51,Petroquímicos e Borracha,PRIVADO,SP
CANCELADA,DIGITEL S.A. INDUSTRIA ELETRONICA - EM RECUPERAÇÃO JUDICIAL,ALVORADA,89.547.269/0001-04,Comunicação e Informática,PRIVADO,RS
ATIVO,KLABIN S.A.,SÃO PAULO,89.637.490/0001-45,Papel e Celulose,PRIVADO,SP
CANCELADA,IND CALCADOS ERNO SA,ESTÂNCIA VELHA,89.716.138/0001-03,Têxtil e Vestuário,PRIVADO,RS
CANCELADA,SETA SA EXTRAT TANINO ACACIA,ESTÂNCIA VELHA,89.717.268/0001-52,Petroquímicos e Borracha,PRIVADO,RS
ATIVO,CONSTRUTORA SULTEPA S.A. - EM RECUPERAÇÃO JUDICIAL,PORTO ALEGRE,89.723.993/0001-33,"Construção Civil, Mat. Constr. e Decoração",PRIVADO,RS
CANCELADA,CIA CIMENTO PORTL GAUCHO,ESTEIO,89.724.017/0001-03,Extração Mineral,PRIVADO,RS
CANCELADA,METALURGICA HASSMANN SA,ESTRELA,89.772.065/0001-69,Metalurgia e Siderurgia,PRIVADO,RS
ATIVO,GRENDENE SA,SOBRAL,89.850.341/0001-60,Têxtil e Vestuário,PRIVADO HOLDING,CE
CANCELADA,PARMALAT BRASIL S.A  IND DE  ALIMENTOS.,SÃO PAULO,89.940.878/0001-10,Alimentos,PRIVADO,SP
CANCELADA,POLYMAX INFORMATICA SA,SÃO PAULO,90.025.214/0001-05,"Máquinas, Equipamentos, Veículos e Peças",PRIVADO,SP
ATIVO,MINUPAR PARTICIPACOES SA,LAJEADO,90.076.886/0001-40,Emp. Adm. Part. - Alimentos,PRIVADO,RS
CANCELADA,TRAFO EQUIPAMENTOS ELETRICOS S.A.,GRAVATAÍ,90.286.105/0001-41,"Máquinas, Equipamentos, Veículos e Peças",PRIVADO,RS
CANCELADA,ELEVADORES SUR SA IND COM,GUAÍBA,90.347.840/0001-18,"Máquinas, Equipamentos, Veículos e Peças",PRIVADO,RS
CANCELADA,RIO GRANDE CIA CEL DO SUL,GUAÍBA,90.348.632/0001-33,Papel e Celulose,PRIVADO,RS
ATIVO,BANCO SANTANDER (BRASIL) S.A.,SÃO PAULO,90.400.888/0001-42,Bancos,ESTRANGEIRO HOLDING,SP
ATIVO,UNICASA INDÚSTRIA DE MÓVEIS S.A.,BENTO GONÇALVES,90.441.460/0001-48,"Construção Civil, Mat. Constr. e Decoração",PRIVADO,RS
CANCELADA,IND MAQS AGRICOLAS FUCHS SA,IJUÍ,90.724.345/0001-80,"Máquinas, Equipamentos, Veículos e Peças",PRIVADO,RS
CANCELADA,CIA MINUANO DE ALIMENTOS,LAJEADO,91.154.690/0001-99,Alimentos,PRIVADO,RS
CANCELADA,OLVEBRA SA,PORTO ALEGRE,91.156.901/0001-22,Alimentos,PRIVADO HOLDING,RS
CANCELADA,BORELLA SA IND E COMERCIO,MARAU,91.302.034/0001-96,Alimentos,PRIVADO,RS
ATIVO,RECRUSUL SA,PORTO ALEGRE,91.333.666/0001-17,"Máquinas, Equipamentos, Veículos e Peças",PRIVADO,RS
CANCELADA,FRANGOSUL SA AGRO AVICOLA INDL,MONTENEGRO,91.374.561/0001-06,Alimentos,PRIVADO,RS
CANCELADA,STARA S.A. - INDÚSTRIA DE IMPLEMENTOS AGRÍCOLAS,NÃO-ME-TOQUE,91.495.499/0001-00,"Máquinas, Equipamentos, Veículos e Peças",PRIVADO HOLDING,RS
CANCELADA,CICADE CURTUME SA,BAGÉ,91.623.892/0001-32,Têxtil e Vestuário,PRIVADO,RS
CANCELADA,LANIFICIO SEHBE SA IND E EXP,CAXIAS DO SUL,91.664.706/0001-03,Têxtil e Vestuário,PRIVADO,RS
CANCELADA,NOVOSINOS SA DTVM,NOVO HAMBURGO,91.669.739/0001-46,Seguradoras e Corretoras,PRIVADO,RS
CANCELADA,"DM FINANCEIRA S.A. - CRÉDITO, FINANCIAMENTO E INVESTIMENTO",SÃO JOSÉ DOS CAMPOS,91.669.747/0001-92,Bancos,PRIVADO,SP
CANCELADA,NOVO HAMBURGO CIA SEGS GERAIS,NOVO HAMBURGO,91.677.682/0001-27,Seguradoras e Corretoras,PRIVADO,RS
CANCELADA,ÉVORA S.A.,PORTO ALEGRE,91.820.068/0001-72,Emp. Adm. Part. - Embalagens,PRIVADO,RS
CANCELADA,FUNDIROSSI SA METALURGIA FINA,SÃO LEOPOLDO,91.866.053/0001-45,Metalurgia e Siderurgia,PRIVADO,RS
ATIVO,KEPLER WEBER SA,SÃO PAULO,91.983.056/0001-69,Emp. Adm. Part. - Metalurgia e Siderurgia,PRIVADO,SP
ATIVO,GRAZZIOTIN SA,PASSO FUNDO,92.012.467/0001-70,Comércio (Atacado e Varejo),PRIVADO,RS
CANCELADA,MENEGAZ S.A. INDUSTRIA E COM.,PASSO FUNDO,92.012.780/0001-08,"Máquinas, Equipamentos, Veículos e Peças",PRIVADO,RS
CANCELADA,ARTHUR LANGE SA IND E COM,TURUÇU,92.189.356/0001-33,Têxtil e Vestuário,PRIVADO,RS
CANCELADA,SUPERMERCADOS REAL SA,PORTO ALEGRE,92.192.509/0001-00,Comércio (Atacado e Varejo),PRIVADO,RS
CANCELADA,CIA TELEF MELHOR RESIST,PELOTAS,92.195.189/0001-33,Telecomunicações,ESTATAL,RS
CANCELADA,IRANI AGROFLORESTAL SA,PORTO ALEGRE,92.387.018/0001-06,Reflorestamento,PRIVADO,RS
CANCELADA,CIA GERAL DE INDUSTRIAS,GUAÍBA,92.659.325/0001-07,Metalurgia e Siderurgia,PRIVADO,RS
CANCELADA,A J RENNER SA IND E PARTIP,PORTO ALEGRE,92.659.614/0001-06,Emp. Adm. Participações,PRIVADO,RS
CANCELADA,SUL BRASILEIRO COM IMP EXP SA,NOVO HAMBURGO,92.659.945/0001-38,Emp. Adm. Participações,PRIVADO,RS
CANCELADA,ARCON SA IND ELETROMETALURGICA,PORTO ALEGRE,92.660.158/0001-06,Metalurgia e Siderurgia,PRIVADO,RS
ATIVO,TREVISA  INVESTIMENTOS SA,PORTO ALEGRE,92.660.570/0001-26,Emp. Adm. Part. - Sem Setor Principal,PRIVADO,RS
CANCELADA,YARA BRASIL FERTILIZANTES,PORTO ALEGRE,92.660.604/0001-82,Petroquímicos e Borracha,ESTRANGEIRO,RS
CANCELADA,TITAN COMERCIO E INDUSTRIA SA,PORTO ALEGRE,92.663.004/0001-78,Metalurgia e Siderurgia,PRIVADO,RS
CANCELADA,Sul América Santa Cruz Participações S.A.,RIO DE JANEIRO,92.664.937/0001-80,Seguradoras e Corretoras,PRIVADO,RJ
ATIVO,DIMED SA DISTRIBUIDORA DE MEDICAMENTOS,ELDORADO DO SUL,92.665.611/0001-77,Comércio (Atacado e Varejo),PRIVADO,RS
CANCELADA,CORBETTA SA IND COM,MUÇUM,92.670.959/0001-52,Têxtil e Vestuário,PRIVADO,RS
CANCELADA,TECHNOS RELOGIOS SA,RIO DE JANEIRO,92.672.203/0001-42,Comércio (Atacado e Varejo),PRIVADO,RJ
CANCELADA,CIA UNIAO SEGUROS GERAIS,RIO DE JANEIRO,92.682.038/0001-00,Seguradoras e Corretoras,ESTATAL,RJ
CANCELADA,ALFRED SA COMERCIO DO VESTUARIO,CAXIAS DO SUL,92.689.173/0001-87,Têxtil e Vestuário,PRIVADO,RS
CANCELADA,DISTRIB PRODUTOS PETROLEO IPIRANGA S.A.,PORTO ALEGRE,92.689.256/0001-76,Petróleo e Gás,PRIVADO,RS
CANCELADA,CIA VINICOLA RIO GRANDENSE,PORTO ALEGRE,92.690.643/0001-22,Bebidas e Fumo,PRIVADO,RS
CANCELADA,RENNER HERRMANN SA,PORTO ALEGRE,92.690.700/0001-73,Petroquímicos e Borracha,PRIVADO,RS
ATIVO,METALURGICA GERDAU SA,SÃO PAULO,92.690.783/0001-09,Emp. Adm. Part. - Metalurgia e Siderurgia,PRIVADO,SP
CANCELADA,"INDAC - INDÚSTRIA, ADM. E COMÉRCIO S.A.",PORTO ALEGRE,92.690.817/0001-57,Emp. Adm. Part. - Metalurgia e Siderurgia,PRIVADO,RS
CANCELADA,CIA RIOGRANDENSE DE ADUBOS,PORTO ALEGRE,92.691.120/0001-09,Petroquímicos e Borracha,PRIVADO,RS
CANCELADA,BCR BCO CREDITO REAL SA,PORTO ALEGRE,92.691.328/0001-10,Bancos,PRIVADO,RS
CANCELADA,SULINA ALIMENTOS SA,SÃO PAULO,92.692.433/0001-73,Alimentos,PRIVADO,SP
CANCELADA,BANRISUL S.A.  ADMINISTRADORA DE CONSÓRCIOS,PORTO ALEGRE,92.692.979/0001-24,Bancos,ESTATAL,RS
ATIVO,PANATLANTICA SA,GRAVATAÍ,92.693.019/0001-89,Metalurgia e Siderurgia,PRIVADO,RS
CANCELADA,EICOM ENG IND E COMERCIO SA,CACHOEIRINHA,92.696.038/0001-69,Metalurgia e Siderurgia,PRIVADO,RS
CANCELADA,MADEF SA INDUSTRIA E COMERCIO,CANOAS,92.696.418/0001-01,"Máquinas, Equipamentos, Veículos e Peças",PRIVADO,RS
ATIVO,BANCO DO ESTADO DO RIO GRANDE DO SUL SA,PORTO ALEGRE,92.702.067/0001-96,Bancos,ESTATAL,RS
ATIVO,CPFL TRANSMISSÃO S.A.,PORTO ALEGRE,92.715.812/0001-31,Energia Elétrica,ESTATAL,RS
CANCELADA,BANRISUL ARMAZENS GERAIS SA,CANOAS,92.721.232/0001-57,Serviços Transporte e Logística,PRIVADO,RS
CANCELADA,INDL E COML BRAS SA INCOBRASA,PORTO ALEGRE,92.721.315/0001-46,Alimentos,PRIVADO,RS
CANCELADA,BANCO ITABANCO S/A,BARUERI,92.723.550/0001-57,Bancos,PRIVADO,SP
CANCELADA,LIVRARIA DO GLOBO SA,PORTO ALEGRE,92.724.053/0001-73,Comércio (Atacado e Varejo),PRIVADO,RS
CANCELADA,ERNESTO NEUGEBAUER SA IND REU,PORTALEGRE,92.749.167/0001-78,Alimentos,PRIVADO,RS
CANCELADA,ZIVI SA CUTELARIA,PORTO ALEGRE,92.749.217/0001-17,Metalurgia e Siderurgia,PRIVADO,RS
ATIVO,HERCULES S/A - FABRICA DE TALHERES,SÃO PAULO,92.749.225/0001-63,Metalurgia e Siderurgia,PRIVADO,SP
CANCELADA,PANAMBRA SUL RG SA REV VEICS,PORTO ALEGRE,92.749.647/0001-39,"Máquinas, Equipamentos, Veículos e Peças",PRIVADO,RS
CANCELADA,INDL ARTE TECNICA S.A.,PORTO ALEGRE,92.750.132/0001-59,Metalurgia e Siderurgia,PRIVADO,RS
CANCELADA,RIZZO SA IND ALIM,CAXIAS DO SUL,92.750.793/0001-84,Alimentos,PRIVADO,RS
CANCELADA,CIA IOCHPE,SÃO PAULO,92.753.367/0001-02,Emp. Adm. Participações,PRIVADO HOLDING,SP
CANCELADA,MAISONNAVE SA CFI,PORTO ALEGRE,92.753.805/0001-24,Bancos,PRIVADO,RS
CANCELADA,J H SANTOS SA COM E INDUSTRIA,PORTO ALEGRE,92.754.191/0001-03,Comércio (Atacado e Varejo),PRIVADO,RS
ATIVO,LOJAS RENNER SA,PORTO ALEGRE,92.754.738/0001-62,Comércio (Atacado e Varejo),PRIVADO,RS
CANCELADA,DANA-ALBARUS S.A. INDÚSTRIA E COMÉRCIO,GRAVATAÍ,92.758.085/0001-90,"Máquinas, Equipamentos, Veículos e Peças",PRIVADO,RS
CANCELADA,ELIZIARIO SA CORROC E ONIBUS,CAXIAS DO SUL,92.760.891/0001-00,"Máquinas, Equipamentos, Veículos e Peças",PRIVADO,RS
CANCELADA,VACCHI SA IND COM,SAPUCAIA DO SUL,92.761.618/0001-92,Têxtil e Vestuário,PRIVADO,RS
CANCELADA,AÇOS FINOS PIRATINI S/A,PORTALEGRE,92.767.409/0001-56,Metalurgia e Siderurgia,PRIVADO,RS
CANCELADA,S.A. (VIAÇÃO AÉREA RIO-GRANDENSE) - FALIDA,PORTO ALEGRE,92.772.821/0001-64,Serviços Transporte e Logística,PRIVADO,RS
CANCELADA,ELEVA ALIMENTOS S/A,PORTO ALEGRE,92.776.665/0001-00,Alimentos,PRIVADO,RS
CANCELADA,CIA INDL RIO GUAHYBA,PORTO ALEGRE,92.779.438/0001-38,Têxtil e Vestuário,PRIVADO,RS
CANCELADA,FLAMEX SA IND COM EXP IMP,PORTO ALEGRE,92.779.461/0001-22,Comércio (Atacado e Varejo),PRIVADO,RS
CANCELADA,SIDERURGICA RIOGRANDENSE SA,PORTO ALEGRE,92.780.311/0001-39,Metalurgia e Siderurgia,PRIVADO,RS
CANCELADA,TERMOLAR SA,PORTO ALEGRE,92.780.634/0001-22,Outras Atividades Industriais,PRIVADO,RS
ATIVO,TAURUS ARMAS S.A.,SÃO LEOPOLDO,92.781.335/0001-02,"Máquinas, Equipamentos, Veículos e Peças",PRIVADO,RS
CANCELADA,IMCOSUL SA,PORTO ALEGRE,92.783.646/0001-00,Comércio (Atacado e Varejo),PRIVADO,RS
ATIVO,IRANI PAPEL E EMBALAGEM S.A.,PORTO ALEGRE,92.791.243/0001-03,Embalagens,PRIVADO,RS
CANCELADA,CIA RIOGRANDENSE TELECOMUNICAÇÕES,PORTO ALEGRE,92.794.486/0001-03,Telecomunicações,PRIVADO,RS
CANCELADA,CASA MASSON SA COM E INDUSTRIA,PORTO ALEGRE,92.795.673/0001-01,Comércio (Atacado e Varejo),PRIVADO,RS
ATIVO,CIA RIOGRANDENSE DE SANEAMENTO,PORTO ALEGRE,92.802.784/0001-90,"Saneamento, Serv. Água e Gás",ESTATAL,RS
CANCELADA,DHB IND E COMERCIO SA,PORTO ALEGRE,92.825.900/0001-96,"Emp. Adm. Part. - Máqs., Equip., Veíc. e Peças",PRIVADO,RS
CANCELADA,ALTUS SISTEMA DE AUTOMAÇÃO S.A.,SÃO LEOPOLDO,92.859.974/0001-43,"Máquinas, Equipamentos, Veículos e Peças",PRIVADO,RS
CANCELADA,MAISONNAVE DTVM SA,PORTO ALEGRE,92.893.999/0001-63,Seguradoras e Corretoras,PRIVADO,RS
CANCELADA,SPRINGER SA,COTIA,92.929.520/0001-00,"Máquinas, Equipamentos, Veículos e Peças",PRIVADO,SP
CANCELADA,BANRISUL SOLUÇÕES EM PAGAMENTOS S.A. - INSTITUIÇÃO DE PAGAMENTO,CANOAS,92.934.215/0001-06,Bancos,ESTATAL,RS
CANCELADA,SDV ADM-DE SHOPPING CENTERS SA,PORTO ALEGRE,93.167.658/0001-73,Comércio (Atacado e Varejo),PRIVADO,RS
CANCELADA,SONAE DISTRIBUIÇÃO BRASIL SA,PORTO ALEGRE,93.209.765/0001-17,Comércio (Atacado e Varejo),PRIVADO,RS
ATIVO,CEMEPE INVESTIMENTOS SA,RIO DE JANEIRO,93.828.986/0001-73,Emp. Adm. Part. - Sem Setor Principal,PRIVADO HOLDING,RJ
CANCELADA,RASIP AGRO PASTORIL SA,VACARIA,94.789.468/0001-50,"Agricultura (Açúcar, Álcool e Cana)",PRIVADO,RS
ATIVO,TRÊS TENTOS AGROINDUSTRIAL S.A.,SANTA BÁRBARA DO SUL,94.813.102/0001-70,"Agricultura (Açúcar, Álcool e Cana)",PRIVADO,RS
CANCELADA,REFINARIA PET IPIRANGA SA,RIO GRANDE,94.845.674/0001-30,Petróleo e Gás,PRIVADO,RS
CANCELADA,FERTISUL SA,RIO GRANDE,94.845.930/0001-90,Petroquímicos e Borracha,PRIVADO,RS
CANCELADA,IND BEBS ANTARCTICA POLAR SA,PORTO ALEGRE,95.424.479/0001-08,Bebidas e Fumo,PRIVADO,RS
ATIVO,EXCELSIOR ALIMENTOS SA.,SANTA CRUZ DO SUL,95.426.862/0001-97,Alimentos,PRIVADO,RS
CANCELADA,IND DE MAQS AGRICOLAS IDEAL SA,SANTA ROSA,95.814.083/0001-69,"Máquinas, Equipamentos, Veículos e Peças",PRIVADO,RS
ATIVO,PACAEMBU CONSTRUTORA S.A.,BAURU,96.298.013/0001-68,"Construção Civil, Mat. Constr. e Decoração",PRIVADO,SP
ATIVO,LOJAS QUERO QUERO S.A.,CACHOEIRINHA,96.418.264/0218-02,Comércio (Atacado e Varejo),PRIVADO,RS
CANCELADA,BORBONITE SA IND DE BORRACHAS,SÃO LEOPOLDO,96.734.884/0001-87,Petroquímicos e Borracha,PRIVADO,RS
CANCELADA,CZARINA SA,NOVO HAMBURGO,96.735.006/0001-86,Têxtil e Vestuário,PRIVADO,RS
CANCELADA,AMADEO ROSSI SA MET MUNICOES,SÃO LEOPOLDO,96.735.105/0001-68,Metalurgia e Siderurgia,PRIVADO,RS
CANCELADA,QUIMISINOS SA,FRANCA,96.736.806/0001-11,Petroquímicos e Borracha,PRIVADO,SP
CANCELADA,BAHEMA EQUIPAMENTOS SA,SALVADOR,96.832.365/0001-51,"Máquinas, Equipamentos, Veículos e Peças",PRIVADO,BA
ATIVO,CONSERVAS ODERICH SA,SÃO SEBASTIÃO DO CAÍ,97.191.902/0001-94,Alimentos,PRIVADO,RS
CANCELADA,IVEN SA,SÃO PAULO,97.395.172/0001-43,Emp. Adm. Part. - Energia Elétrica,PRIVADO,SP
CANCELADA,COMPAQ FINANCIAL SERVICES ARREND MERC SA,RIO DE JANEIRO,97.406.706/0001-90,Arrendamento Mercantil,ESTRANGEIRO,RJ
CANCELADA,BOMPREÇO BAHIA SA,SALVADOR,97.422.620/0001-50,Emp. Adm. Part. - Comércio (Atacado e Varejo),PRIVADO,BA
CANCELADA,MCOM SA TELECOMUNICACOES,RIO DE JANEIRO,97.422.638/0001-52,Emp. Adm. Participações,PRIVADO HOLDING,RJ
ATIVO,DEXCO S.A.,SÃO PAULO,97.837.181/0001-47,"Construção Civil, Mat. Constr. e Decoração",PRIVADO,SP
CANCELADA,CALÇADOS AZALÉIA SA,PAROBÉ,98.408.073/0001-11,Têxtil e Vestuário,PRIVADO,RS
